"Area","Year","Month","TM"
"AT",1850,"01",-7.8
"AT",1850,"02",-0.8
"AT",1850,"03",-1.9
"AT",1850,"04",5.3
"AT",1850,"05",8.8
"AT",1850,"06",12.7
"AT",1850,"07",13.2
"AT",1850,"08",14.4
"AT",1850,"09",9.1
"AT",1850,"10",3.7
"AT",1850,"11",1.3
"AT",1850,"12",-2.1
"AT",1851,"01",-3.3
"AT",1851,"02",-3.3
"AT",1851,"03",-0.4
"AT",1851,"04",5.7
"AT",1851,"05",5.5
"AT",1851,"06",12.2
"AT",1851,"07",12.8
"AT",1851,"08",13.2
"AT",1851,"09",7.6
"AT",1851,"10",7.9
"AT",1851,"11",-4.1
"AT",1851,"12",-5.1
"AT",1852,"01",-2.9
"AT",1852,"02",-2.4
"AT",1852,"03",-3
"AT",1852,"04",2.3
"AT",1852,"05",9.5
"AT",1852,"06",13.3
"AT",1852,"07",15.1
"AT",1852,"08",14.1
"AT",1852,"09",10.5
"AT",1852,"10",4.9
"AT",1852,"11",4.7
"AT",1852,"12",0.2
"AT",1853,"01",-2.3
"AT",1853,"02",-4.8
"AT",1853,"03",-3.2
"AT",1853,"04",2
"AT",1853,"05",9.2
"AT",1853,"06",12.6
"AT",1853,"07",15.6
"AT",1853,"08",14.7
"AT",1853,"09",10.8
"AT",1853,"10",6.6
"AT",1853,"11",-0.1
"AT",1853,"12",-6.9
"AT",1854,"01",-4.5
"AT",1854,"02",-5.2
"AT",1854,"03",-0.8
"AT",1854,"04",5.2
"AT",1854,"05",10.1
"AT",1854,"06",12
"AT",1854,"07",14.9
"AT",1854,"08",13.1
"AT",1854,"09",10.5
"AT",1854,"10",7
"AT",1854,"11",-2.4
"AT",1854,"12",-2.1
"AT",1855,"01",-7.4
"AT",1855,"02",-4.3
"AT",1855,"03",-0.1
"AT",1855,"04",3.5
"AT",1855,"05",8.5
"AT",1855,"06",13
"AT",1855,"07",14.6
"AT",1855,"08",15.3
"AT",1855,"09",10.5
"AT",1855,"10",9.5
"AT",1855,"11",-0.2
"AT",1855,"12",-8.8
"AT",1856,"01",-2.6
"AT",1856,"02",-1.1
"AT",1856,"03",-1.2
"AT",1856,"04",6.8
"AT",1856,"05",9
"AT",1856,"06",14.5
"AT",1856,"07",12.7
"AT",1856,"08",15.5
"AT",1856,"09",9.3
"AT",1856,"10",7.4
"AT",1856,"11",-3.9
"AT",1856,"12",-4.7
"AT",1857,"01",-6.5
"AT",1857,"02",-6
"AT",1857,"03",-1.4
"AT",1857,"04",4.2
"AT",1857,"05",9.4
"AT",1857,"06",12.4
"AT",1857,"07",15.9
"AT",1857,"08",15.3
"AT",1857,"09",12.1
"AT",1857,"10",9.2
"AT",1857,"11",0.4
"AT",1857,"12",-2.8
"AT",1858,"01",-8.3
"AT",1858,"02",-8.1
"AT",1858,"03",-1.8
"AT",1858,"04",5.1
"AT",1858,"05",8
"AT",1858,"06",15
"AT",1858,"07",13.8
"AT",1858,"08",12.9
"AT",1858,"09",12.6
"AT",1858,"10",7.9
"AT",1858,"11",-3.2
"AT",1858,"12",-3.3
"AT",1859,"01",-4.6
"AT",1859,"02",-2.2
"AT",1859,"03",1.9
"AT",1859,"04",4.9
"AT",1859,"05",9.5
"AT",1859,"06",13.1
"AT",1859,"07",18.2
"AT",1859,"08",16.7
"AT",1859,"09",10.2
"AT",1859,"10",7.9
"AT",1859,"11",-0.6
"AT",1859,"12",-6.2
"AT",1860,"01",-2.6
"AT",1860,"02",-6.4
"AT",1860,"03",-2.5
"AT",1860,"04",3.6
"AT",1860,"05",9.8
"AT",1860,"06",13
"AT",1860,"07",11.7
"AT",1860,"08",13.4
"AT",1860,"09",11
"AT",1860,"10",5.4
"AT",1860,"11",-1.9
"AT",1860,"12",-3.9
"AT",1861,"01",-7
"AT",1861,"02",-0.5
"AT",1861,"03",0.3
"AT",1861,"04",2.9
"AT",1861,"05",8
"AT",1861,"06",13.6
"AT",1861,"07",14.7
"AT",1861,"08",16.6
"AT",1861,"09",11.5
"AT",1861,"10",7.4
"AT",1861,"11",0.7
"AT",1861,"12",-4.7
"AT",1862,"01",-5.5
"AT",1862,"02",-3.1
"AT",1862,"03",3.3
"AT",1862,"04",7.3
"AT",1862,"05",11.3
"AT",1862,"06",12.5
"AT",1862,"07",15.2
"AT",1862,"08",13.7
"AT",1862,"09",11.8
"AT",1862,"10",8.4
"AT",1862,"11",1.5
"AT",1862,"12",-3.2
"AT",1863,"01",-1
"AT",1863,"02",-1.8
"AT",1863,"03",1.6
"AT",1863,"04",5.2
"AT",1863,"05",10.8
"AT",1863,"06",12.7
"AT",1863,"07",13.8
"AT",1863,"08",15.9
"AT",1863,"09",11.1
"AT",1863,"10",8.2
"AT",1863,"11",1.3
"AT",1863,"12",-1.9
"AT",1864,"01",-8.8
"AT",1864,"02",-3.9
"AT",1864,"03",1.3
"AT",1864,"04",1.9
"AT",1864,"05",7.7
"AT",1864,"06",12.2
"AT",1864,"07",13.1
"AT",1864,"08",12.2
"AT",1864,"09",10.7
"AT",1864,"10",4.3
"AT",1864,"11",-0.4
"AT",1864,"12",-5.2
"AT",1865,"01",-3.8
"AT",1865,"02",-7.3
"AT",1865,"03",-4.1
"AT",1865,"04",7.5
"AT",1865,"05",13
"AT",1865,"06",11.5
"AT",1865,"07",17.1
"AT",1865,"08",14.1
"AT",1865,"09",12.1
"AT",1865,"10",6.7
"AT",1865,"11",2.3
"AT",1865,"12",-3.4
"AT",1866,"01",-1.8
"AT",1866,"02",0.1
"AT",1866,"03",0.9
"AT",1866,"04",6.7
"AT",1866,"05",7.1
"AT",1866,"06",14.5
"AT",1866,"07",13.6
"AT",1866,"08",12.3
"AT",1866,"09",12.4
"AT",1866,"10",4.8
"AT",1866,"11",0.4
"AT",1866,"12",-2.4
"AT",1867,"01",-3.7
"AT",1867,"02",0
"AT",1867,"03",-0.2
"AT",1867,"04",5.1
"AT",1867,"05",9.5
"AT",1867,"06",12.6
"AT",1867,"07",13.4
"AT",1867,"08",15
"AT",1867,"09",12.1
"AT",1867,"10",5.2
"AT",1867,"11",-1.3
"AT",1867,"12",-5.6
"AT",1868,"01",-5.8
"AT",1868,"02",-1.1
"AT",1868,"03",-0.6
"AT",1868,"04",4.2
"AT",1868,"05",13.8
"AT",1868,"06",14.2
"AT",1868,"07",14.7
"AT",1868,"08",15
"AT",1868,"09",13.3
"AT",1868,"10",7.6
"AT",1868,"11",-0.8
"AT",1868,"12",0.6
"AT",1869,"01",-5.8
"AT",1869,"02",1.8
"AT",1869,"03",-1.3
"AT",1869,"04",6.9
"AT",1869,"05",12.1
"AT",1869,"06",10.6
"AT",1869,"07",16.4
"AT",1869,"08",12.9
"AT",1869,"09",12.2
"AT",1869,"10",3.6
"AT",1869,"11",0.2
"AT",1869,"12",-2.7
"AT",1870,"01",-6
"AT",1870,"02",-6.4
"AT",1870,"03",-2.7
"AT",1870,"04",3.5
"AT",1870,"05",11.1
"AT",1870,"06",12.9
"AT",1870,"07",16
"AT",1870,"08",12.6
"AT",1870,"09",9.1
"AT",1870,"10",5.1
"AT",1870,"11",1.5
"AT",1870,"12",-6.2
"AT",1871,"01",-7.3
"AT",1871,"02",-3.5
"AT",1871,"03",0.9
"AT",1871,"04",4.8
"AT",1871,"05",6.9
"AT",1871,"06",10.2
"AT",1871,"07",15.3
"AT",1871,"08",14.3
"AT",1871,"09",12.2
"AT",1871,"10",4
"AT",1871,"11",-1.1
"AT",1871,"12",-9.4
"AT",1872,"01",-4.1
"AT",1872,"02",-2.2
"AT",1872,"03",2
"AT",1872,"04",6.3
"AT",1872,"05",10.7
"AT",1872,"06",12.5
"AT",1872,"07",15.4
"AT",1872,"08",13.2
"AT",1872,"09",12.1
"AT",1872,"10",8.8
"AT",1872,"11",2.3
"AT",1872,"12",-0.2
"AT",1873,"01",-1.8
"AT",1873,"02",-3.5
"AT",1873,"03",3.1
"AT",1873,"04",4.1
"AT",1873,"05",6.9
"AT",1873,"06",12.4
"AT",1873,"07",16.4
"AT",1873,"08",16
"AT",1873,"09",10.2
"AT",1873,"10",8.5
"AT",1873,"11",1.1
"AT",1873,"12",-3
"AT",1874,"01",-3.6
"AT",1874,"02",-3.7
"AT",1874,"03",-0.5
"AT",1874,"04",6.6
"AT",1874,"05",5.8
"AT",1874,"06",13.2
"AT",1874,"07",17
"AT",1874,"08",12.9
"AT",1874,"09",12.8
"AT",1874,"10",7
"AT",1874,"11",-2.6
"AT",1874,"12",-5
"AT",1875,"01",-3.4
"AT",1875,"02",-8
"AT",1875,"03",-3.3
"AT",1875,"04",3.9
"AT",1875,"05",10.8
"AT",1875,"06",14.7
"AT",1875,"07",14.3
"AT",1875,"08",15.3
"AT",1875,"09",10.3
"AT",1875,"10",4.5
"AT",1875,"11",-0.5
"AT",1875,"12",-5.9
"AT",1876,"01",-6
"AT",1876,"02",-3.5
"AT",1876,"03",0.9
"AT",1876,"04",6.2
"AT",1876,"05",6
"AT",1876,"06",13.2
"AT",1876,"07",14.8
"AT",1876,"08",14.6
"AT",1876,"09",9.9
"AT",1876,"10",8.2
"AT",1876,"11",-2
"AT",1876,"12",-0.6
"AT",1877,"01",-1.4
"AT",1877,"02",-1.1
"AT",1877,"03",-0.8
"AT",1877,"04",3.8
"AT",1877,"05",7.1
"AT",1877,"06",15
"AT",1877,"07",14.1
"AT",1877,"08",16
"AT",1877,"09",8.4
"AT",1877,"10",4
"AT",1877,"11",1.4
"AT",1877,"12",-3.9
"AT",1878,"01",-5.7
"AT",1878,"02",-1.6
"AT",1878,"03",-0.7
"AT",1878,"04",5.3
"AT",1878,"05",10.2
"AT",1878,"06",12.6
"AT",1878,"07",13.6
"AT",1878,"08",14.3
"AT",1878,"09",11.6
"AT",1878,"10",7.1
"AT",1878,"11",-0.6
"AT",1878,"12",-5.9
"AT",1879,"01",-5
"AT",1879,"02",-1.8
"AT",1879,"03",-0.5
"AT",1879,"04",4.1
"AT",1879,"05",6.8
"AT",1879,"06",13.6
"AT",1879,"07",12.2
"AT",1879,"08",15.6
"AT",1879,"09",12
"AT",1879,"10",4.8
"AT",1879,"11",-2.5
"AT",1879,"12",-10.4
"AT",1880,"01",-7.2
"AT",1880,"02",-3.7
"AT",1880,"03",1.1
"AT",1880,"04",6.7
"AT",1880,"05",8
"AT",1880,"06",11.9
"AT",1880,"07",15.9
"AT",1880,"08",13
"AT",1880,"09",11.3
"AT",1880,"10",6.7
"AT",1880,"11",1.5
"AT",1880,"12",0.1
"AT",1881,"01",-7.8
"AT",1881,"02",-3.1
"AT",1881,"03",0.5
"AT",1881,"04",3
"AT",1881,"05",8.4
"AT",1881,"06",12.2
"AT",1881,"07",16.3
"AT",1881,"08",14.7
"AT",1881,"09",9.6
"AT",1881,"10",3
"AT",1881,"11",1.4
"AT",1881,"12",-2.1
"AT",1882,"01",-2
"AT",1882,"02",-2
"AT",1882,"03",3.9
"AT",1882,"04",4.7
"AT",1882,"05",10
"AT",1882,"06",11.1
"AT",1882,"07",14.2
"AT",1882,"08",12.2
"AT",1882,"09",10.5
"AT",1882,"10",7
"AT",1882,"11",0.5
"AT",1882,"12",-2.1
"AT",1883,"01",-4.1
"AT",1883,"02",-1.7
"AT",1883,"03",-3.6
"AT",1883,"04",3.1
"AT",1883,"05",9.4
"AT",1883,"06",12.6
"AT",1883,"07",13.9
"AT",1883,"08",13.6
"AT",1883,"09",10.5
"AT",1883,"10",5.5
"AT",1883,"11",0.3
"AT",1883,"12",-3.9
"AT",1884,"01",-2.4
"AT",1884,"02",-1.6
"AT",1884,"03",1.6
"AT",1884,"04",4.2
"AT",1884,"05",10.4
"AT",1884,"06",9.4
"AT",1884,"07",15
"AT",1884,"08",13.8
"AT",1884,"09",11
"AT",1884,"10",4.4
"AT",1884,"11",-1.9
"AT",1884,"12",-2.3
"AT",1885,"01",-7
"AT",1885,"02",-1
"AT",1885,"03",0.4
"AT",1885,"04",6.6
"AT",1885,"05",7.5
"AT",1885,"06",14.1
"AT",1885,"07",15.2
"AT",1885,"08",13.1
"AT",1885,"09",11.1
"AT",1885,"10",5.1
"AT",1885,"11",1
"AT",1885,"12",-4.4
"AT",1886,"01",-5.4
"AT",1886,"02",-4.6
"AT",1886,"03",-2.3
"AT",1886,"04",6.3
"AT",1886,"05",9.8
"AT",1886,"06",11.2
"AT",1886,"07",14.8
"AT",1886,"08",14.2
"AT",1886,"09",12.8
"AT",1886,"10",7.4
"AT",1886,"11",1.5
"AT",1886,"12",-2.5
"AT",1887,"01",-6.4
"AT",1887,"02",-5.3
"AT",1887,"03",-1.3
"AT",1887,"04",4.9
"AT",1887,"05",7.4
"AT",1887,"06",12.9
"AT",1887,"07",16.7
"AT",1887,"08",13.8
"AT",1887,"09",11.2
"AT",1887,"10",2.6
"AT",1887,"11",0.6
"AT",1887,"12",-4.9
"AT",1888,"01",-6.4
"AT",1888,"02",-4.9
"AT",1888,"03",-0.9
"AT",1888,"04",3.5
"AT",1888,"05",10
"AT",1888,"06",13.3
"AT",1888,"07",12.4
"AT",1888,"08",13.1
"AT",1888,"09",10.8
"AT",1888,"10",3.6
"AT",1888,"11",-0.3
"AT",1888,"12",-2.3
"AT",1889,"01",-5.7
"AT",1889,"02",-5.5
"AT",1889,"03",-2.6
"AT",1889,"04",3.8
"AT",1889,"05",12.1
"AT",1889,"06",14.7
"AT",1889,"07",14
"AT",1889,"08",13
"AT",1889,"09",8.4
"AT",1889,"10",6.6
"AT",1889,"11",0.2
"AT",1889,"12",-6
"AT",1890,"01",-1.8
"AT",1890,"02",-5.8
"AT",1890,"03",0.9
"AT",1890,"04",4.2
"AT",1890,"05",10.6
"AT",1890,"06",11.2
"AT",1890,"07",13.7
"AT",1890,"08",15.1
"AT",1890,"09",9.7
"AT",1890,"10",4.2
"AT",1890,"11",-0.4
"AT",1890,"12",-7.7
"AT",1891,"01",-9.2
"AT",1891,"02",-5.2
"AT",1891,"03",0.3
"AT",1891,"04",2.3
"AT",1891,"05",10.7
"AT",1891,"06",12.6
"AT",1891,"07",13.7
"AT",1891,"08",12.8
"AT",1891,"09",11.3
"AT",1891,"10",7.7
"AT",1891,"11",-0.5
"AT",1891,"12",-2.3
"AT",1892,"01",-4.7
"AT",1892,"02",-2.2
"AT",1892,"03",-1.9
"AT",1892,"04",5.1
"AT",1892,"05",9.3
"AT",1892,"06",12.7
"AT",1892,"07",13.6
"AT",1892,"08",15.8
"AT",1892,"09",11.9
"AT",1892,"10",5.4
"AT",1892,"11",-0.1
"AT",1892,"12",-5.4
"AT",1893,"01",-10.1
"AT",1893,"02",-2.2
"AT",1893,"03",1
"AT",1893,"04",5.9
"AT",1893,"05",8.6
"AT",1893,"06",12.2
"AT",1893,"07",14.6
"AT",1893,"08",14.5
"AT",1893,"09",10.7
"AT",1893,"10",7.4
"AT",1893,"11",-0.7
"AT",1893,"12",-3.7
"AT",1894,"01",-6.1
"AT",1894,"02",-2.2
"AT",1894,"03",1.3
"AT",1894,"04",7.4
"AT",1894,"05",9.4
"AT",1894,"06",11.4
"AT",1894,"07",15.4
"AT",1894,"08",13.5
"AT",1894,"09",9.3
"AT",1894,"10",5.9
"AT",1894,"11",1.3
"AT",1894,"12",-4.8
"AT",1895,"01",-6.7
"AT",1895,"02",-8.9
"AT",1895,"03",-1.4
"AT",1895,"04",5
"AT",1895,"05",8.5
"AT",1895,"06",12.7
"AT",1895,"07",15.6
"AT",1895,"08",13.6
"AT",1895,"09",12.8
"AT",1895,"10",5.3
"AT",1895,"11",2.3
"AT",1895,"12",-3.1
"AT",1896,"01",-6.1
"AT",1896,"02",-3.8
"AT",1896,"03",2
"AT",1896,"04",2.3
"AT",1896,"05",7.4
"AT",1896,"06",12.7
"AT",1896,"07",14.7
"AT",1896,"08",11.6
"AT",1896,"09",10.3
"AT",1896,"10",6.9
"AT",1896,"11",-0.6
"AT",1896,"12",-3
"AT",1897,"01",-4.3
"AT",1897,"02",-0.7
"AT",1897,"03",2.8
"AT",1897,"04",4.8
"AT",1897,"05",7.1
"AT",1897,"06",13.5
"AT",1897,"07",14.5
"AT",1897,"08",14.1
"AT",1897,"09",10.8
"AT",1897,"10",4.6
"AT",1897,"11",0
"AT",1897,"12",-3.6
"AT",1898,"01",-1.3
"AT",1898,"02",-2.8
"AT",1898,"03",0.8
"AT",1898,"04",5.7
"AT",1898,"05",9.5
"AT",1898,"06",11.6
"AT",1898,"07",12.9
"AT",1898,"08",15.2
"AT",1898,"09",11.6
"AT",1898,"10",7.4
"AT",1898,"11",3.3
"AT",1898,"12",-1.9
"AT",1899,"01",-1.4
"AT",1899,"02",-1.5
"AT",1899,"03",0.4
"AT",1899,"04",4.8
"AT",1899,"05",8.4
"AT",1899,"06",11.8
"AT",1899,"07",14.2
"AT",1899,"08",14
"AT",1899,"09",10
"AT",1899,"10",5.7
"AT",1899,"11",2.4
"AT",1899,"12",-6.7
"AT",1900,"01",-2.7
"AT",1900,"02",-0.2
"AT",1900,"03",-2.5
"AT",1900,"04",3.2
"AT",1900,"05",8.2
"AT",1900,"06",13.1
"AT",1900,"07",15.8
"AT",1900,"08",13.5
"AT",1900,"09",12.4
"AT",1900,"10",6.6
"AT",1900,"11",2.8
"AT",1900,"12",-1.3
"AT",1901,"01",-6.8
"AT",1901,"02",-7.6
"AT",1901,"03",-0.4
"AT",1901,"04",5
"AT",1901,"05",9.4
"AT",1901,"06",13.5
"AT",1901,"07",14.9
"AT",1901,"08",13.7
"AT",1901,"09",10.9
"AT",1901,"10",6.7
"AT",1901,"11",-0.6
"AT",1901,"12",-1.5
"AT",1902,"01",-1.3
"AT",1902,"02",-2.3
"AT",1902,"03",0.4
"AT",1902,"04",5.8
"AT",1902,"05",5.4
"AT",1902,"06",11.3
"AT",1902,"07",14.2
"AT",1902,"08",13.8
"AT",1902,"09",10.5
"AT",1902,"10",5.3
"AT",1902,"11",-1.1
"AT",1902,"12",-4.4
"AT",1903,"01",-5.3
"AT",1903,"02",-0.4
"AT",1903,"03",2.3
"AT",1903,"04",1.9
"AT",1903,"05",9.6
"AT",1903,"06",12
"AT",1903,"07",13.8
"AT",1903,"08",14
"AT",1903,"09",10.8
"AT",1903,"10",6.9
"AT",1903,"11",1.4
"AT",1903,"12",-3.1
"AT",1904,"01",-4.3
"AT",1904,"02",-1.8
"AT",1904,"03",1.2
"AT",1904,"04",5.9
"AT",1904,"05",9.8
"AT",1904,"06",13.3
"AT",1904,"07",16.3
"AT",1904,"08",14.6
"AT",1904,"09",9
"AT",1904,"10",5.8
"AT",1904,"11",-0.1
"AT",1904,"12",-2.2
"AT",1905,"01",-6.5
"AT",1905,"02",-2.9
"AT",1905,"03",1.5
"AT",1905,"04",3.4
"AT",1905,"05",8.8
"AT",1905,"06",13.4
"AT",1905,"07",16.6
"AT",1905,"08",14.5
"AT",1905,"09",12.1
"AT",1905,"10",1.3
"AT",1905,"11",1
"AT",1905,"12",-2.1
"AT",1906,"01",-3.7
"AT",1906,"02",-3.5
"AT",1906,"03",-0.1
"AT",1906,"04",4.9
"AT",1906,"05",9.4
"AT",1906,"06",11.5
"AT",1906,"07",14.4
"AT",1906,"08",14
"AT",1906,"09",9.2
"AT",1906,"10",7
"AT",1906,"11",2.9
"AT",1906,"12",-5.5
"AT",1907,"01",-5
"AT",1907,"02",-5.3
"AT",1907,"03",-1.8
"AT",1907,"04",2.5
"AT",1907,"05",10.8
"AT",1907,"06",13
"AT",1907,"07",12.9
"AT",1907,"08",14.3
"AT",1907,"09",11.3
"AT",1907,"10",9.5
"AT",1907,"11",0.5
"AT",1907,"12",-2.1
"AT",1908,"01",-5.4
"AT",1908,"02",-2.6
"AT",1908,"03",-0.7
"AT",1908,"04",2.6
"AT",1908,"05",11.6
"AT",1908,"06",14.3
"AT",1908,"07",14.1
"AT",1908,"08",12.3
"AT",1908,"09",9.1
"AT",1908,"10",6
"AT",1908,"11",-2
"AT",1908,"12",-3.9
"AT",1909,"01",-6.5
"AT",1909,"02",-6.1
"AT",1909,"03",-1
"AT",1909,"04",5.7
"AT",1909,"05",7.9
"AT",1909,"06",11.5
"AT",1909,"07",12.7
"AT",1909,"08",13.7
"AT",1909,"09",10.6
"AT",1909,"10",7.6
"AT",1909,"11",-0.8
"AT",1909,"12",-1.7
"AT",1910,"01",-3.2
"AT",1910,"02",-1.5
"AT",1910,"03",1.1
"AT",1910,"04",4.1
"AT",1910,"05",8.5
"AT",1910,"06",12.9
"AT",1910,"07",12.6
"AT",1910,"08",13.2
"AT",1910,"09",8.8
"AT",1910,"10",6.8
"AT",1910,"11",-0.6
"AT",1910,"12",0
"AT",1911,"01",-5.7
"AT",1911,"02",-3.4
"AT",1911,"03",1.2
"AT",1911,"04",4.2
"AT",1911,"05",9.1
"AT",1911,"06",11.8
"AT",1911,"07",16
"AT",1911,"08",15.7
"AT",1911,"09",11.9
"AT",1911,"10",6.3
"AT",1911,"11",2.6
"AT",1911,"12",-0.8
"AT",1912,"01",-4.2
"AT",1912,"02",-0.1
"AT",1912,"03",2.8
"AT",1912,"04",3
"AT",1912,"05",9.4
"AT",1912,"06",13
"AT",1912,"07",14.2
"AT",1912,"08",11.8
"AT",1912,"09",5.6
"AT",1912,"10",4
"AT",1912,"11",-2.4
"AT",1912,"12",-1.3
"AT",1913,"01",-4.2
"AT",1913,"02",-3.7
"AT",1913,"03",2.9
"AT",1913,"04",4.9
"AT",1913,"05",8.8
"AT",1913,"06",12
"AT",1913,"07",11.3
"AT",1913,"08",12.2
"AT",1913,"09",10.1
"AT",1913,"10",7.3
"AT",1913,"11",2.8
"AT",1913,"12",-2.1
"AT",1914,"01",-7.6
"AT",1914,"02",-2
"AT",1914,"03",1.5
"AT",1914,"04",6.4
"AT",1914,"05",8.4
"AT",1914,"06",11.3
"AT",1914,"07",13.2
"AT",1914,"08",14.1
"AT",1914,"09",9.6
"AT",1914,"10",5.4
"AT",1914,"11",0.3
"AT",1914,"12",-0.9
"AT",1915,"01",-3.5
"AT",1915,"02",-2.8
"AT",1915,"03",-0.6
"AT",1915,"04",4.5
"AT",1915,"05",10.9
"AT",1915,"06",14.2
"AT",1915,"07",13.7
"AT",1915,"08",12.2
"AT",1915,"09",8.8
"AT",1915,"10",3.6
"AT",1915,"11",-1.8
"AT",1915,"12",0.8
"AT",1916,"01",-0.2
"AT",1916,"02",-2
"AT",1916,"03",3.1
"AT",1916,"04",5.1
"AT",1916,"05",10.2
"AT",1916,"06",10.9
"AT",1916,"07",13.9
"AT",1916,"08",13.4
"AT",1916,"09",8.8
"AT",1916,"10",5.7
"AT",1916,"11",2
"AT",1916,"12",-0.4
"AT",1917,"01",-5.2
"AT",1917,"02",-5.9
"AT",1917,"03",-1.4
"AT",1917,"04",1.7
"AT",1917,"05",11.5
"AT",1917,"06",14.8
"AT",1917,"07",14.9
"AT",1917,"08",14.6
"AT",1917,"09",12.7
"AT",1917,"10",5.1
"AT",1917,"11",0.7
"AT",1917,"12",-5.3
"AT",1918,"01",-3
"AT",1918,"02",-2
"AT",1918,"03",1.4
"AT",1918,"04",6.5
"AT",1918,"05",10.4
"AT",1918,"06",10.1
"AT",1918,"07",13.8
"AT",1918,"08",13.2
"AT",1918,"09",11.6
"AT",1918,"10",5
"AT",1918,"11",-0.1
"AT",1918,"12",-0.6
"AT",1919,"01",-2.2
"AT",1919,"02",-3.7
"AT",1919,"03",0.9
"AT",1919,"04",2.7
"AT",1919,"05",6.6
"AT",1919,"06",11.9
"AT",1919,"07",11.7
"AT",1919,"08",14.4
"AT",1919,"09",12.3
"AT",1919,"10",3.5
"AT",1919,"11",-1.4
"AT",1919,"12",-2.5
"AT",1920,"01",-0.7
"AT",1920,"02",-0.5
"AT",1920,"03",3.3
"AT",1920,"04",6.8
"AT",1920,"05",11.8
"AT",1920,"06",11.4
"AT",1920,"07",14.8
"AT",1920,"08",12.4
"AT",1920,"09",11.1
"AT",1920,"10",5.2
"AT",1920,"11",-0.8
"AT",1920,"12",-2.1
"AT",1921,"01",0.2
"AT",1921,"02",-2.6
"AT",1921,"03",2.6
"AT",1921,"04",3.6
"AT",1921,"05",11.1
"AT",1921,"06",11.7
"AT",1921,"07",16.1
"AT",1921,"08",15.1
"AT",1921,"09",11.3
"AT",1921,"10",8
"AT",1921,"11",-1.7
"AT",1921,"12",-2.9
"AT",1922,"01",-5.4
"AT",1922,"02",-4.3
"AT",1922,"03",2
"AT",1922,"04",3.5
"AT",1922,"05",10.3
"AT",1922,"06",13.3
"AT",1922,"07",14
"AT",1922,"08",14.2
"AT",1922,"09",9.1
"AT",1922,"10",3.9
"AT",1922,"11",-1.2
"AT",1922,"12",-2.4
"AT",1923,"01",-3.1
"AT",1923,"02",-1.9
"AT",1923,"03",1.5
"AT",1923,"04",4.2
"AT",1923,"05",10.4
"AT",1923,"06",9.2
"AT",1923,"07",15.8
"AT",1923,"08",14.6
"AT",1923,"09",10.5
"AT",1923,"10",8.2
"AT",1923,"11",1.7
"AT",1923,"12",-3.9
"AT",1924,"01",-5.5
"AT",1924,"02",-5.3
"AT",1924,"03",-0.4
"AT",1924,"04",4.3
"AT",1924,"05",11
"AT",1924,"06",12.3
"AT",1924,"07",14.2
"AT",1924,"08",11.5
"AT",1924,"09",11.6
"AT",1924,"10",6.3
"AT",1924,"11",0.6
"AT",1924,"12",-2.1
"AT",1925,"01",-2
"AT",1925,"02",-0.1
"AT",1925,"03",-1.4
"AT",1925,"04",5
"AT",1925,"05",10
"AT",1925,"06",12.1
"AT",1925,"07",14.1
"AT",1925,"08",13.4
"AT",1925,"09",8.7
"AT",1925,"10",6.2
"AT",1925,"11",0.1
"AT",1925,"12",-4.4
"AT",1926,"01",-4.1
"AT",1926,"02",1.5
"AT",1926,"03",0.9
"AT",1926,"04",6.4
"AT",1926,"05",8.2
"AT",1926,"06",10.3
"AT",1926,"07",13.5
"AT",1926,"08",13.2
"AT",1926,"09",12.2
"AT",1926,"10",6.7
"AT",1926,"11",5.3
"AT",1926,"12",-2.9
"AT",1927,"01",-2.4
"AT",1927,"02",-3.4
"AT",1927,"03",2.6
"AT",1927,"04",4.8
"AT",1927,"05",9.3
"AT",1927,"06",13.3
"AT",1927,"07",14.9
"AT",1927,"08",14.2
"AT",1927,"09",11.2
"AT",1927,"10",5.7
"AT",1927,"11",1.6
"AT",1927,"12",-4.3
"AT",1928,"01",-2.5
"AT",1928,"02",-1.4
"AT",1928,"03",0.3
"AT",1928,"04",5.5
"AT",1928,"05",6.8
"AT",1928,"06",12.2
"AT",1928,"07",16.9
"AT",1928,"08",15.1
"AT",1928,"09",10.6
"AT",1928,"10",6.4
"AT",1928,"11",2.9
"AT",1928,"12",-4.1
"AT",1929,"01",-8.4
"AT",1929,"02",-11.2
"AT",1929,"03",-0.3
"AT",1929,"04",2.2
"AT",1929,"05",10.2
"AT",1929,"06",12.6
"AT",1929,"07",15.3
"AT",1929,"08",14.7
"AT",1929,"09",12.4
"AT",1929,"10",7.1
"AT",1929,"11",2.2
"AT",1929,"12",-0.8
"AT",1930,"01",-1.8
"AT",1930,"02",-3.6
"AT",1930,"03",2.4
"AT",1930,"04",5.7
"AT",1930,"05",8.7
"AT",1930,"06",15.3
"AT",1930,"07",14.1
"AT",1930,"08",13.5
"AT",1930,"09",11.3
"AT",1930,"10",5.9
"AT",1930,"11",3.1
"AT",1930,"12",-2.7
"AT",1931,"01",-3.7
"AT",1931,"02",-4.1
"AT",1931,"03",-2.1
"AT",1931,"04",3.1
"AT",1931,"05",12.1
"AT",1931,"06",14.5
"AT",1931,"07",14.7
"AT",1931,"08",13
"AT",1931,"09",6.9
"AT",1931,"10",4.9
"AT",1931,"11",1.6
"AT",1931,"12",-3.9
"AT",1932,"01",-2.2
"AT",1932,"02",-6.9
"AT",1932,"03",-2.3
"AT",1932,"04",4.2
"AT",1932,"05",9.7
"AT",1932,"06",11.5
"AT",1932,"07",15
"AT",1932,"08",16.4
"AT",1932,"09",14.4
"AT",1932,"10",6.3
"AT",1932,"11",1.6
"AT",1932,"12",-1.4
"AT",1933,"01",-6.2
"AT",1933,"02",-3.2
"AT",1933,"03",1.3
"AT",1933,"04",3.9
"AT",1933,"05",7.7
"AT",1933,"06",10.3
"AT",1933,"07",14.8
"AT",1933,"08",14.4
"AT",1933,"09",10.9
"AT",1933,"10",6.3
"AT",1933,"11",0.5
"AT",1933,"12",-6.8
"AT",1934,"01",-3.8
"AT",1934,"02",-2.7
"AT",1934,"03",2.3
"AT",1934,"04",7.5
"AT",1934,"05",10.9
"AT",1934,"06",12.5
"AT",1934,"07",15.7
"AT",1934,"08",13.8
"AT",1934,"09",12.5
"AT",1934,"10",6
"AT",1934,"11",1.7
"AT",1934,"12",1.6
"AT",1935,"01",-6.2
"AT",1935,"02",-2.5
"AT",1935,"03",-1.1
"AT",1935,"04",4
"AT",1935,"05",7.8
"AT",1935,"06",14.8
"AT",1935,"07",15
"AT",1935,"08",13.7
"AT",1935,"09",11.1
"AT",1935,"10",7.2
"AT",1935,"11",2
"AT",1935,"12",-3.3
"AT",1936,"01",-0.6
"AT",1936,"02",-2.2
"AT",1936,"03",2.8
"AT",1936,"04",5.1
"AT",1936,"05",9.8
"AT",1936,"06",12.4
"AT",1936,"07",14.7
"AT",1936,"08",13.1
"AT",1936,"09",10.8
"AT",1936,"10",2.7
"AT",1936,"11",0.7
"AT",1936,"12",-2.2
"AT",1937,"01",-4.3
"AT",1937,"02",-1.4
"AT",1937,"03",1.1
"AT",1937,"04",4.3
"AT",1937,"05",11.4
"AT",1937,"06",14.1
"AT",1937,"07",14.7
"AT",1937,"08",13.5
"AT",1937,"09",10.6
"AT",1937,"10",7
"AT",1937,"11",0.6
"AT",1937,"12",-4.1
"AT",1938,"01",-3.9
"AT",1938,"02",-2.8
"AT",1938,"03",3.5
"AT",1938,"04",1.4
"AT",1938,"05",8.1
"AT",1938,"06",14.3
"AT",1938,"07",14.5
"AT",1938,"08",14
"AT",1938,"09",10.6
"AT",1938,"10",7.1
"AT",1938,"11",3.1
"AT",1938,"12",-4.4
"AT",1939,"01",-2.2
"AT",1939,"02",-1
"AT",1939,"03",-2.2
"AT",1939,"04",7.2
"AT",1939,"05",7.5
"AT",1939,"06",13
"AT",1939,"07",14.4
"AT",1939,"08",14.4
"AT",1939,"09",10.3
"AT",1939,"10",4.7
"AT",1939,"11",2.3
"AT",1939,"12",-4.7
"AT",1940,"01",-9.5
"AT",1940,"02",-5.7
"AT",1940,"03",-0.7
"AT",1940,"04",5.1
"AT",1940,"05",8.5
"AT",1940,"06",12.5
"AT",1940,"07",13.4
"AT",1940,"08",12
"AT",1940,"09",10.9
"AT",1940,"10",6.2
"AT",1940,"11",2.4
"AT",1940,"12",-7.6
"AT",1941,"01",-6.2
"AT",1941,"02",-2.6
"AT",1941,"03",1.2
"AT",1941,"04",3.5
"AT",1941,"05",6.7
"AT",1941,"06",13.1
"AT",1941,"07",14.7
"AT",1941,"08",13
"AT",1941,"09",9.5
"AT",1941,"10",5.1
"AT",1941,"11",-1
"AT",1941,"12",-3
"AT",1942,"01",-10.3
"AT",1942,"02",-6.3
"AT",1942,"03",0.7
"AT",1942,"04",4.1
"AT",1942,"05",9.8
"AT",1942,"06",12.7
"AT",1942,"07",14
"AT",1942,"08",14.5
"AT",1942,"09",14
"AT",1942,"10",9
"AT",1942,"11",-0.1
"AT",1942,"12",-1.3
"AT",1943,"01",-5.3
"AT",1943,"02",-0.4
"AT",1943,"03",2.8
"AT",1943,"04",6.1
"AT",1943,"05",9.5
"AT",1943,"06",11.4
"AT",1943,"07",14.6
"AT",1943,"08",16.3
"AT",1943,"09",12.5
"AT",1943,"10",8.2
"AT",1943,"11",-0.2
"AT",1943,"12",-2.1
"AT",1944,"01",-1.2
"AT",1944,"02",-5
"AT",1944,"03",-2.9
"AT",1944,"04",5.7
"AT",1944,"05",8.7
"AT",1944,"06",11.6
"AT",1944,"07",14.2
"AT",1944,"08",16.7
"AT",1944,"09",10.6
"AT",1944,"10",6
"AT",1944,"11",0.1
"AT",1944,"12",-4.4
"AT",1945,"01",-8.6
"AT",1945,"02",-0.5
"AT",1945,"03",2.3
"AT",1945,"04",6
"AT",1945,"05",11.3
"AT",1945,"06",14.3
"AT",1945,"07",16
"AT",1945,"08",14.2
"AT",1945,"09",11.2
"AT",1945,"10",6.1
"AT",1945,"11",0.5
"AT",1945,"12",-2.3
"AT",1946,"01",-5.2
"AT",1946,"02",-1.1
"AT",1946,"03",2.4
"AT",1946,"04",7.9
"AT",1946,"05",11.8
"AT",1946,"06",13.2
"AT",1946,"07",16
"AT",1946,"08",15.1
"AT",1946,"09",12.6
"AT",1946,"10",4.4
"AT",1946,"11",0.6
"AT",1946,"12",-5.5
"AT",1947,"01",-8.4
"AT",1947,"02",-5.5
"AT",1947,"03",1.4
"AT",1947,"04",7.5
"AT",1947,"05",11.5
"AT",1947,"06",14.6
"AT",1947,"07",16.3
"AT",1947,"08",15.5
"AT",1947,"09",14.3
"AT",1947,"10",5.7
"AT",1947,"11",3.1
"AT",1947,"12",-2.4
"AT",1948,"01",-0.3
"AT",1948,"02",-2.8
"AT",1948,"03",3.2
"AT",1948,"04",6.6
"AT",1948,"05",11.4
"AT",1948,"06",12
"AT",1948,"07",12.7
"AT",1948,"08",14.4
"AT",1948,"09",11.8
"AT",1948,"10",7
"AT",1948,"11",1.9
"AT",1948,"12",-3.1
"AT",1949,"01",-1.9
"AT",1949,"02",-1.5
"AT",1949,"03",-1.2
"AT",1949,"04",7.7
"AT",1949,"05",9.7
"AT",1949,"06",11.7
"AT",1949,"07",14.8
"AT",1949,"08",14
"AT",1949,"09",13.2
"AT",1949,"10",8
"AT",1949,"11",1.2
"AT",1949,"12",-0.9
"AT",1950,"01",-4.9
"AT",1950,"02",-0.8
"AT",1950,"03",2.5
"AT",1950,"04",4.8
"AT",1950,"05",11.5
"AT",1950,"06",15.2
"AT",1950,"07",16.8
"AT",1950,"08",15.3
"AT",1950,"09",11.1
"AT",1950,"10",5.4
"AT",1950,"11",1.2
"AT",1950,"12",-3.5
"AT",1951,"01",-2.4
"AT",1951,"02",-1
"AT",1951,"03",-0.1
"AT",1951,"04",4.9
"AT",1951,"05",9.2
"AT",1951,"06",13
"AT",1951,"07",15
"AT",1951,"08",15.5
"AT",1951,"09",12.8
"AT",1951,"10",5.1
"AT",1951,"11",3.7
"AT",1951,"12",-1
"AT",1952,"01",-4.4
"AT",1952,"02",-4
"AT",1952,"03",-0.6
"AT",1952,"04",7.7
"AT",1952,"05",9.2
"AT",1952,"06",13.5
"AT",1952,"07",16.7
"AT",1952,"08",16
"AT",1952,"09",8.5
"AT",1952,"10",5.2
"AT",1952,"11",-0.9
"AT",1952,"12",-3.8
"AT",1953,"01",-4.7
"AT",1953,"02",-3.3
"AT",1953,"03",1.6
"AT",1953,"04",6.4
"AT",1953,"05",9.7
"AT",1953,"06",13
"AT",1953,"07",15.6
"AT",1953,"08",13.8
"AT",1953,"09",12.3
"AT",1953,"10",8.5
"AT",1953,"11",1.2
"AT",1953,"12",-1.2
"AT",1954,"01",-7.4
"AT",1954,"02",-6.5
"AT",1954,"03",1.9
"AT",1954,"04",3.3
"AT",1954,"05",8.5
"AT",1954,"06",13.7
"AT",1954,"07",12.4
"AT",1954,"08",13.7
"AT",1954,"09",12.1
"AT",1954,"10",6.3
"AT",1954,"11",0.6
"AT",1954,"12",-0.3
"AT",1955,"01",-3.5
"AT",1955,"02",-3.5
"AT",1955,"03",-1.5
"AT",1955,"04",3.8
"AT",1955,"05",8.3
"AT",1955,"06",12.2
"AT",1955,"07",14.6
"AT",1955,"08",13.4
"AT",1955,"09",10.9
"AT",1955,"10",5.4
"AT",1955,"11",0.5
"AT",1955,"12",-0.1
"AT",1956,"01",-2.8
"AT",1956,"02",-11.7
"AT",1956,"03",-0.7
"AT",1956,"04",3.8
"AT",1956,"05",9.6
"AT",1956,"06",11
"AT",1956,"07",15
"AT",1956,"08",13.9
"AT",1956,"09",12.5
"AT",1956,"10",5.7
"AT",1956,"11",-1.1
"AT",1956,"12",-2.4
"AT",1957,"01",-4
"AT",1957,"02",0.4
"AT",1957,"03",3.8
"AT",1957,"04",4.9
"AT",1957,"05",6.8
"AT",1957,"06",14.5
"AT",1957,"07",15
"AT",1957,"08",13.1
"AT",1957,"09",10
"AT",1957,"10",6.6
"AT",1957,"11",2.3
"AT",1957,"12",-1.9
"AT",1958,"01",-4
"AT",1958,"02",-0.6
"AT",1958,"03",-3.2
"AT",1958,"04",2.8
"AT",1958,"05",12.9
"AT",1958,"06",12.2
"AT",1958,"07",15.3
"AT",1958,"08",14.8
"AT",1958,"09",11.9
"AT",1958,"10",6.7
"AT",1958,"11",2.3
"AT",1958,"12",-1.4
"AT",1959,"01",-3.6
"AT",1959,"02",-2.1
"AT",1959,"03",3.7
"AT",1959,"04",6.1
"AT",1959,"05",9.6
"AT",1959,"06",12.6
"AT",1959,"07",15.7
"AT",1959,"08",13.8
"AT",1959,"09",10.6
"AT",1959,"10",5.9
"AT",1959,"11",1
"AT",1959,"12",-0.8
"AT",1960,"01",-4.2
"AT",1960,"02",-2.5
"AT",1960,"03",1.6
"AT",1960,"04",5
"AT",1960,"05",9.9
"AT",1960,"06",13.5
"AT",1960,"07",13.2
"AT",1960,"08",14.1
"AT",1960,"09",10
"AT",1960,"10",6.9
"AT",1960,"11",2.8
"AT",1960,"12",-1.7
"AT",1961,"01",-4.9
"AT",1961,"02",0.1
"AT",1961,"03",3.2
"AT",1961,"04",8.5
"AT",1961,"05",8
"AT",1961,"06",14
"AT",1961,"07",13.5
"AT",1961,"08",14.3
"AT",1961,"09",14.1
"AT",1961,"10",7.8
"AT",1961,"11",1.4
"AT",1961,"12",-3.7
"AT",1962,"01",-3
"AT",1962,"02",-3.3
"AT",1962,"03",-2.3
"AT",1962,"04",5.6
"AT",1962,"05",7.8
"AT",1962,"06",11.2
"AT",1962,"07",13.5
"AT",1962,"08",15.7
"AT",1962,"09",10.5
"AT",1962,"10",6.6
"AT",1962,"11",0.3
"AT",1962,"12",-6.6
"AT",1963,"01",-9.1
"AT",1963,"02",-7.5
"AT",1963,"03",-0.6
"AT",1963,"04",6.3
"AT",1963,"05",9.2
"AT",1963,"06",13.6
"AT",1963,"07",15.8
"AT",1963,"08",14.4
"AT",1963,"09",12.3
"AT",1963,"10",6.3
"AT",1963,"11",4.5
"AT",1963,"12",-5.8
"AT",1964,"01",-6.5
"AT",1964,"02",-2.2
"AT",1964,"03",-1
"AT",1964,"04",6.4
"AT",1964,"05",10.5
"AT",1964,"06",14.7
"AT",1964,"07",15.4
"AT",1964,"08",13.5
"AT",1964,"09",11.3
"AT",1964,"10",4.9
"AT",1964,"11",2.7
"AT",1964,"12",-3.1
"AT",1965,"01",-2.8
"AT",1965,"02",-6.5
"AT",1965,"03",0.1
"AT",1965,"04",3.9
"AT",1965,"05",8
"AT",1965,"06",13.1
"AT",1965,"07",13.7
"AT",1965,"08",12.8
"AT",1965,"09",10.5
"AT",1965,"10",6.3
"AT",1965,"11",-0.2
"AT",1965,"12",-1.6
"AT",1966,"01",-6.3
"AT",1966,"02",2.4
"AT",1966,"03",0.1
"AT",1966,"04",7.1
"AT",1966,"05",9.8
"AT",1966,"06",13.8
"AT",1966,"07",13.5
"AT",1966,"08",13.1
"AT",1966,"09",12.1
"AT",1966,"10",9.5
"AT",1966,"11",-0.5
"AT",1966,"12",-2.4
"AT",1967,"01",-3.8
"AT",1967,"02",-1.4
"AT",1967,"03",2.2
"AT",1967,"04",4.2
"AT",1967,"05",10
"AT",1967,"06",12.5
"AT",1967,"07",16.4
"AT",1967,"08",14.5
"AT",1967,"09",11.7
"AT",1967,"10",8.6
"AT",1967,"11",2.1
"AT",1967,"12",-3.4
"AT",1968,"01",-5.3
"AT",1968,"02",-1.2
"AT",1968,"03",1.5
"AT",1968,"04",6.9
"AT",1968,"05",9.8
"AT",1968,"06",13.3
"AT",1968,"07",14.1
"AT",1968,"08",13.2
"AT",1968,"09",10.7
"AT",1968,"10",7.7
"AT",1968,"11",2.1
"AT",1968,"12",-5.1
"AT",1969,"01",-3.5
"AT",1969,"02",-4.4
"AT",1969,"03",-0.3
"AT",1969,"04",4.8
"AT",1969,"05",11.9
"AT",1969,"06",11.7
"AT",1969,"07",15.4
"AT",1969,"08",13.1
"AT",1969,"09",12.1
"AT",1969,"10",7.8
"AT",1969,"11",2.2
"AT",1969,"12",-6.6
"AT",1970,"01",-3.7
"AT",1970,"02",-3.5
"AT",1970,"03",-1.3
"AT",1970,"04",3.3
"AT",1970,"05",7.6
"AT",1970,"06",14.1
"AT",1970,"07",14.3
"AT",1970,"08",14.4
"AT",1970,"09",11.5
"AT",1970,"10",5.9
"AT",1970,"11",3.4
"AT",1970,"12",-3.1
"AT",1971,"01",-4.3
"AT",1971,"02",-2.3
"AT",1971,"03",-2.3
"AT",1971,"04",6.6
"AT",1971,"05",11
"AT",1971,"06",11.7
"AT",1971,"07",15.5
"AT",1971,"08",16.2
"AT",1971,"09",9.4
"AT",1971,"10",6.2
"AT",1971,"11",0.8
"AT",1971,"12",-0.1
"AT",1972,"01",-4.3
"AT",1972,"02",-0.3
"AT",1972,"03",3.2
"AT",1972,"04",4.8
"AT",1972,"05",9.1
"AT",1972,"06",13
"AT",1972,"07",14.7
"AT",1972,"08",14.1
"AT",1972,"09",8.1
"AT",1972,"10",4.2
"AT",1972,"11",1.3
"AT",1972,"12",-2.4
"AT",1973,"01",-3.1
"AT",1973,"02",-2.9
"AT",1973,"03",0.1
"AT",1973,"04",2.7
"AT",1973,"05",10.7
"AT",1973,"06",13.4
"AT",1973,"07",14.4
"AT",1973,"08",15.7
"AT",1973,"09",12.2
"AT",1973,"10",5.2
"AT",1973,"11",0.4
"AT",1973,"12",-2.9
"AT",1974,"01",-0.6
"AT",1974,"02",0.3
"AT",1974,"03",3.5
"AT",1974,"04",4.7
"AT",1974,"05",8.7
"AT",1974,"06",11.2
"AT",1974,"07",14
"AT",1974,"08",15.9
"AT",1974,"09",11.1
"AT",1974,"10",2
"AT",1974,"11",0.9
"AT",1974,"12",0.2
"AT",1975,"01",0
"AT",1975,"02",-1.8
"AT",1975,"03",1.4
"AT",1975,"04",4.7
"AT",1975,"05",10.7
"AT",1975,"06",11.7
"AT",1975,"07",14.9
"AT",1975,"08",14.6
"AT",1975,"09",13.8
"AT",1975,"10",5.8
"AT",1975,"11",0.1
"AT",1975,"12",-2.3
"AT",1976,"01",-2.1
"AT",1976,"02",-1.8
"AT",1976,"03",-1.1
"AT",1976,"04",5.1
"AT",1976,"05",10.2
"AT",1976,"06",14
"AT",1976,"07",15.8
"AT",1976,"08",12.1
"AT",1976,"09",9.7
"AT",1976,"10",7.9
"AT",1976,"11",1.9
"AT",1976,"12",-4
"AT",1977,"01",-2.9
"AT",1977,"02",0
"AT",1977,"03",4.5
"AT",1977,"04",3.9
"AT",1977,"05",9.8
"AT",1977,"06",13.5
"AT",1977,"07",14.7
"AT",1977,"08",13.6
"AT",1977,"09",9.6
"AT",1977,"10",8.1
"AT",1977,"11",1.7
"AT",1977,"12",-2.1
"AT",1978,"01",-3
"AT",1978,"02",-3.7
"AT",1978,"03",1.9
"AT",1978,"04",4
"AT",1978,"05",8.2
"AT",1978,"06",12.2
"AT",1978,"07",13.3
"AT",1978,"08",13.2
"AT",1978,"09",10.6
"AT",1978,"10",6.5
"AT",1978,"11",0.4
"AT",1978,"12",-2.2
"AT",1979,"01",-6.3
"AT",1979,"02",-2.1
"AT",1979,"03",2.1
"AT",1979,"04",3.4
"AT",1979,"05",9.9
"AT",1979,"06",14.3
"AT",1979,"07",13.3
"AT",1979,"08",13.4
"AT",1979,"09",11.3
"AT",1979,"10",6.5
"AT",1979,"11",0.7
"AT",1979,"12",0.3
"AT",1980,"01",-5.6
"AT",1980,"02",-0.8
"AT",1980,"03",0.9
"AT",1980,"04",2.3
"AT",1980,"05",7.6
"AT",1980,"06",12
"AT",1980,"07",13.2
"AT",1980,"08",15.1
"AT",1980,"09",11.7
"AT",1980,"10",5.7
"AT",1980,"11",-0.1
"AT",1980,"12",-3.5
"AT",1981,"01",-6
"AT",1981,"02",-3.6
"AT",1981,"03",4
"AT",1981,"04",6
"AT",1981,"05",10
"AT",1981,"06",13.7
"AT",1981,"07",13.9
"AT",1981,"08",14.7
"AT",1981,"09",11.8
"AT",1981,"10",6.7
"AT",1981,"11",1
"AT",1981,"12",-3.9
"AT",1982,"01",-4.3
"AT",1982,"02",-3.6
"AT",1982,"03",0.9
"AT",1982,"04",3.4
"AT",1982,"05",10.3
"AT",1982,"06",14.1
"AT",1982,"07",16.1
"AT",1982,"08",14.9
"AT",1982,"09",13.8
"AT",1982,"10",7
"AT",1982,"11",2.6
"AT",1982,"12",-0.8
"AT",1983,"01",0.3
"AT",1983,"02",-5
"AT",1983,"03",2.3
"AT",1983,"04",6.8
"AT",1983,"05",10.2
"AT",1983,"06",13.4
"AT",1983,"07",18.4
"AT",1983,"08",15.2
"AT",1983,"09",11.7
"AT",1983,"10",7.1
"AT",1983,"11",0.2
"AT",1983,"12",-2.4
"AT",1984,"01",-3.1
"AT",1984,"02",-4
"AT",1984,"03",-0.6
"AT",1984,"04",4
"AT",1984,"05",8.3
"AT",1984,"06",12.2
"AT",1984,"07",14
"AT",1984,"08",14.1
"AT",1984,"09",10.2
"AT",1984,"10",7.6
"AT",1984,"11",2.9
"AT",1984,"12",-1.8
"AT",1985,"01",-8.3
"AT",1985,"02",-4.5
"AT",1985,"03",0.1
"AT",1985,"04",5
"AT",1985,"05",10.8
"AT",1985,"06",11.4
"AT",1985,"07",16
"AT",1985,"08",14.8
"AT",1985,"09",12.3
"AT",1985,"10",6.7
"AT",1985,"11",-1.4
"AT",1985,"12",0.4
"AT",1986,"01",-3.6
"AT",1986,"02",-7.6
"AT",1986,"03",0.4
"AT",1986,"04",5.6
"AT",1986,"05",12.4
"AT",1986,"06",12.9
"AT",1986,"07",14.5
"AT",1986,"08",15.1
"AT",1986,"09",11.1
"AT",1986,"10",7.4
"AT",1986,"11",2
"AT",1986,"12",-2.7
"AT",1987,"01",-7
"AT",1987,"02",-2.4
"AT",1987,"03",-3.6
"AT",1987,"04",6.2
"AT",1987,"05",7.8
"AT",1987,"06",12.4
"AT",1987,"07",15.8
"AT",1987,"08",13.9
"AT",1987,"09",14.1
"AT",1987,"10",7.8
"AT",1987,"11",1.9
"AT",1987,"12",-0.5
"AT",1988,"01",-0.3
"AT",1988,"02",-1.5
"AT",1988,"03",-0.4
"AT",1988,"04",6
"AT",1988,"05",11.2
"AT",1988,"06",12.7
"AT",1988,"07",16.2
"AT",1988,"08",15.3
"AT",1988,"09",11.2
"AT",1988,"10",8.3
"AT",1988,"11",-1
"AT",1988,"12",-0.8
"AT",1989,"01",-1.3
"AT",1989,"02",1.1
"AT",1989,"03",4.4
"AT",1989,"04",5.9
"AT",1989,"05",10
"AT",1989,"06",11.7
"AT",1989,"07",15.4
"AT",1989,"08",14.8
"AT",1989,"09",11.4
"AT",1989,"10",7.4
"AT",1989,"11",0.3
"AT",1989,"12",-1
"AT",1990,"01",-2.2
"AT",1990,"02",2.1
"AT",1990,"03",4.5
"AT",1990,"04",4.4
"AT",1990,"05",11.4
"AT",1990,"06",12.9
"AT",1990,"07",15
"AT",1990,"08",15.7
"AT",1990,"09",9.9
"AT",1990,"10",8
"AT",1990,"11",1.6
"AT",1990,"12",-3.5
"AT",1991,"01",-2.4
"AT",1991,"02",-5
"AT",1991,"03",3.8
"AT",1991,"04",4.2
"AT",1991,"05",6.5
"AT",1991,"06",12.7
"AT",1991,"07",16.5
"AT",1991,"08",15.5
"AT",1991,"09",13
"AT",1991,"10",5.6
"AT",1991,"11",1.2
"AT",1991,"12",-3.6
"AT",1992,"01",-1.7
"AT",1992,"02",-0.5
"AT",1992,"03",1.8
"AT",1992,"04",5.3
"AT",1992,"05",11.3
"AT",1992,"06",13.8
"AT",1992,"07",16.6
"AT",1992,"08",18.9
"AT",1992,"09",11.9
"AT",1992,"10",5.3
"AT",1992,"11",3
"AT",1992,"12",-2
"AT",1993,"01",-1.1
"AT",1993,"02",-3
"AT",1993,"03",0.4
"AT",1993,"04",6.7
"AT",1993,"05",12.6
"AT",1993,"06",13.8
"AT",1993,"07",14.2
"AT",1993,"08",15.2
"AT",1993,"09",10.7
"AT",1993,"10",7
"AT",1993,"11",-0.8
"AT",1993,"12",-0.8
"AT",1994,"01",-0.4
"AT",1994,"02",-2
"AT",1994,"03",5.1
"AT",1994,"04",5
"AT",1994,"05",10.7
"AT",1994,"06",14.2
"AT",1994,"07",18.1
"AT",1994,"08",17
"AT",1994,"09",12.5
"AT",1994,"10",5.6
"AT",1994,"11",4.8
"AT",1994,"12",-0.6
"AT",1995,"01",-4.1
"AT",1995,"02",1.3
"AT",1995,"03",0.1
"AT",1995,"04",6.1
"AT",1995,"05",10.4
"AT",1995,"06",12
"AT",1995,"07",17.8
"AT",1995,"08",14.5
"AT",1995,"09",9.9
"AT",1995,"10",9.2
"AT",1995,"11",-0.1
"AT",1995,"12",-2.9
"AT",1996,"01",-3.7
"AT",1996,"02",-5
"AT",1996,"03",-1.6
"AT",1996,"04",5.6
"AT",1996,"05",10.9
"AT",1996,"06",14.6
"AT",1996,"07",14.2
"AT",1996,"08",14.4
"AT",1996,"09",8.3
"AT",1996,"10",6.9
"AT",1996,"11",2.7
"AT",1996,"12",-4.1
"AT",1997,"01",-3.1
"AT",1997,"02",0.4
"AT",1997,"03",2.9
"AT",1997,"04",3.3
"AT",1997,"05",11.1
"AT",1997,"06",13.8
"AT",1997,"07",14.3
"AT",1997,"08",15.6
"AT",1997,"09",12.5
"AT",1997,"10",5.4
"AT",1997,"11",2
"AT",1997,"12",-0.7
"AT",1998,"01",-1.4
"AT",1998,"02",1.8
"AT",1998,"03",1.1
"AT",1998,"04",6.4
"AT",1998,"05",11
"AT",1998,"06",14.8
"AT",1998,"07",15.6
"AT",1998,"08",15.9
"AT",1998,"09",10.7
"AT",1998,"10",6.9
"AT",1998,"11",-1.2
"AT",1998,"12",-3.1
"AT",1999,"01",-2
"AT",1999,"02",-3.5
"AT",1999,"03",2.9
"AT",1999,"04",6.4
"AT",1999,"05",11.8
"AT",1999,"06",13.2
"AT",1999,"07",16
"AT",1999,"08",15.1
"AT",1999,"09",13.7
"AT",1999,"10",7.4
"AT",1999,"11",-0.1
"AT",1999,"12",-2.4
"AT",2000,"01",-4.2
"AT",2000,"02",0.3
"AT",2000,"03",2.4
"AT",2000,"04",8.3
"AT",2000,"05",12.5
"AT",2000,"06",15.5
"AT",2000,"07",13.7
"AT",2000,"08",16.7
"AT",2000,"09",11.7
"AT",2000,"10",8.7
"AT",2000,"11",3.5
"AT",2000,"12",0
"AT",2001,"01",-2.4
"AT",2001,"02",-0.6
"AT",2001,"03",3.8
"AT",2001,"04",4.6
"AT",2001,"05",12.7
"AT",2001,"06",12.6
"AT",2001,"07",16.1
"AT",2001,"08",16.9
"AT",2001,"09",9.1
"AT",2001,"10",10.2
"AT",2001,"11",0.5
"AT",2001,"12",-5
"AT",2002,"01",-2.4
"AT",2002,"02",1.9
"AT",2002,"03",3.6
"AT",2002,"04",5.5
"AT",2002,"05",12.3
"AT",2002,"06",16.2
"AT",2002,"07",16.3
"AT",2002,"08",15.6
"AT",2002,"09",10.2
"AT",2002,"10",6.5
"AT",2002,"11",4
"AT",2002,"12",-1.5
"AT",2003,"01",-3.8
"AT",2003,"02",-5.1
"AT",2003,"03",2.8
"AT",2003,"04",5.3
"AT",2003,"05",13
"AT",2003,"06",18
"AT",2003,"07",16.8
"AT",2003,"08",19
"AT",2003,"09",11.3
"AT",2003,"10",4.1
"AT",2003,"11",3.5
"AT",2003,"12",-1.5
"AT",2004,"01",-4.2
"AT",2004,"02",-0.9
"AT",2004,"03",0.7
"AT",2004,"04",6.5
"AT",2004,"05",9.1
"AT",2004,"06",13.4
"AT",2004,"07",15.3
"AT",2004,"08",16
"AT",2004,"09",11.6
"AT",2004,"10",8.6
"AT",2004,"11",1.8
"AT",2004,"12",-1.7
"AT",2005,"01",-3
"AT",2005,"02",-5.1
"AT",2005,"03",0.7
"AT",2005,"04",6.3
"AT",2005,"05",11.3
"AT",2005,"06",14.6
"AT",2005,"07",15.7
"AT",2005,"08",13.7
"AT",2005,"09",12.4
"AT",2005,"10",8
"AT",2005,"11",0.8
"AT",2005,"12",-3.8
"AT",2006,"01",-5.7
"AT",2006,"02",-3.6
"AT",2006,"03",-0.6
"AT",2006,"04",6.5
"AT",2006,"05",10.4
"AT",2006,"06",14.6
"AT",2006,"07",18.8
"AT",2006,"08",12.7
"AT",2006,"09",14
"AT",2006,"10",9.4
"AT",2006,"11",3.7
"AT",2006,"12",0.2
"AT",2007,"01",1.2
"AT",2007,"02",1.4
"AT",2007,"03",3.1
"AT",2007,"04",9.6
"AT",2007,"05",12.2
"AT",2007,"06",15.7
"AT",2007,"07",16.6
"AT",2007,"08",15.4
"AT",2007,"09",9.8
"AT",2007,"10",6.1
"AT",2007,"11",0.3
"AT",2007,"12",-2.4
"AT",2008,"01",-0.3
"AT",2008,"02",0.8
"AT",2008,"03",1.5
"AT",2008,"04",5.7
"AT",2008,"05",11.9
"AT",2008,"06",15.4
"AT",2008,"07",15.7
"AT",2008,"08",15.9
"AT",2008,"09",10.4
"AT",2008,"10",7.7
"AT",2008,"11",2.7
"AT",2008,"12",-1.3
"AT",2009,"01",-4.3
"AT",2009,"02",-2.6
"AT",2009,"03",1.3
"AT",2009,"04",9.2
"AT",2009,"05",12.3
"AT",2009,"06",13.3
"AT",2009,"07",16.4
"AT",2009,"08",17
"AT",2009,"09",13.1
"AT",2009,"10",6.4
"AT",2009,"11",3.8
"AT",2009,"12",-2.5
"AT",2010,"01",-4.8
"AT",2010,"02",-2.7
"AT",2010,"03",1.4
"AT",2010,"04",6.5
"AT",2010,"05",9.9
"AT",2010,"06",14.5
"AT",2010,"07",17.8
"AT",2010,"08",15
"AT",2010,"09",10.4
"AT",2010,"10",5.4
"AT",2010,"11",3.1
"AT",2010,"12",-4.6
"AT",2011,"01",-2.6
"AT",2011,"02",-1.4
"AT",2011,"03",2.8
"AT",2011,"04",8.7
"AT",2011,"05",11.7
"AT",2011,"06",14.5
"AT",2011,"07",14.7
"AT",2011,"08",17
"AT",2011,"09",13.9
"AT",2011,"10",6.7
"AT",2011,"11",2.5
"AT",2011,"12",-0.4
"AT",2012,"01",-2.1
"AT",2012,"02",-6
"AT",2012,"03",4.7
"AT",2012,"04",6.5
"AT",2012,"05",11.9
"AT",2012,"06",15.7
"AT",2012,"07",16.5
"AT",2012,"08",17.1
"AT",2012,"09",12.3
"AT",2012,"10",7.3
"AT",2012,"11",3.6
"AT",2012,"12",-2.5
"AT",2013,"01",-2.2
"AT",2013,"02",-3.5
"AT",2013,"03",-0.1
"AT",2013,"04",7.2
"AT",2013,"05",9.8
"AT",2013,"06",13.8
"AT",2013,"07",17.9
"AT",2013,"08",16.8
"AT",2013,"09",11.5
"AT",2013,"10",8.2
"AT",2013,"11",2.2
"AT",2013,"12",0.1
"AT",2014,"01",-0.2
"AT",2014,"02",0.8
"AT",2014,"03",4.7
"AT",2014,"04",7.9
"AT",2014,"05",10.1
"AT",2014,"06",14.7
"AT",2014,"07",16.2
"AT",2014,"08",14.3
"AT",2014,"09",12.1
"AT",2014,"10",9.2
"AT",2014,"11",5.4
"AT",2014,"12",0
"AT",2015,"01",-0.8
"AT",2015,"02",-1.8
"AT",2015,"03",2.6
"AT",2015,"04",6.5
"AT",2015,"05",11.2
"AT",2015,"06",15.2
"AT",2015,"07",19.1
"AT",2015,"08",18.3
"AT",2015,"09",11.2
"AT",2015,"10",6.8
"AT",2015,"11",4.8
"AT",2015,"12",1.9
"AT",2016,"01",-1.9
"AT",2016,"02",1.6
"AT",2016,"03",2.2
"AT",2016,"04",7
"AT",2016,"05",10.7
"AT",2016,"06",14.9
"AT",2016,"07",17.1
"AT",2016,"08",15.8
"AT",2016,"09",14
"AT",2016,"10",6.4
"AT",2016,"11",2.1
"AT",2016,"12",-0.6
"AT",2017,"01",-6.2
"AT",2017,"02",0.6
"AT",2017,"03",5.1
"AT",2017,"04",5.8
"AT",2017,"05",12.1
"AT",2017,"06",16.9
"AT",2017,"07",16.9
"AT",2017,"08",17.5
"AT",2017,"09",10
"AT",2017,"10",8.4
"AT",2017,"11",1.8
"AT",2017,"12",-1.7
"AT",2018,"01",0.3
"AT",2018,"02",-4.6
"AT",2018,"03",0.4
"AT",2018,"04",10.6
"AT",2018,"05",13.6
"AT",2018,"06",15.8
"AT",2018,"07",17.4
"AT",2018,"08",18.2
"AT",2018,"09",13.5
"AT",2018,"10",9.1
"AT",2018,"11",3.8
"AT",2018,"12",-0.6
"AT",2019,"01",-3.4
"AT",2019,"02",1.1
"AT",2019,"03",3.9
"AT",2019,"04",7.3
"AT",2019,"05",8.2
"AT",2019,"06",18.6
"AT",2019,"07",17.6
"AT",2019,"08",17.4
"AT",2019,"09",12.5
"AT",2019,"10",9.1
"AT",2019,"11",3.5
"AT",2019,"12",0.3
"AT",2020,"01",-0.7
"AT",2020,"02",2.1
"AT",2020,"03",2.6
"AT",2020,"04",8.4
"AT",2020,"05",10.2
"AT",2020,"06",14.1
"AT",2020,"07",16.5
"AT",2020,"08",17.2
"AT",2020,"09",13.1
"AT",2020,"10",7
"AT",2020,"11",3.3
"AT",2020,"12",-0.5
"AT",2021,"01",-3.2
"AT",2021,"02",0.5
"AT",2021,"03",1.6
"AT",2021,"04",4.3
"AT",2021,"05",8.7
"AT",2021,"06",17.1
"AT",2021,"07",17.1
"AT",2021,"08",14.9
"AT",2021,"09",13.2
"AT",2021,"10",6.7
"AT",2021,"11",2.3
"AT",2021,"12",-0.9
"AT",2022,"01",-0.9
"AT",2022,"02",0.8
"AT",2022,"03",2.4
"AT",2022,"04",5.6
"AT",2022,"05",13
"AT",2022,"06",17.2
"AT",2022,"07",18
"AT",2022,"08",17.4
"AT",2022,"09",11
"AT",2022,"10",10.5
"AT",2022,"11",3.5
"AT",2022,"12",-0.6
"AT",2023,"01",-0.4
"AT",2023,"02",0.3
"AT",2023,"03",3.6
"AT",2023,"04",4.8
"AT",2023,"05",10.9
"AT",2023,"06",15.8
"AT",2023,"07",17.9
"AT",2023,"08",16.9
"AT",2023,"09",15.2
"AT",2023,"10",10.7
"AT",2023,"11",2.4
"AT",2023,"12",0.6
"AT",2024,"01",-1.2
"AT",2024,"02",3.9
"AT",2024,"03",5.2
"AT",2024,"04",8
"AT",2024,"05",12.1
"AT",2024,"06",16
"AT",2024,"07",18.6
"AT",2024,"08",19.3
"AT",2024,"09",12.4
"AT",2024,"10",9.3
"AT",2024,"11",2.3
"AT",2024,"12",-0.4
"AT",2025,"01",-0.9
"AT",2025,"02",-0.2
"AT",2025,"03",4
"AT",2025,"04",8.5
"AT",2025,"05",10.3
"AT",2025,"06",18
"AT",2025,"07",16.2
"AT",2025,"08",16.8
"AT",2025,"09",13.3
"AT",2025,"10",6.7
"AT",2025,"11",1.8
"AT",2025,"12",-0.2
"B",1850,"01",-5.8
"B",1850,"02",2.3
"B",1850,"03",1.4
"B",1850,"04",9.7
"B",1850,"05",13.7
"B",1850,"06",17
"B",1850,"07",17.3
"B",1850,"08",18.8
"B",1850,"09",12.3
"B",1850,"10",8.2
"B",1850,"11",4.7
"B",1850,"12",0.5
"B",1851,"01",-1.7
"B",1851,"02",0.1
"B",1851,"03",4
"B",1851,"04",9.6
"B",1851,"05",10
"B",1851,"06",15.7
"B",1851,"07",16.5
"B",1851,"08",16.9
"B",1851,"09",12.2
"B",1851,"10",11.4
"B",1851,"11",1.1
"B",1851,"12",-1.1
"B",1852,"01",-0.1
"B",1852,"02",1.7
"B",1852,"03",0.9
"B",1852,"04",5.7
"B",1852,"05",13.6
"B",1852,"06",17.4
"B",1852,"07",19.2
"B",1852,"08",18.2
"B",1852,"09",14.7
"B",1852,"10",7.7
"B",1852,"11",6.4
"B",1852,"12",2.4
"B",1853,"01",-0.1
"B",1853,"02",-1
"B",1853,"03",0.6
"B",1853,"04",5.8
"B",1853,"05",13.3
"B",1853,"06",17
"B",1853,"07",19.5
"B",1853,"08",18.7
"B",1853,"09",14.2
"B",1853,"10",9.9
"B",1853,"11",2
"B",1853,"12",-5
"B",1854,"01",-2
"B",1854,"02",-0.5
"B",1854,"03",3
"B",1854,"04",8.3
"B",1854,"05",14.7
"B",1854,"06",16.1
"B",1854,"07",18.7
"B",1854,"08",17
"B",1854,"09",13.4
"B",1854,"10",9.4
"B",1854,"11",1.4
"B",1854,"12",1.5
"B",1855,"01",-3.7
"B",1855,"02",-3.5
"B",1855,"03",3.5
"B",1855,"04",7.4
"B",1855,"05",13.2
"B",1855,"06",17.8
"B",1855,"07",18.9
"B",1855,"08",19.1
"B",1855,"09",13.8
"B",1855,"10",12.5
"B",1855,"11",3.7
"B",1855,"12",-6.7
"B",1856,"01",-0.7
"B",1856,"02",1.7
"B",1856,"03",1.1
"B",1856,"04",10.9
"B",1856,"05",14
"B",1856,"06",18.7
"B",1856,"07",16.8
"B",1856,"08",19.8
"B",1856,"09",14
"B",1856,"10",9.8
"B",1856,"11",-0.4
"B",1856,"12",-2.3
"B",1857,"01",-2.4
"B",1857,"02",-3.9
"B",1857,"03",2.3
"B",1857,"04",9.1
"B",1857,"05",13.4
"B",1857,"06",17.2
"B",1857,"07",20.5
"B",1857,"08",20.1
"B",1857,"09",15.6
"B",1857,"10",12.5
"B",1857,"11",2.1
"B",1857,"12",-0.1
"B",1858,"01",-5.5
"B",1858,"02",-7.8
"B",1858,"03",1.4
"B",1858,"04",8.3
"B",1858,"05",12.7
"B",1858,"06",19.2
"B",1858,"07",18.7
"B",1858,"08",17.5
"B",1858,"09",16.5
"B",1858,"10",11.2
"B",1858,"11",-1
"B",1858,"12",-0.4
"B",1859,"01",-2.1
"B",1859,"02",2.5
"B",1859,"03",6.5
"B",1859,"04",9
"B",1859,"05",13.9
"B",1859,"06",17.4
"B",1859,"07",22.3
"B",1859,"08",20.9
"B",1859,"09",14.2
"B",1859,"10",11
"B",1859,"11",2.5
"B",1859,"12",-4.2
"B",1860,"01",-0.6
"B",1860,"02",-1.8
"B",1860,"03",1.6
"B",1860,"04",8.2
"B",1860,"05",14.6
"B",1860,"06",17.8
"B",1860,"07",16.4
"B",1860,"08",18.4
"B",1860,"09",15.3
"B",1860,"10",8.1
"B",1860,"11",1.7
"B",1860,"12",-1.5
"B",1861,"01",-5.1
"B",1861,"02",2.3
"B",1861,"03",4.4
"B",1861,"04",6.6
"B",1861,"05",11.5
"B",1861,"06",18.2
"B",1861,"07",19.3
"B",1861,"08",20.7
"B",1861,"09",16.2
"B",1861,"10",9.8
"B",1861,"11",3.4
"B",1861,"12",-2.7
"B",1862,"01",-3.9
"B",1862,"02",-1.1
"B",1862,"03",6.3
"B",1862,"04",11.7
"B",1862,"05",15.2
"B",1862,"06",16.9
"B",1862,"07",19.3
"B",1862,"08",17.7
"B",1862,"09",15.9
"B",1862,"10",11.2
"B",1862,"11",3.4
"B",1862,"12",-1.5
"B",1863,"01",2.3
"B",1863,"02",1.9
"B",1863,"03",5.9
"B",1863,"04",8.6
"B",1863,"05",15.2
"B",1863,"06",17.3
"B",1863,"07",18.3
"B",1863,"08",20.6
"B",1863,"09",16
"B",1863,"10",11.4
"B",1863,"11",4.3
"B",1863,"12",0.9
"B",1864,"01",-8.1
"B",1864,"02",-1.2
"B",1864,"03",5.1
"B",1864,"04",5.4
"B",1864,"05",11.1
"B",1864,"06",17.1
"B",1864,"07",16.9
"B",1864,"08",16.1
"B",1864,"09",15
"B",1864,"10",8.1
"B",1864,"11",2.6
"B",1864,"12",-3.9
"B",1865,"01",-1.3
"B",1865,"02",-5
"B",1865,"03",-0.6
"B",1865,"04",10.9
"B",1865,"05",17.4
"B",1865,"06",15.4
"B",1865,"07",21.3
"B",1865,"08",18.6
"B",1865,"09",15.4
"B",1865,"10",9.9
"B",1865,"11",5
"B",1865,"12",-1.1
"B",1866,"01",-0.3
"B",1866,"02",2.9
"B",1866,"03",4.7
"B",1866,"04",11.2
"B",1866,"05",11.6
"B",1866,"06",19.2
"B",1866,"07",18.1
"B",1866,"08",16.5
"B",1866,"09",16.6
"B",1866,"10",7
"B",1866,"11",3.9
"B",1866,"12",-1.6
"B",1867,"01",-1.1
"B",1867,"02",3.3
"B",1867,"03",2.6
"B",1867,"04",9.7
"B",1867,"05",13.9
"B",1867,"06",16.9
"B",1867,"07",17.7
"B",1867,"08",18.9
"B",1867,"09",15.9
"B",1867,"10",8.7
"B",1867,"11",1.8
"B",1867,"12",-2.4
"B",1868,"01",-2.4
"B",1868,"02",2.4
"B",1868,"03",3.8
"B",1868,"04",8.6
"B",1868,"05",17.7
"B",1868,"06",18.5
"B",1868,"07",19.1
"B",1868,"08",19.2
"B",1868,"09",17.4
"B",1868,"10",11.5
"B",1868,"11",2.6
"B",1868,"12",2.8
"B",1869,"01",-2.9
"B",1869,"02",4.4
"B",1869,"03",3
"B",1869,"04",11.7
"B",1869,"05",17
"B",1869,"06",15.4
"B",1869,"07",20.4
"B",1869,"08",17.5
"B",1869,"09",15.8
"B",1869,"10",7
"B",1869,"11",3.2
"B",1869,"12",0.6
"B",1870,"01",-2.1
"B",1870,"02",-4.8
"B",1870,"03",1
"B",1870,"04",8
"B",1870,"05",15.3
"B",1870,"06",16.9
"B",1870,"07",19.7
"B",1870,"08",17
"B",1870,"09",12.9
"B",1870,"10",8.5
"B",1870,"11",5.3
"B",1870,"12",-4.6
"B",1871,"01",-4.4
"B",1871,"02",-2.2
"B",1871,"03",3.8
"B",1871,"04",8.8
"B",1871,"05",10.6
"B",1871,"06",14.6
"B",1871,"07",19.2
"B",1871,"08",18.5
"B",1871,"09",14.9
"B",1871,"10",7
"B",1871,"11",2.5
"B",1871,"12",-6.9
"B",1872,"01",-2.1
"B",1872,"02",0.1
"B",1872,"03",5.8
"B",1872,"04",11.1
"B",1872,"05",15.9
"B",1872,"06",16.6
"B",1872,"07",19.1
"B",1872,"08",17.2
"B",1872,"09",15.4
"B",1872,"10",11.8
"B",1872,"11",5.2
"B",1872,"12",2.8
"B",1873,"01",0.3
"B",1873,"02",-0.5
"B",1873,"03",6.3
"B",1873,"04",7.9
"B",1873,"05",11.1
"B",1873,"06",16.5
"B",1873,"07",20.4
"B",1873,"08",20.1
"B",1873,"09",13.3
"B",1873,"10",11.6
"B",1873,"11",4.5
"B",1873,"12",-0.1
"B",1874,"01",-2.1
"B",1874,"02",-0.3
"B",1874,"03",3.1
"B",1874,"04",10.6
"B",1874,"05",10
"B",1874,"06",17.4
"B",1874,"07",21.5
"B",1874,"08",17.3
"B",1874,"09",16.4
"B",1874,"10",9.2
"B",1874,"11",-0.2
"B",1874,"12",-1.8
"B",1875,"01",-1.5
"B",1875,"02",-5.2
"B",1875,"03",-0.7
"B",1875,"04",7.9
"B",1875,"05",14.8
"B",1875,"06",19.6
"B",1875,"07",18.9
"B",1875,"08",19.4
"B",1875,"09",13.4
"B",1875,"10",7.4
"B",1875,"11",2.4
"B",1875,"12",-3.3
"B",1876,"01",-6
"B",1876,"02",-1.4
"B",1876,"03",4.9
"B",1876,"04",11
"B",1876,"05",9.9
"B",1876,"06",17.6
"B",1876,"07",18.8
"B",1876,"08",18.7
"B",1876,"09",13.6
"B",1876,"10",10.1
"B",1876,"11",-0.3
"B",1876,"12",1.4
"B",1877,"01",1
"B",1877,"02",1.7
"B",1877,"03",3
"B",1877,"04",7.5
"B",1877,"05",11.5
"B",1877,"06",18.9
"B",1877,"07",18.7
"B",1877,"08",20.3
"B",1877,"09",11.7
"B",1877,"10",7
"B",1877,"11",4.2
"B",1877,"12",-1.5
"B",1878,"01",-2.7
"B",1878,"02",1.3
"B",1878,"03",4
"B",1878,"04",9.5
"B",1878,"05",13.9
"B",1878,"06",16.8
"B",1878,"07",17.7
"B",1878,"08",18.5
"B",1878,"09",15.7
"B",1878,"10",10.5
"B",1878,"11",3.6
"B",1878,"12",-2.8
"B",1879,"01",-3
"B",1879,"02",1
"B",1879,"03",2.8
"B",1879,"04",8.5
"B",1879,"05",11.8
"B",1879,"06",17.8
"B",1879,"07",16.5
"B",1879,"08",19.2
"B",1879,"09",15.6
"B",1879,"10",8.1
"B",1879,"11",0.4
"B",1879,"12",-7.8
"B",1880,"01",-4
"B",1880,"02",-2.7
"B",1880,"03",3
"B",1880,"04",11.1
"B",1880,"05",12.1
"B",1880,"06",16.7
"B",1880,"07",20.3
"B",1880,"08",17.1
"B",1880,"09",14.9
"B",1880,"10",9.4
"B",1880,"11",4.2
"B",1880,"12",2.8
"B",1881,"01",-5.6
"B",1881,"02",-1.5
"B",1881,"03",3.8
"B",1881,"04",6.3
"B",1881,"05",12.9
"B",1881,"06",16.5
"B",1881,"07",20.3
"B",1881,"08",18.8
"B",1881,"09",13
"B",1881,"10",6.1
"B",1881,"11",2.2
"B",1881,"12",0
"B",1882,"01",-0.5
"B",1882,"02",1
"B",1882,"03",8.6
"B",1882,"04",8.9
"B",1882,"05",14.4
"B",1882,"06",15.5
"B",1882,"07",19.2
"B",1882,"08",16.4
"B",1882,"09",14.8
"B",1882,"10",10.4
"B",1882,"11",4
"B",1882,"12",0.8
"B",1883,"01",-2.9
"B",1883,"02",0.7
"B",1883,"03",-0.2
"B",1883,"04",6.7
"B",1883,"05",14.1
"B",1883,"06",17.4
"B",1883,"07",18.6
"B",1883,"08",18
"B",1883,"09",14.2
"B",1883,"10",9.6
"B",1883,"11",3.1
"B",1883,"12",-0.8
"B",1884,"01",0.3
"B",1884,"02",1
"B",1884,"03",5
"B",1884,"04",7.7
"B",1884,"05",14.5
"B",1884,"06",14.1
"B",1884,"07",19.5
"B",1884,"08",17.7
"B",1884,"09",14.6
"B",1884,"10",8.3
"B",1884,"11",1.2
"B",1884,"12",0.6
"B",1885,"01",-4.3
"B",1885,"02",0.9
"B",1885,"03",4.7
"B",1885,"04",10.9
"B",1885,"05",12
"B",1885,"06",18.2
"B",1885,"07",19.6
"B",1885,"08",16.9
"B",1885,"09",14.7
"B",1885,"10",9.2
"B",1885,"11",3.9
"B",1885,"12",-2.1
"B",1886,"01",-2.4
"B",1886,"02",-2.1
"B",1886,"03",0.3
"B",1886,"04",10.2
"B",1886,"05",13.8
"B",1886,"06",15.7
"B",1886,"07",18.6
"B",1886,"08",18.7
"B",1886,"09",16
"B",1886,"10",10.4
"B",1886,"11",4.4
"B",1886,"12",0.7
"B",1887,"01",-4.1
"B",1887,"02",-2.7
"B",1887,"03",1.9
"B",1887,"04",9
"B",1887,"05",12.3
"B",1887,"06",16.3
"B",1887,"07",21
"B",1887,"08",18.1
"B",1887,"09",15.3
"B",1887,"10",6.6
"B",1887,"11",3.8
"B",1887,"12",-1.8
"B",1888,"01",-4
"B",1888,"02",-3.2
"B",1888,"03",2.9
"B",1888,"04",7.7
"B",1888,"05",14.4
"B",1888,"06",17.3
"B",1888,"07",17.1
"B",1888,"08",17.5
"B",1888,"09",14.3
"B",1888,"10",7.4
"B",1888,"11",0.9
"B",1888,"12",-0.5
"B",1889,"01",-3.5
"B",1889,"02",-1.9
"B",1889,"03",1.3
"B",1889,"04",8.7
"B",1889,"05",16.9
"B",1889,"06",19.3
"B",1889,"07",18.6
"B",1889,"08",17.5
"B",1889,"09",11.9
"B",1889,"10",10.6
"B",1889,"11",2.4
"B",1889,"12",-4.3
"B",1890,"01",-0.1
"B",1890,"02",-2.9
"B",1890,"03",5.4
"B",1890,"04",8.6
"B",1890,"05",15
"B",1890,"06",15.5
"B",1890,"07",18.3
"B",1890,"08",20.4
"B",1890,"09",13.8
"B",1890,"10",8.1
"B",1890,"11",3
"B",1890,"12",-5.8
"B",1891,"01",-7.1
"B",1891,"02",-3.1
"B",1891,"03",3.9
"B",1891,"04",6.7
"B",1891,"05",15.5
"B",1891,"06",16.5
"B",1891,"07",18
"B",1891,"08",17
"B",1891,"09",14.6
"B",1891,"10",11
"B",1891,"11",2.6
"B",1891,"12",0.5
"B",1892,"01",-2.5
"B",1892,"02",0.3
"B",1892,"03",1.1
"B",1892,"04",9.4
"B",1892,"05",13.5
"B",1892,"06",16.8
"B",1892,"07",17.9
"B",1892,"08",20
"B",1892,"09",15.5
"B",1892,"10",8.6
"B",1892,"11",1
"B",1892,"12",-3
"B",1893,"01",-8.1
"B",1893,"02",1
"B",1893,"03",4.9
"B",1893,"04",9.1
"B",1893,"05",13.1
"B",1893,"06",16.5
"B",1893,"07",18.7
"B",1893,"08",18.3
"B",1893,"09",14.4
"B",1893,"10",10.1
"B",1893,"11",2
"B",1893,"12",-0.6
"B",1894,"01",-4.6
"B",1894,"02",1.5
"B",1894,"03",5.3
"B",1894,"04",12
"B",1894,"05",14.1
"B",1894,"06",15.5
"B",1894,"07",19.9
"B",1894,"08",17.6
"B",1894,"09",12.8
"B",1894,"10",9.7
"B",1894,"11",3.6
"B",1894,"12",-1.7
"B",1895,"01",-3.4
"B",1895,"02",-5.7
"B",1895,"03",1.7
"B",1895,"04",8.5
"B",1895,"05",12.9
"B",1895,"06",16.9
"B",1895,"07",19.7
"B",1895,"08",17.5
"B",1895,"09",15.4
"B",1895,"10",8.3
"B",1895,"11",4.5
"B",1895,"12",-0.9
"B",1896,"01",-5.4
"B",1896,"02",-1.3
"B",1896,"03",5.3
"B",1896,"04",6.8
"B",1896,"05",11.9
"B",1896,"06",17.1
"B",1896,"07",19
"B",1896,"08",16
"B",1896,"09",14.4
"B",1896,"10",11
"B",1896,"11",2.4
"B",1896,"12",-0.8
"B",1897,"01",-1.9
"B",1897,"02",1.2
"B",1897,"03",6.7
"B",1897,"04",8.9
"B",1897,"05",12
"B",1897,"06",17.7
"B",1897,"07",18.7
"B",1897,"08",18.3
"B",1897,"09",14.6
"B",1897,"10",7.9
"B",1897,"11",1.3
"B",1897,"12",-1.6
"B",1898,"01",-0.4
"B",1898,"02",1.1
"B",1898,"03",4.9
"B",1898,"04",10.1
"B",1898,"05",13.7
"B",1898,"06",16
"B",1898,"07",17.3
"B",1898,"08",18.9
"B",1898,"09",14.6
"B",1898,"10",10.1
"B",1898,"11",6.1
"B",1898,"12",1.4
"B",1899,"01",1.6
"B",1899,"02",0.5
"B",1899,"03",3.2
"B",1899,"04",9.1
"B",1899,"05",12.8
"B",1899,"06",16
"B",1899,"07",18.7
"B",1899,"08",17.8
"B",1899,"09",14.2
"B",1899,"10",7.7
"B",1899,"11",5.3
"B",1899,"12",-4.8
"B",1900,"01",-0.1
"B",1900,"02",3
"B",1900,"03",1
"B",1900,"04",7.6
"B",1900,"05",12.3
"B",1900,"06",17.1
"B",1900,"07",20
"B",1900,"08",17.7
"B",1900,"09",15.6
"B",1900,"10",9.5
"B",1900,"11",6.2
"B",1900,"12",0.4
"B",1901,"01",-5.5
"B",1901,"02",-4.1
"B",1901,"03",3.1
"B",1901,"04",9.4
"B",1901,"05",14.3
"B",1901,"06",17.8
"B",1901,"07",19.8
"B",1901,"08",18.4
"B",1901,"09",13.5
"B",1901,"10",10.5
"B",1901,"11",2.6
"B",1901,"12",2.2
"B",1902,"01",2.2
"B",1902,"02",-0.3
"B",1902,"03",3.9
"B",1902,"04",8.5
"B",1902,"05",9.9
"B",1902,"06",15.5
"B",1902,"07",17.5
"B",1902,"08",17.6
"B",1902,"09",13.6
"B",1902,"10",8.3
"B",1902,"11",0.1
"B",1902,"12",-3.7
"B",1903,"01",-3.8
"B",1903,"02",2.9
"B",1903,"03",6.2
"B",1903,"04",6.1
"B",1903,"05",13.8
"B",1903,"06",16.2
"B",1903,"07",18.1
"B",1903,"08",17.5
"B",1903,"09",13.8
"B",1903,"10",9.7
"B",1903,"11",4.8
"B",1903,"12",-0.1
"B",1904,"01",-2.7
"B",1904,"02",1.6
"B",1904,"03",4.2
"B",1904,"04",9.6
"B",1904,"05",13.5
"B",1904,"06",17.2
"B",1904,"07",20.5
"B",1904,"08",18.9
"B",1904,"09",13
"B",1904,"10",9.1
"B",1904,"11",2.8
"B",1904,"12",0.7
"B",1905,"01",-4.2
"B",1905,"02",0.4
"B",1905,"03",5.2
"B",1905,"04",7
"B",1905,"05",13.3
"B",1905,"06",17.5
"B",1905,"07",20
"B",1905,"08",18.7
"B",1905,"09",15.5
"B",1905,"10",5
"B",1905,"11",4
"B",1905,"12",0.6
"B",1906,"01",-1.1
"B",1906,"02",0
"B",1906,"03",4.2
"B",1906,"04",9.4
"B",1906,"05",14
"B",1906,"06",15.8
"B",1906,"07",18.3
"B",1906,"08",17.3
"B",1906,"09",13.1
"B",1906,"10",8.9
"B",1906,"11",6.3
"B",1906,"12",-2.2
"B",1907,"01",-2.6
"B",1907,"02",-2
"B",1907,"03",2.3
"B",1907,"04",6.3
"B",1907,"05",15.2
"B",1907,"06",17.2
"B",1907,"07",17
"B",1907,"08",17.8
"B",1907,"09",14.1
"B",1907,"10",13.1
"B",1907,"11",2.3
"B",1907,"12",1
"B",1908,"01",-3.1
"B",1908,"02",1.3
"B",1908,"03",2.9
"B",1908,"04",7.4
"B",1908,"05",16.3
"B",1908,"06",18.8
"B",1908,"07",18.6
"B",1908,"08",16.4
"B",1908,"09",12.5
"B",1908,"10",8.3
"B",1908,"11",-0.5
"B",1908,"12",-2.2
"B",1909,"01",-3.7
"B",1909,"02",-3.2
"B",1909,"03",2.5
"B",1909,"04",9.7
"B",1909,"05",12
"B",1909,"06",16.2
"B",1909,"07",17.3
"B",1909,"08",18.3
"B",1909,"09",14.6
"B",1909,"10",10.9
"B",1909,"11",2.9
"B",1909,"12",1.2
"B",1910,"01",-0.7
"B",1910,"02",2.4
"B",1910,"03",4.9
"B",1910,"04",8.1
"B",1910,"05",12.9
"B",1910,"06",17
"B",1910,"07",17
"B",1910,"08",17.3
"B",1910,"09",12.6
"B",1910,"10",9.2
"B",1910,"11",2.9
"B",1910,"12",2.8
"B",1911,"01",-2.2
"B",1911,"02",-0.4
"B",1911,"03",4.6
"B",1911,"04",8.5
"B",1911,"05",13.2
"B",1911,"06",15.9
"B",1911,"07",19.8
"B",1911,"08",19.5
"B",1911,"09",15.1
"B",1911,"10",8.8
"B",1911,"11",5.6
"B",1911,"12",1.8
"B",1912,"01",-3.4
"B",1912,"02",2.2
"B",1912,"03",6.7
"B",1912,"04",7.2
"B",1912,"05",13.3
"B",1912,"06",17.2
"B",1912,"07",18.4
"B",1912,"08",16.1
"B",1912,"09",9.9
"B",1912,"10",6.8
"B",1912,"11",1.1
"B",1912,"12",1.3
"B",1913,"01",-2.6
"B",1913,"02",-0.6
"B",1913,"03",6.4
"B",1913,"04",8.8
"B",1913,"05",12.8
"B",1913,"06",16.4
"B",1913,"07",15.6
"B",1913,"08",16.3
"B",1913,"09",13.8
"B",1913,"10",9.4
"B",1913,"11",5.8
"B",1913,"12",1.3
"B",1914,"01",-5.8
"B",1914,"02",-1.9
"B",1914,"03",5.2
"B",1914,"04",10.4
"B",1914,"05",12.9
"B",1914,"06",16.1
"B",1914,"07",17.6
"B",1914,"08",17.8
"B",1914,"09",13.3
"B",1914,"10",8.3
"B",1914,"11",2.6
"B",1914,"12",1.4
"B",1915,"01",0.2
"B",1915,"02",0.2
"B",1915,"03",2.8
"B",1915,"04",8.8
"B",1915,"05",14.2
"B",1915,"06",18.1
"B",1915,"07",17.8
"B",1915,"08",16.2
"B",1915,"09",12.2
"B",1915,"10",7.2
"B",1915,"11",1.6
"B",1915,"12",3.5
"B",1916,"01",2.8
"B",1916,"02",0.3
"B",1916,"03",7.1
"B",1916,"04",9
"B",1916,"05",14.2
"B",1916,"06",15.3
"B",1916,"07",18.2
"B",1916,"08",17.4
"B",1916,"09",12.8
"B",1916,"10",8.8
"B",1916,"11",5.5
"B",1916,"12",3.3
"B",1917,"01",-2.1
"B",1917,"02",-4.5
"B",1917,"03",1.7
"B",1917,"04",6.2
"B",1917,"05",14.7
"B",1917,"06",18.9
"B",1917,"07",19.7
"B",1917,"08",19.2
"B",1917,"09",15.9
"B",1917,"10",9
"B",1917,"11",4.2
"B",1917,"12",-2
"B",1918,"01",-0.8
"B",1918,"02",0.4
"B",1918,"03",4.6
"B",1918,"04",11
"B",1918,"05",14.6
"B",1918,"06",14.7
"B",1918,"07",17.9
"B",1918,"08",17.4
"B",1918,"09",14.7
"B",1918,"10",9.1
"B",1918,"11",2.4
"B",1918,"12",1.6
"B",1919,"01",1.1
"B",1919,"02",-0.4
"B",1919,"03",4.6
"B",1919,"04",7.2
"B",1919,"05",10.4
"B",1919,"06",16.2
"B",1919,"07",16.2
"B",1919,"08",18
"B",1919,"09",15.8
"B",1919,"10",7.4
"B",1919,"11",1.8
"B",1919,"12",0.5
"B",1920,"01",2
"B",1920,"02",2.6
"B",1920,"03",7
"B",1920,"04",11.5
"B",1920,"05",15.4
"B",1920,"06",15.3
"B",1920,"07",18.9
"B",1920,"08",16.5
"B",1920,"09",14.5
"B",1920,"10",6.2
"B",1920,"11",-0.8
"B",1920,"12",0
"B",1921,"01",3
"B",1921,"02",0.3
"B",1921,"03",5.6
"B",1921,"04",7.9
"B",1921,"05",15.2
"B",1921,"06",15.9
"B",1921,"07",20.2
"B",1921,"08",19.4
"B",1921,"09",14.1
"B",1921,"10",10.4
"B",1921,"11",1
"B",1921,"12",-1
"B",1922,"01",-3.1
"B",1922,"02",-3
"B",1922,"03",5.4
"B",1922,"04",7.5
"B",1922,"05",14.3
"B",1922,"06",17.6
"B",1922,"07",18.6
"B",1922,"08",17.9
"B",1922,"09",12.5
"B",1922,"10",6.6
"B",1922,"11",2.2
"B",1922,"12",0.5
"B",1923,"01",0.7
"B",1923,"02",-0.1
"B",1923,"03",5
"B",1923,"04",7.5
"B",1923,"05",14.6
"B",1923,"06",13.5
"B",1923,"07",19.5
"B",1923,"08",18
"B",1923,"09",14
"B",1923,"10",11.3
"B",1923,"11",4.6
"B",1923,"12",-0.9
"B",1924,"01",-3.1
"B",1924,"02",-2.6
"B",1924,"03",2.8
"B",1924,"04",8.1
"B",1924,"05",15.2
"B",1924,"06",16.4
"B",1924,"07",18.3
"B",1924,"08",16.1
"B",1924,"09",15
"B",1924,"10",9.2
"B",1924,"11",2.4
"B",1924,"12",-0.8
"B",1925,"01",0.1
"B",1925,"02",3.6
"B",1925,"03",2.7
"B",1925,"04",9.2
"B",1925,"05",14.7
"B",1925,"06",15.7
"B",1925,"07",18.4
"B",1925,"08",17.7
"B",1925,"09",12.6
"B",1925,"10",8.9
"B",1925,"11",3.4
"B",1925,"12",-1.8
"B",1926,"01",-2.1
"B",1926,"02",3.7
"B",1926,"03",4.3
"B",1926,"04",10.1
"B",1926,"05",12.5
"B",1926,"06",14.9
"B",1926,"07",17.8
"B",1926,"08",17.1
"B",1926,"09",15.1
"B",1926,"10",9.5
"B",1926,"11",8.7
"B",1926,"12",0.2
"B",1927,"01",0.9
"B",1927,"02",-0.3
"B",1927,"03",6.6
"B",1927,"04",9
"B",1927,"05",12.7
"B",1927,"06",17.5
"B",1927,"07",19.3
"B",1927,"08",18.6
"B",1927,"09",15.1
"B",1927,"10",9
"B",1927,"11",3.7
"B",1927,"12",-3.3
"B",1928,"01",-0.7
"B",1928,"02",1.2
"B",1928,"03",2.1
"B",1928,"04",9.4
"B",1928,"05",11
"B",1928,"06",16
"B",1928,"07",20.7
"B",1928,"08",19.1
"B",1928,"09",14.3
"B",1928,"10",9.5
"B",1928,"11",6.4
"B",1928,"12",-0.8
"B",1929,"01",-5.6
"B",1929,"02",-10.1
"B",1929,"03",2
"B",1929,"04",5.8
"B",1929,"05",14.5
"B",1929,"06",16.4
"B",1929,"07",19.1
"B",1929,"08",19
"B",1929,"09",15.6
"B",1929,"10",10.5
"B",1929,"11",5.6
"B",1929,"12",1.8
"B",1930,"01",-0.8
"B",1930,"02",-0.8
"B",1930,"03",5.8
"B",1930,"04",9.8
"B",1930,"05",13.3
"B",1930,"06",19.4
"B",1930,"07",18.5
"B",1930,"08",17.5
"B",1930,"09",15.2
"B",1930,"10",9.4
"B",1930,"11",6
"B",1930,"12",0.1
"B",1931,"01",-0.3
"B",1931,"02",-0.7
"B",1931,"03",1
"B",1931,"04",6.7
"B",1931,"05",16.6
"B",1931,"06",18.6
"B",1931,"07",19.6
"B",1931,"08",17.3
"B",1931,"09",11.1
"B",1931,"10",7.9
"B",1931,"11",3
"B",1931,"12",-1.1
"B",1932,"01",-0.7
"B",1932,"02",-4.2
"B",1932,"03",0.1
"B",1932,"04",8.9
"B",1932,"05",14.3
"B",1932,"06",15.9
"B",1932,"07",20.2
"B",1932,"08",20.1
"B",1932,"09",17.8
"B",1932,"10",9.8
"B",1932,"11",3.9
"B",1932,"12",-0.6
"B",1933,"01",-4.2
"B",1933,"02",0.1
"B",1933,"03",4.5
"B",1933,"04",7.5
"B",1933,"05",12.7
"B",1933,"06",15
"B",1933,"07",18.9
"B",1933,"08",18.5
"B",1933,"09",14.1
"B",1933,"10",9.3
"B",1933,"11",3
"B",1933,"12",-5.2
"B",1934,"01",-1.6
"B",1934,"02",0.5
"B",1934,"03",6.7
"B",1934,"04",11.7
"B",1934,"05",15.4
"B",1934,"06",16.9
"B",1934,"07",20.3
"B",1934,"08",18.5
"B",1934,"09",16
"B",1934,"10",9.4
"B",1934,"11",5.1
"B",1934,"12",4.5
"B",1935,"01",-3.4
"B",1935,"02",0.6
"B",1935,"03",2.5
"B",1935,"04",8.6
"B",1935,"05",11.9
"B",1935,"06",18.8
"B",1935,"07",19
"B",1935,"08",17.9
"B",1935,"09",14.6
"B",1935,"10",11
"B",1935,"11",4.5
"B",1935,"12",-0.2
"B",1936,"01",2.4
"B",1936,"02",1.1
"B",1936,"03",6
"B",1936,"04",9.4
"B",1936,"05",14.2
"B",1936,"06",17
"B",1936,"07",19.5
"B",1936,"08",17.1
"B",1936,"09",14.2
"B",1936,"10",6.1
"B",1936,"11",3.4
"B",1936,"12",0.1
"B",1937,"01",-3.7
"B",1937,"02",1.5
"B",1937,"03",5.4
"B",1937,"04",8.5
"B",1937,"05",15.9
"B",1937,"06",18.3
"B",1937,"07",18.8
"B",1937,"08",17.9
"B",1937,"09",14.4
"B",1937,"10",10.2
"B",1937,"11",3.8
"B",1937,"12",-0.6
"B",1938,"01",-0.8
"B",1938,"02",0.4
"B",1938,"03",7.8
"B",1938,"04",5.9
"B",1938,"05",12.2
"B",1938,"06",18.5
"B",1938,"07",18.9
"B",1938,"08",18.4
"B",1938,"09",13.7
"B",1938,"10",10.2
"B",1938,"11",5.5
"B",1938,"12",-2.4
"B",1939,"01",0.4
"B",1939,"02",2.2
"B",1939,"03",1.7
"B",1939,"04",11.7
"B",1939,"05",12.2
"B",1939,"06",17.2
"B",1939,"07",18.9
"B",1939,"08",18.4
"B",1939,"09",14.1
"B",1939,"10",7.7
"B",1939,"11",4.6
"B",1939,"12",-1.9
"B",1940,"01",-8.7
"B",1940,"02",-6.4
"B",1940,"03",1.9
"B",1940,"04",9.1
"B",1940,"05",12
"B",1940,"06",17.2
"B",1940,"07",17.8
"B",1940,"08",15.6
"B",1940,"09",14.1
"B",1940,"10",8.6
"B",1940,"11",5.9
"B",1940,"12",-4.5
"B",1941,"01",-4.8
"B",1941,"02",-0.4
"B",1941,"03",4.4
"B",1941,"04",7.5
"B",1941,"05",11
"B",1941,"06",16.7
"B",1941,"07",18.1
"B",1941,"08",16.9
"B",1941,"09",12.5
"B",1941,"10",8.1
"B",1941,"11",0.4
"B",1941,"12",0.3
"B",1942,"01",-9.6
"B",1942,"02",-4.1
"B",1942,"03",1.7
"B",1942,"04",7.6
"B",1942,"05",14.2
"B",1942,"06",16.5
"B",1942,"07",17.8
"B",1942,"08",18.5
"B",1942,"09",17.8
"B",1942,"10",11.3
"B",1942,"11",3
"B",1942,"12",1.2
"B",1943,"01",-4.9
"B",1943,"02",2.7
"B",1943,"03",5.7
"B",1943,"04",10.5
"B",1943,"05",13.2
"B",1943,"06",15.5
"B",1943,"07",18.7
"B",1943,"08",20.1
"B",1943,"09",16.1
"B",1943,"10",10.8
"B",1943,"11",2.8
"B",1943,"12",0.2
"B",1944,"01",2.1
"B",1944,"02",-1.1
"B",1944,"03",1.2
"B",1944,"04",9.8
"B",1944,"05",12.5
"B",1944,"06",15.8
"B",1944,"07",18.3
"B",1944,"08",20.2
"B",1944,"09",14.2
"B",1944,"10",9.9
"B",1944,"11",3.4
"B",1944,"12",-1.2
"B",1945,"01",-5.4
"B",1945,"02",1.8
"B",1945,"03",6.4
"B",1945,"04",10
"B",1945,"05",15.3
"B",1945,"06",18.3
"B",1945,"07",20.3
"B",1945,"08",18.6
"B",1945,"09",14.9
"B",1945,"10",9.5
"B",1945,"11",3.6
"B",1945,"12",0.9
"B",1946,"01",-3.9
"B",1946,"02",2
"B",1946,"03",5.6
"B",1946,"04",11.9
"B",1946,"05",16.2
"B",1946,"06",17.8
"B",1946,"07",20.4
"B",1946,"08",19.3
"B",1946,"09",16.1
"B",1946,"10",6.3
"B",1946,"11",3.4
"B",1946,"12",-2.5
"B",1947,"01",-6.8
"B",1947,"02",-5
"B",1947,"03",3.9
"B",1947,"04",11.4
"B",1947,"05",15
"B",1947,"06",18.8
"B",1947,"07",20.6
"B",1947,"08",18.9
"B",1947,"09",17.9
"B",1947,"10",7.2
"B",1947,"11",6
"B",1947,"12",1.5
"B",1948,"01",1.8
"B",1948,"02",-0.5
"B",1948,"03",6
"B",1948,"04",11.1
"B",1948,"05",15.8
"B",1948,"06",16.4
"B",1948,"07",17.3
"B",1948,"08",18.6
"B",1948,"09",15.5
"B",1948,"10",9.9
"B",1948,"11",3.6
"B",1948,"12",-2.1
"B",1949,"01",0.8
"B",1949,"02",1.7
"B",1949,"03",2.1
"B",1949,"04",11.2
"B",1949,"05",14.2
"B",1949,"06",15.5
"B",1949,"07",18.9
"B",1949,"08",17.8
"B",1949,"09",16
"B",1949,"10",10.5
"B",1949,"11",4.9
"B",1949,"12",1.7
"B",1950,"01",-4
"B",1950,"02",1.2
"B",1950,"03",6.5
"B",1950,"04",9.6
"B",1950,"05",15.9
"B",1950,"06",19.4
"B",1950,"07",21
"B",1950,"08",19.4
"B",1950,"09",15
"B",1950,"10",7.7
"B",1950,"11",4.3
"B",1950,"12",0.3
"B",1951,"01",0.7
"B",1951,"02",2.7
"B",1951,"03",3.7
"B",1951,"04",9.5
"B",1951,"05",13.2
"B",1951,"06",17.4
"B",1951,"07",19
"B",1951,"08",19.8
"B",1951,"09",16.4
"B",1951,"10",8
"B",1951,"11",6.8
"B",1951,"12",1.2
"B",1952,"01",-0.7
"B",1952,"02",-0.4
"B",1952,"03",1.4
"B",1952,"04",12
"B",1952,"05",13
"B",1952,"06",17.2
"B",1952,"07",20.4
"B",1952,"08",20.6
"B",1952,"09",12.4
"B",1952,"10",8.6
"B",1952,"11",2.9
"B",1952,"12",-1.3
"B",1953,"01",-1.2
"B",1953,"02",0.5
"B",1953,"03",5
"B",1953,"04",10.3
"B",1953,"05",13.7
"B",1953,"06",17.7
"B",1953,"07",20
"B",1953,"08",17.6
"B",1953,"09",15.7
"B",1953,"10",11
"B",1953,"11",3.2
"B",1953,"12",0.3
"B",1954,"01",-5.6
"B",1954,"02",-5.9
"B",1954,"03",5.4
"B",1954,"04",7.3
"B",1954,"05",13.3
"B",1954,"06",18.4
"B",1954,"07",16.9
"B",1954,"08",18.3
"B",1954,"09",16.2
"B",1954,"10",9.2
"B",1954,"11",2.8
"B",1954,"12",2.9
"B",1955,"01",-2.3
"B",1955,"02",-0.6
"B",1955,"03",1.7
"B",1955,"04",7.4
"B",1955,"05",12.6
"B",1955,"06",16.1
"B",1955,"07",18.9
"B",1955,"08",17.6
"B",1955,"09",14.7
"B",1955,"10",9.1
"B",1955,"11",3.7
"B",1955,"12",2.2
"B",1956,"01",0
"B",1956,"02",-8.5
"B",1956,"03",1.5
"B",1956,"04",8.3
"B",1956,"05",13.9
"B",1956,"06",15.9
"B",1956,"07",19.4
"B",1956,"08",18.2
"B",1956,"09",15.7
"B",1956,"10",9.1
"B",1956,"11",1.4
"B",1956,"12",0
"B",1957,"01",-2.2
"B",1957,"02",3.3
"B",1957,"03",6.6
"B",1957,"04",9.1
"B",1957,"05",11.4
"B",1957,"06",19.4
"B",1957,"07",19.6
"B",1957,"08",17.2
"B",1957,"09",13.6
"B",1957,"10",9.2
"B",1957,"11",5.3
"B",1957,"12",0.7
"B",1958,"01",-1.2
"B",1958,"02",2.7
"B",1958,"03",0.3
"B",1958,"04",7.1
"B",1958,"05",17.5
"B",1958,"06",16.4
"B",1958,"07",19.5
"B",1958,"08",18.8
"B",1958,"09",15.1
"B",1958,"10",10.3
"B",1958,"11",5.3
"B",1958,"12",1.9
"B",1959,"01",-0.1
"B",1959,"02",-0.9
"B",1959,"03",7.1
"B",1959,"04",10.2
"B",1959,"05",13.8
"B",1959,"06",16.8
"B",1959,"07",19.7
"B",1959,"08",18.2
"B",1959,"09",13.5
"B",1959,"10",8.6
"B",1959,"11",4.3
"B",1959,"12",2.4
"B",1960,"01",-1.7
"B",1960,"02",-0.5
"B",1960,"03",4.7
"B",1960,"04",9.5
"B",1960,"05",13.4
"B",1960,"06",17.5
"B",1960,"07",17.5
"B",1960,"08",18.6
"B",1960,"09",13.6
"B",1960,"10",10.7
"B",1960,"11",6.3
"B",1960,"12",1.8
"B",1961,"01",-3.1
"B",1961,"02",2.9
"B",1961,"03",7.8
"B",1961,"04",12.5
"B",1961,"05",12.5
"B",1961,"06",18.4
"B",1961,"07",17.6
"B",1961,"08",18.6
"B",1961,"09",16.9
"B",1961,"10",11.1
"B",1961,"11",4
"B",1961,"12",-2.3
"B",1962,"01",-0.4
"B",1962,"02",0
"B",1962,"03",1.2
"B",1962,"04",10.3
"B",1962,"05",12.2
"B",1962,"06",15.3
"B",1962,"07",17.4
"B",1962,"08",19.9
"B",1962,"09",13.8
"B",1962,"10",9.6
"B",1962,"11",3.3
"B",1962,"12",-4.2
"B",1963,"01",-6.7
"B",1963,"02",-5
"B",1963,"03",2.5
"B",1963,"04",10.3
"B",1963,"05",13.8
"B",1963,"06",17.9
"B",1963,"07",20.2
"B",1963,"08",18.9
"B",1963,"09",15.9
"B",1963,"10",9.4
"B",1963,"11",7.5
"B",1963,"12",-5.2
"B",1964,"01",-6.3
"B",1964,"02",-0.3
"B",1964,"03",1.2
"B",1964,"04",10.7
"B",1964,"05",14
"B",1964,"06",19.2
"B",1964,"07",19.6
"B",1964,"08",17.7
"B",1964,"09",15.2
"B",1964,"10",8.6
"B",1964,"11",5.9
"B",1964,"12",-0.8
"B",1965,"01",-0.3
"B",1965,"02",-3.1
"B",1965,"03",3.8
"B",1965,"04",8.3
"B",1965,"05",12.4
"B",1965,"06",17.1
"B",1965,"07",17.9
"B",1965,"08",16.7
"B",1965,"09",15.1
"B",1965,"10",8.2
"B",1965,"11",1.8
"B",1965,"12",1.3
"B",1966,"01",-4.1
"B",1966,"02",5.8
"B",1966,"03",4.4
"B",1966,"04",11.4
"B",1966,"05",14.1
"B",1966,"06",17.7
"B",1966,"07",18
"B",1966,"08",17.5
"B",1966,"09",14.9
"B",1966,"10",13
"B",1966,"11",2.9
"B",1966,"12",1.1
"B",1967,"01",-1.5
"B",1967,"02",1.7
"B",1967,"03",6.3
"B",1967,"04",9
"B",1967,"05",14.4
"B",1967,"06",17.1
"B",1967,"07",20.8
"B",1967,"08",18.6
"B",1967,"09",15.8
"B",1967,"10",11.2
"B",1967,"11",4.1
"B",1967,"12",-0.1
"B",1968,"01",-2.7
"B",1968,"02",1.4
"B",1968,"03",5.6
"B",1968,"04",11.2
"B",1968,"05",14.4
"B",1968,"06",18
"B",1968,"07",18.7
"B",1968,"08",17.4
"B",1968,"09",14.5
"B",1968,"10",10
"B",1968,"11",5
"B",1968,"12",-3
"B",1969,"01",-2.6
"B",1969,"02",-1.4
"B",1969,"03",2.1
"B",1969,"04",9.3
"B",1969,"05",16.6
"B",1969,"06",16.4
"B",1969,"07",19.4
"B",1969,"08",17.1
"B",1969,"09",15.1
"B",1969,"10",10.4
"B",1969,"11",6.1
"B",1969,"12",-3.9
"B",1970,"01",-2.6
"B",1970,"02",-0.3
"B",1970,"03",2.9
"B",1970,"04",8.4
"B",1970,"05",12.1
"B",1970,"06",18.2
"B",1970,"07",18.6
"B",1970,"08",18.6
"B",1970,"09",14.6
"B",1970,"10",8.4
"B",1970,"11",6.5
"B",1970,"12",-0.3
"B",1971,"01",-2.7
"B",1971,"02",1.8
"B",1971,"03",1.9
"B",1971,"04",10.1
"B",1971,"05",15.1
"B",1971,"06",16.1
"B",1971,"07",19.4
"B",1971,"08",20.4
"B",1971,"09",12.9
"B",1971,"10",8.6
"B",1971,"11",4
"B",1971,"12",2.3
"B",1972,"01",-3.1
"B",1972,"02",2.2
"B",1972,"03",6.7
"B",1972,"04",9.1
"B",1972,"05",13.6
"B",1972,"06",17.8
"B",1972,"07",19.4
"B",1972,"08",18
"B",1972,"09",12.1
"B",1972,"10",7.4
"B",1972,"11",4.4
"B",1972,"12",-0.6
"B",1973,"01",-1.2
"B",1973,"02",1.2
"B",1973,"03",4.7
"B",1973,"04",7.6
"B",1973,"05",14.8
"B",1973,"06",17.2
"B",1973,"07",19.1
"B",1973,"08",19.3
"B",1973,"09",15.5
"B",1973,"10",7.8
"B",1973,"11",2.6
"B",1973,"12",0
"B",1974,"01",1
"B",1974,"02",4
"B",1974,"03",7.3
"B",1974,"04",8.9
"B",1974,"05",13.1
"B",1974,"06",15.4
"B",1974,"07",18.2
"B",1974,"08",20.4
"B",1974,"09",14.7
"B",1974,"10",6.3
"B",1974,"11",4
"B",1974,"12",3.2
"B",1975,"01",2.5
"B",1975,"02",0.3
"B",1975,"03",5.4
"B",1975,"04",8.9
"B",1975,"05",15.4
"B",1975,"06",16.3
"B",1975,"07",19.4
"B",1975,"08",18.7
"B",1975,"09",17.1
"B",1975,"10",9
"B",1975,"11",2.6
"B",1975,"12",0.2
"B",1976,"01",0.5
"B",1976,"02",-0.6
"B",1976,"03",1.8
"B",1976,"04",9.6
"B",1976,"05",14.1
"B",1976,"06",17.9
"B",1976,"07",20.1
"B",1976,"08",16.2
"B",1976,"09",13.5
"B",1976,"10",10.1
"B",1976,"11",5.7
"B",1976,"12",-0.6
"B",1977,"01",-0.4
"B",1977,"02",3.2
"B",1977,"03",8.3
"B",1977,"04",8.2
"B",1977,"05",14.3
"B",1977,"06",18.3
"B",1977,"07",18.9
"B",1977,"08",18
"B",1977,"09",13.1
"B",1977,"10",10.8
"B",1977,"11",5.5
"B",1977,"12",-0.8
"B",1978,"01",-0.3
"B",1978,"02",-0.8
"B",1978,"03",6.2
"B",1978,"04",8
"B",1978,"05",12.5
"B",1978,"06",16.4
"B",1978,"07",17.3
"B",1978,"08",17.3
"B",1978,"09",14.4
"B",1978,"10",9.8
"B",1978,"11",1.4
"B",1978,"12",-0.3
"B",1979,"01",-3.9
"B",1979,"02",0.3
"B",1979,"03",5.8
"B",1979,"04",7.9
"B",1979,"05",14.7
"B",1979,"06",19.1
"B",1979,"07",17
"B",1979,"08",17.7
"B",1979,"09",14.9
"B",1979,"10",7.9
"B",1979,"11",4.5
"B",1979,"12",3.4
"B",1980,"01",-3.6
"B",1980,"02",1.7
"B",1980,"03",3.8
"B",1980,"04",6.8
"B",1980,"05",11.6
"B",1980,"06",16.7
"B",1980,"07",17.8
"B",1980,"08",18.7
"B",1980,"09",14.6
"B",1980,"10",9.1
"B",1980,"11",2.5
"B",1980,"12",0
"B",1981,"01",-2.2
"B",1981,"02",0.8
"B",1981,"03",7.9
"B",1981,"04",9.4
"B",1981,"05",14.3
"B",1981,"06",18.2
"B",1981,"07",18.5
"B",1981,"08",18.9
"B",1981,"09",15.4
"B",1981,"10",10.4
"B",1981,"11",4.5
"B",1981,"12",-1
"B",1982,"01",-3.9
"B",1982,"02",-1.8
"B",1982,"03",5.2
"B",1982,"04",7.5
"B",1982,"05",14.5
"B",1982,"06",18
"B",1982,"07",19.8
"B",1982,"08",19.3
"B",1982,"09",17.5
"B",1982,"10",10.3
"B",1982,"11",4.9
"B",1982,"12",2.3
"B",1983,"01",3.5
"B",1983,"02",-1.6
"B",1983,"03",6.1
"B",1983,"04",11.4
"B",1983,"05",15.2
"B",1983,"06",17.4
"B",1983,"07",22.4
"B",1983,"08",19.7
"B",1983,"09",15.5
"B",1983,"10",10
"B",1983,"11",1.7
"B",1983,"12",0.2
"B",1984,"01",0
"B",1984,"02",-0.1
"B",1984,"03",3.8
"B",1984,"04",8.5
"B",1984,"05",13
"B",1984,"06",16.4
"B",1984,"07",17.6
"B",1984,"08",18.2
"B",1984,"09",14.6
"B",1984,"10",10.7
"B",1984,"11",4.5
"B",1984,"12",0
"B",1985,"01",-6.2
"B",1985,"02",-3.2
"B",1985,"03",3.5
"B",1985,"04",9.6
"B",1985,"05",15.2
"B",1985,"06",15.5
"B",1985,"07",19.9
"B",1985,"08",19
"B",1985,"09",15.6
"B",1985,"10",9.2
"B",1985,"11",1.6
"B",1985,"12",2.8
"B",1986,"01",-0.3
"B",1986,"02",-5.4
"B",1986,"03",3
"B",1986,"04",10.8
"B",1986,"05",16.6
"B",1986,"06",17.2
"B",1986,"07",18.8
"B",1986,"08",19.5
"B",1986,"09",14.5
"B",1986,"10",9.9
"B",1986,"11",4.7
"B",1986,"12",-1
"B",1987,"01",-5.1
"B",1987,"02",-0.4
"B",1987,"03",-0.5
"B",1987,"04",10.2
"B",1987,"05",12.6
"B",1987,"06",17.2
"B",1987,"07",20.2
"B",1987,"08",17.5
"B",1987,"09",17.6
"B",1987,"10",10.4
"B",1987,"11",4.6
"B",1987,"12",1.7
"B",1988,"01",2
"B",1988,"02",2.6
"B",1988,"03",3.6
"B",1988,"04",9.5
"B",1988,"05",15.3
"B",1988,"06",17.1
"B",1988,"07",20.6
"B",1988,"08",19.6
"B",1988,"09",15
"B",1988,"10",10.1
"B",1988,"11",0.8
"B",1988,"12",1.8
"B",1989,"01",-0.2
"B",1989,"02",4.1
"B",1989,"03",8
"B",1989,"04",10.4
"B",1989,"05",14.1
"B",1989,"06",16.1
"B",1989,"07",19.8
"B",1989,"08",18.9
"B",1989,"09",15.2
"B",1989,"10",10.4
"B",1989,"11",2.7
"B",1989,"12",1.4
"B",1990,"01",-0.5
"B",1990,"02",5.1
"B",1990,"03",8.6
"B",1990,"04",8.7
"B",1990,"05",15.5
"B",1990,"06",17.5
"B",1990,"07",19
"B",1990,"08",20.2
"B",1990,"09",13.4
"B",1990,"10",10.3
"B",1990,"11",5.1
"B",1990,"12",-0.1
"B",1991,"01",-0.1
"B",1991,"02",-2.7
"B",1991,"03",6.7
"B",1991,"04",8.5
"B",1991,"05",11.3
"B",1991,"06",17.1
"B",1991,"07",20.8
"B",1991,"08",19.5
"B",1991,"09",16.3
"B",1991,"10",8.6
"B",1991,"11",4.3
"B",1991,"12",-1.4
"B",1992,"01",1.3
"B",1992,"02",3.1
"B",1992,"03",5.5
"B",1992,"04",9.9
"B",1992,"05",14.9
"B",1992,"06",18.4
"B",1992,"07",20.7
"B",1992,"08",23.7
"B",1992,"09",15.8
"B",1992,"10",8.5
"B",1992,"11",5
"B",1992,"12",-0.3
"B",1993,"01",0.8
"B",1993,"02",-1
"B",1993,"03",4.3
"B",1993,"04",10.4
"B",1993,"05",16.9
"B",1993,"06",18.1
"B",1993,"07",18.7
"B",1993,"08",19.5
"B",1993,"09",14.7
"B",1993,"10",10.3
"B",1993,"11",1.1
"B",1993,"12",1.7
"B",1994,"01",3.3
"B",1994,"02",0.8
"B",1994,"03",8.3
"B",1994,"04",9.8
"B",1994,"05",14.7
"B",1994,"06",18.6
"B",1994,"07",22.3
"B",1994,"08",21
"B",1994,"09",17.1
"B",1994,"10",8
"B",1994,"11",6.6
"B",1994,"12",1.4
"B",1995,"01",-0.7
"B",1995,"02",4.7
"B",1995,"03",4.3
"B",1995,"04",10.4
"B",1995,"05",14.5
"B",1995,"06",16.7
"B",1995,"07",22
"B",1995,"08",19
"B",1995,"09",14.1
"B",1995,"10",11
"B",1995,"11",2.3
"B",1995,"12",-0.9
"B",1996,"01",-3
"B",1996,"02",-3.1
"B",1996,"03",1.5
"B",1996,"04",9.5
"B",1996,"05",15.5
"B",1996,"06",18.6
"B",1996,"07",18
"B",1996,"08",18.7
"B",1996,"09",12.3
"B",1996,"10",10.7
"B",1996,"11",6.5
"B",1996,"12",-2.9
"B",1997,"01",-2.5
"B",1997,"02",3.2
"B",1997,"03",5.5
"B",1997,"04",7.3
"B",1997,"05",15.5
"B",1997,"06",18.2
"B",1997,"07",18.7
"B",1997,"08",19.7
"B",1997,"09",15.4
"B",1997,"10",7.8
"B",1997,"11",4.7
"B",1997,"12",1.8
"B",1998,"01",1.6
"B",1998,"02",5.1
"B",1998,"03",4.7
"B",1998,"04",11.3
"B",1998,"05",15
"B",1998,"06",19.1
"B",1998,"07",19.8
"B",1998,"08",20.1
"B",1998,"09",14.5
"B",1998,"10",10.5
"B",1998,"11",2.1
"B",1998,"12",-1.8
"B",1999,"01",-0.3
"B",1999,"02",0.6
"B",1999,"03",7
"B",1999,"04",11.2
"B",1999,"05",15.4
"B",1999,"06",17.8
"B",1999,"07",20.4
"B",1999,"08",18.8
"B",1999,"09",17.4
"B",1999,"10",10.6
"B",1999,"11",2.8
"B",1999,"12",0.3
"B",2000,"01",-1.9
"B",2000,"02",4.1
"B",2000,"03",6.2
"B",2000,"04",13.3
"B",2000,"05",16.7
"B",2000,"06",19.8
"B",2000,"07",18.4
"B",2000,"08",21.2
"B",2000,"09",15.2
"B",2000,"10",12.5
"B",2000,"11",7.5
"B",2000,"12",2
"B",2001,"01",0.3
"B",2001,"02",2.9
"B",2001,"03",7.1
"B",2001,"04",9.4
"B",2001,"05",16.6
"B",2001,"06",17
"B",2001,"07",20.5
"B",2001,"08",21.4
"B",2001,"09",13.5
"B",2001,"10",12.9
"B",2001,"11",3.3
"B",2001,"12",-2.7
"B",2002,"01",0.2
"B",2002,"02",5.1
"B",2002,"03",7
"B",2002,"04",9.7
"B",2002,"05",17.1
"B",2002,"06",20.1
"B",2002,"07",21.2
"B",2002,"08",20.2
"B",2002,"09",14.4
"B",2002,"10",9.3
"B",2002,"11",7.3
"B",2002,"12",-0.6
"B",2003,"01",-1.5
"B",2003,"02",-2.1
"B",2003,"03",6.1
"B",2003,"04",9.4
"B",2003,"05",17.5
"B",2003,"06",21.9
"B",2003,"07",21.2
"B",2003,"08",23.2
"B",2003,"09",15.3
"B",2003,"10",7.7
"B",2003,"11",6.4
"B",2003,"12",0.5
"B",2004,"01",-2.1
"B",2004,"02",2.2
"B",2004,"03",4.1
"B",2004,"04",10.8
"B",2004,"05",13.6
"B",2004,"06",17.5
"B",2004,"07",19.5
"B",2004,"08",20.2
"B",2004,"09",15.1
"B",2004,"10",11.3
"B",2004,"11",5.4
"B",2004,"12",0.5
"B",2005,"01",0.6
"B",2005,"02",-1.7
"B",2005,"03",3.7
"B",2005,"04",10.7
"B",2005,"05",15.5
"B",2005,"06",18.4
"B",2005,"07",20
"B",2005,"08",18.2
"B",2005,"09",16.2
"B",2005,"10",10.4
"B",2005,"11",3.8
"B",2005,"12",-0.3
"B",2006,"01",-4
"B",2006,"02",-0.9
"B",2006,"03",3.3
"B",2006,"04",11.2
"B",2006,"05",14.4
"B",2006,"06",18.8
"B",2006,"07",22.9
"B",2006,"08",17.3
"B",2006,"09",17.1
"B",2006,"10",12
"B",2006,"11",7
"B",2006,"12",2.5
"B",2007,"01",4.6
"B",2007,"02",4.7
"B",2007,"03",7.3
"B",2007,"04",12.8
"B",2007,"05",16.3
"B",2007,"06",20.2
"B",2007,"07",21.4
"B",2007,"08",20.2
"B",2007,"09",13.5
"B",2007,"10",8.9
"B",2007,"11",3.4
"B",2007,"12",-0.3
"B",2008,"01",2.2
"B",2008,"02",3.7
"B",2008,"03",5.9
"B",2008,"04",10.5
"B",2008,"05",15.7
"B",2008,"06",19.7
"B",2008,"07",20.2
"B",2008,"08",20
"B",2008,"09",14.5
"B",2008,"10",10.6
"B",2008,"11",6.3
"B",2008,"12",1.9
"B",2009,"01",-2.1
"B",2009,"02",0.9
"B",2009,"03",5.6
"B",2009,"04",13.7
"B",2009,"05",16
"B",2009,"06",17.5
"B",2009,"07",20.7
"B",2009,"08",20.8
"B",2009,"09",16.9
"B",2009,"10",9.7
"B",2009,"11",6.3
"B",2009,"12",0.9
"B",2010,"01",-2.4
"B",2010,"02",0.4
"B",2010,"03",5.5
"B",2010,"04",10.4
"B",2010,"05",14.6
"B",2010,"06",18.8
"B",2010,"07",21.9
"B",2010,"08",19.3
"B",2010,"09",14
"B",2010,"10",7.6
"B",2010,"11",7
"B",2010,"12",-2.2
"B",2011,"01",0.3
"B",2011,"02",0
"B",2011,"03",6
"B",2011,"04",12.5
"B",2011,"05",15.5
"B",2011,"06",19.1
"B",2011,"07",19.2
"B",2011,"08",20.9
"B",2011,"09",17.8
"B",2011,"10",9.5
"B",2011,"11",2.9
"B",2011,"12",2.6
"B",2012,"01",1.3
"B",2012,"02",-2.6
"B",2012,"03",8.3
"B",2012,"04",10.7
"B",2012,"05",16.3
"B",2012,"06",20
"B",2012,"07",21.1
"B",2012,"08",21.4
"B",2012,"09",16.5
"B",2012,"10",10
"B",2012,"11",6.6
"B",2012,"12",0
"B",2013,"01",0.1
"B",2013,"02",0.8
"B",2013,"03",2.8
"B",2013,"04",11.4
"B",2013,"05",14.5
"B",2013,"06",18.2
"B",2013,"07",22.2
"B",2013,"08",21.1
"B",2013,"09",15
"B",2013,"10",11
"B",2013,"11",5.8
"B",2013,"12",2.2
"B",2014,"01",2.2
"B",2014,"02",3.4
"B",2014,"03",8.9
"B",2014,"04",12.2
"B",2014,"05",14.4
"B",2014,"06",18.8
"B",2014,"07",21.1
"B",2014,"08",18.7
"B",2014,"09",15.6
"B",2014,"10",12.2
"B",2014,"11",7.8
"B",2014,"12",2.7
"B",2015,"01",2.3
"B",2015,"02",1.9
"B",2015,"03",6.3
"B",2015,"04",10.7
"B",2015,"05",15.2
"B",2015,"06",19.3
"B",2015,"07",23
"B",2015,"08",22.8
"B",2015,"09",15.8
"B",2015,"10",9.7
"B",2015,"11",7.3
"B",2015,"12",2.7
"B",2016,"01",0
"B",2016,"02",5.6
"B",2016,"03",6.4
"B",2016,"04",11.2
"B",2016,"05",15.2
"B",2016,"06",19.5
"B",2016,"07",21.4
"B",2016,"08",19.8
"B",2016,"09",18
"B",2016,"10",9.4
"B",2016,"11",4.6
"B",2016,"12",0.4
"B",2017,"01",-4.4
"B",2017,"02",2.6
"B",2017,"03",9
"B",2017,"04",10
"B",2017,"05",16.2
"B",2017,"06",21.1
"B",2017,"07",21.6
"B",2017,"08",22.1
"B",2017,"09",14.6
"B",2017,"10",11.5
"B",2017,"11",5.5
"B",2017,"12",1.8
"B",2018,"01",3.2
"B",2018,"02",-1.2
"B",2018,"03",3.2
"B",2018,"04",15.1
"B",2018,"05",18
"B",2018,"06",20.3
"B",2018,"07",21.7
"B",2018,"08",22.6
"B",2018,"09",17.2
"B",2018,"10",12.4
"B",2018,"11",6.3
"B",2018,"12",2
"B",2019,"01",0.1
"B",2019,"02",4.3
"B",2019,"03",8.3
"B",2019,"04",11.5
"B",2019,"05",12.7
"B",2019,"06",22.9
"B",2019,"07",21.8
"B",2019,"08",22.1
"B",2019,"09",16.5
"B",2019,"10",11.9
"B",2019,"11",7.6
"B",2019,"12",2.8
"B",2020,"01",0.6
"B",2020,"02",5.8
"B",2020,"03",6.7
"B",2020,"04",11.8
"B",2020,"05",14.1
"B",2020,"06",18.4
"B",2020,"07",20.7
"B",2020,"08",21.6
"B",2020,"09",16.6
"B",2020,"10",10.9
"B",2020,"11",5.1
"B",2020,"12",2.2
"B",2021,"01",0.9
"B",2021,"02",2.4
"B",2021,"03",5.4
"B",2021,"04",8.5
"B",2021,"05",13.1
"B",2021,"06",21.5
"B",2021,"07",22.3
"B",2021,"08",19.2
"B",2021,"09",16.5
"B",2021,"10",9.8
"B",2021,"11",5.1
"B",2021,"12",1.8
"B",2022,"01",2
"B",2022,"02",5
"B",2022,"03",5.4
"B",2022,"04",9.4
"B",2022,"05",17
"B",2022,"06",21.4
"B",2022,"07",22.1
"B",2022,"08",22.1
"B",2022,"09",15.1
"B",2022,"10",12.7
"B",2022,"11",6.3
"B",2022,"12",1.6
"B",2023,"01",3.2
"B",2023,"02",3.3
"B",2023,"03",7.4
"B",2023,"04",8.7
"B",2023,"05",14.8
"B",2023,"06",19.2
"B",2023,"07",22.4
"B",2023,"08",21
"B",2023,"09",18.9
"B",2023,"10",13.8
"B",2023,"11",6
"B",2023,"12",3
"B",2024,"01",1.2
"B",2024,"02",7.6
"B",2024,"03",9.1
"B",2024,"04",12.6
"B",2024,"05",16.4
"B",2024,"06",20.4
"B",2024,"07",23.3
"B",2024,"08",23.7
"B",2024,"09",16.7
"B",2024,"10",11.7
"B",2024,"11",4.1
"B",2024,"12",2.2
"B",2025,"01",1.5
"B",2025,"02",1.2
"B",2025,"03",7.6
"B",2025,"04",12.5
"B",2025,"05",14.1
"B",2025,"06",21.5
"B",2025,"07",20.7
"B",2025,"08",20.8
"B",2025,"09",17.2
"B",2025,"10",10.3
"B",2025,"11",4.7
"B",2025,"12",1.9
"K",1850,"01",-8.3
"K",1850,"02",-2.2
"K",1850,"03",-2.2
"K",1850,"04",4.4
"K",1850,"05",7.2
"K",1850,"06",11.8
"K",1850,"07",12.5
"K",1850,"08",13.6
"K",1850,"09",8.9
"K",1850,"10",2.7
"K",1850,"11",-0.1
"K",1850,"12",-2.4
"K",1851,"01",-4.2
"K",1851,"02",-3.8
"K",1851,"03",-1.3
"K",1851,"04",4.4
"K",1851,"05",4.2
"K",1851,"06",11.8
"K",1851,"07",12.5
"K",1851,"08",12.5
"K",1851,"09",6.3
"K",1851,"10",6.7
"K",1851,"11",-4.9
"K",1851,"12",-6.7
"K",1852,"01",-4.5
"K",1852,"02",-4.3
"K",1852,"03",-3.8
"K",1852,"04",1.8
"K",1852,"05",8.1
"K",1852,"06",12.4
"K",1852,"07",14.1
"K",1852,"08",12.8
"K",1852,"09",9.3
"K",1852,"10",4
"K",1852,"11",4
"K",1852,"12",-0.3
"K",1853,"01",-3.2
"K",1853,"02",-5.8
"K",1853,"03",-3.1
"K",1853,"04",1.5
"K",1853,"05",8.1
"K",1853,"06",11.5
"K",1853,"07",15.3
"K",1853,"08",14.1
"K",1853,"09",10
"K",1853,"10",5.7
"K",1853,"11",-0.6
"K",1853,"12",-7.3
"K",1854,"01",-5.1
"K",1854,"02",-6.4
"K",1854,"03",-1
"K",1854,"04",4.6
"K",1854,"05",8.9
"K",1854,"06",11.2
"K",1854,"07",14.2
"K",1854,"08",12
"K",1854,"09",9.7
"K",1854,"10",6.1
"K",1854,"11",-3.6
"K",1854,"12",-3.9
"K",1855,"01",-8.2
"K",1855,"02",-4
"K",1855,"03",-1
"K",1855,"04",2.9
"K",1855,"05",6.9
"K",1855,"06",12
"K",1855,"07",14.1
"K",1855,"08",14.9
"K",1855,"09",9.4
"K",1855,"10",8.5
"K",1855,"11",-0.7
"K",1855,"12",-9.1
"K",1856,"01",-3.1
"K",1856,"02",-1.4
"K",1856,"03",-1.6
"K",1856,"04",5.3
"K",1856,"05",7.7
"K",1856,"06",13.8
"K",1856,"07",12.3
"K",1856,"08",14.6
"K",1856,"09",8.3
"K",1856,"10",6.7
"K",1856,"11",-4.9
"K",1856,"12",-5.9
"K",1857,"01",-7.9
"K",1857,"02",-6.3
"K",1857,"03",-2.4
"K",1857,"04",3.1
"K",1857,"05",8.3
"K",1857,"06",11.3
"K",1857,"07",15.2
"K",1857,"08",14.2
"K",1857,"09",11.2
"K",1857,"10",8
"K",1857,"11",0.4
"K",1857,"12",-3.8
"K",1858,"01",-10.4
"K",1858,"02",-8.7
"K",1858,"03",-2.4
"K",1858,"04",4.9
"K",1858,"05",7.5
"K",1858,"06",13.7
"K",1858,"07",13.3
"K",1858,"08",12.1
"K",1858,"09",11.4
"K",1858,"10",7.5
"K",1858,"11",-3
"K",1858,"12",-4.3
"K",1859,"01",-6
"K",1859,"02",-2.5
"K",1859,"03",0.7
"K",1859,"04",4.1
"K",1859,"05",8
"K",1859,"06",11.9
"K",1859,"07",17.2
"K",1859,"08",15.7
"K",1859,"09",9.3
"K",1859,"10",7.3
"K",1859,"11",-1.3
"K",1859,"12",-6.9
"K",1860,"01",-4.2
"K",1860,"02",-7.6
"K",1860,"03",-3.3
"K",1860,"04",2
"K",1860,"05",8.8
"K",1860,"06",12
"K",1860,"07",11.1
"K",1860,"08",12.4
"K",1860,"09",10.1
"K",1860,"10",4.9
"K",1860,"11",-2.3
"K",1860,"12",-5
"K",1861,"01",-6.9
"K",1861,"02",-1.7
"K",1861,"03",-1
"K",1861,"04",2.2
"K",1861,"05",8
"K",1861,"06",12.5
"K",1861,"07",13.9
"K",1861,"08",16.4
"K",1861,"09",10.9
"K",1861,"10",6.2
"K",1861,"11",0.1
"K",1861,"12",-5.4
"K",1862,"01",-6.3
"K",1862,"02",-3.7
"K",1862,"03",2.4
"K",1862,"04",6.4
"K",1862,"05",10.2
"K",1862,"06",11.8
"K",1862,"07",14.4
"K",1862,"08",13
"K",1862,"09",10.6
"K",1862,"10",7.3
"K",1862,"11",0.8
"K",1862,"12",-4.3
"K",1863,"01",-2.5
"K",1863,"02",-3
"K",1863,"03",1
"K",1863,"04",5.1
"K",1863,"05",9.6
"K",1863,"06",11.8
"K",1863,"07",12.9
"K",1863,"08",14.4
"K",1863,"09",10
"K",1863,"10",7
"K",1863,"11",0.3
"K",1863,"12",-2.9
"K",1864,"01",-9.8
"K",1864,"02",-4.8
"K",1864,"03",0.4
"K",1864,"04",1.4
"K",1864,"05",7.3
"K",1864,"06",11
"K",1864,"07",12.5
"K",1864,"08",11.6
"K",1864,"09",9.9
"K",1864,"10",3.4
"K",1864,"11",-0.7
"K",1864,"12",-4.5
"K",1865,"01",-4.9
"K",1865,"02",-7.3
"K",1865,"03",-4.5
"K",1865,"04",6.8
"K",1865,"05",11.9
"K",1865,"06",11
"K",1865,"07",16
"K",1865,"08",13.7
"K",1865,"09",11.2
"K",1865,"10",5.6
"K",1865,"11",1.9
"K",1865,"12",-3.3
"K",1866,"01",-2.9
"K",1866,"02",-0.4
"K",1866,"03",0.7
"K",1866,"04",5.4
"K",1866,"05",6.2
"K",1866,"06",13.2
"K",1866,"07",13.1
"K",1866,"08",11.3
"K",1866,"09",10.9
"K",1866,"10",3.8
"K",1866,"11",-0.6
"K",1866,"12",-3.3
"K",1867,"01",-4
"K",1867,"02",-1.3
"K",1867,"03",-0.4
"K",1867,"04",4.4
"K",1867,"05",8.5
"K",1867,"06",12
"K",1867,"07",12.6
"K",1867,"08",13.5
"K",1867,"09",11.2
"K",1867,"10",4.4
"K",1867,"11",-1.3
"K",1867,"12",-6.2
"K",1868,"01",-7.3
"K",1868,"02",-2.8
"K",1868,"03",-1.5
"K",1868,"04",3.4
"K",1868,"05",12.4
"K",1868,"06",12.8
"K",1868,"07",13.6
"K",1868,"08",13.3
"K",1868,"09",12.1
"K",1868,"10",6.9
"K",1868,"11",-1.2
"K",1868,"12",-0.3
"K",1869,"01",-6.7
"K",1869,"02",1
"K",1869,"03",-2.2
"K",1869,"04",6
"K",1869,"05",11.3
"K",1869,"06",10
"K",1869,"07",15.4
"K",1869,"08",11.9
"K",1869,"09",10.9
"K",1869,"10",2.8
"K",1869,"11",-1.4
"K",1869,"12",-3.4
"K",1870,"01",-7.9
"K",1870,"02",-6
"K",1870,"03",-3.2
"K",1870,"04",2.5
"K",1870,"05",10
"K",1870,"06",12
"K",1870,"07",14.9
"K",1870,"08",11.4
"K",1870,"09",8.2
"K",1870,"10",3.9
"K",1870,"11",0.9
"K",1870,"12",-6
"K",1871,"01",-7.4
"K",1871,"02",-4.4
"K",1871,"03",-0.4
"K",1871,"04",3.9
"K",1871,"05",5.9
"K",1871,"06",9.2
"K",1871,"07",14.4
"K",1871,"08",12.9
"K",1871,"09",11.1
"K",1871,"10",3.5
"K",1871,"11",-1
"K",1871,"12",-9.2
"K",1872,"01",-4.5
"K",1872,"02",-2.3
"K",1872,"03",0.5
"K",1872,"04",5.2
"K",1872,"05",9.1
"K",1872,"06",11.6
"K",1872,"07",14.4
"K",1872,"08",12.5
"K",1872,"09",10.9
"K",1872,"10",7.6
"K",1872,"11",1.1
"K",1872,"12",-1
"K",1873,"01",-2.2
"K",1873,"02",-3.9
"K",1873,"03",2.1
"K",1873,"04",2.7
"K",1873,"05",6.2
"K",1873,"06",11.1
"K",1873,"07",15.1
"K",1873,"08",14.8
"K",1873,"09",9.2
"K",1873,"10",7.7
"K",1873,"11",0
"K",1873,"12",-3.5
"K",1874,"01",-4.2
"K",1874,"02",-4.1
"K",1874,"03",-1.4
"K",1874,"04",5.6
"K",1874,"05",4.8
"K",1874,"06",12.3
"K",1874,"07",15.9
"K",1874,"08",12.1
"K",1874,"09",11.7
"K",1874,"10",5.8
"K",1874,"11",-3.9
"K",1874,"12",-5.8
"K",1875,"01",-4.5
"K",1875,"02",-8.4
"K",1875,"03",-3.7
"K",1875,"04",3
"K",1875,"05",10
"K",1875,"06",13.5
"K",1875,"07",13.4
"K",1875,"08",14.2
"K",1875,"09",9.4
"K",1875,"10",4.4
"K",1875,"11",-1
"K",1875,"12",-6.8
"K",1876,"01",-6.9
"K",1876,"02",-4.1
"K",1876,"03",0.1
"K",1876,"04",4.7
"K",1876,"05",5.5
"K",1876,"06",12.1
"K",1876,"07",14
"K",1876,"08",13.4
"K",1876,"09",9
"K",1876,"10",7.4
"K",1876,"11",-2.3
"K",1876,"12",-1.2
"K",1877,"01",-2.1
"K",1877,"02",-1.9
"K",1877,"03",-1.5
"K",1877,"04",3.3
"K",1877,"05",6.5
"K",1877,"06",13.8
"K",1877,"07",13.7
"K",1877,"08",15.3
"K",1877,"09",7.9
"K",1877,"10",3
"K",1877,"11",0.6
"K",1877,"12",-4.6
"K",1878,"01",-6.3
"K",1878,"02",-2.2
"K",1878,"03",-1.1
"K",1878,"04",4.1
"K",1878,"05",9.2
"K",1878,"06",11.6
"K",1878,"07",13
"K",1878,"08",14
"K",1878,"09",10.9
"K",1878,"10",6.2
"K",1878,"11",-1.4
"K",1878,"12",-7.1
"K",1879,"01",-6.3
"K",1879,"02",-2.5
"K",1879,"03",-1.1
"K",1879,"04",3.2
"K",1879,"05",5.5
"K",1879,"06",13
"K",1879,"07",11.6
"K",1879,"08",15.2
"K",1879,"09",11.4
"K",1879,"10",4
"K",1879,"11",-3.1
"K",1879,"12",-10.5
"K",1880,"01",-8.8
"K",1880,"02",-3.9
"K",1880,"03",0.5
"K",1880,"04",5.9
"K",1880,"05",7.4
"K",1880,"06",10.8
"K",1880,"07",15.2
"K",1880,"08",12.2
"K",1880,"09",10.3
"K",1880,"10",6.3
"K",1880,"11",0.6
"K",1880,"12",-1.2
"K",1881,"01",-8.5
"K",1881,"02",-4
"K",1881,"03",0.4
"K",1881,"04",2.6
"K",1881,"05",7.4
"K",1881,"06",11.4
"K",1881,"07",15.4
"K",1881,"08",13.7
"K",1881,"09",9
"K",1881,"10",2.4
"K",1881,"11",1
"K",1881,"12",-2.9
"K",1882,"01",-2.3
"K",1882,"02",-2.6
"K",1882,"03",3.2
"K",1882,"04",3.5
"K",1882,"05",9.1
"K",1882,"06",10.4
"K",1882,"07",13.3
"K",1882,"08",12
"K",1882,"09",9.4
"K",1882,"10",6.2
"K",1882,"11",-0.9
"K",1882,"12",-2.9
"K",1883,"01",-5.2
"K",1883,"02",-2.6
"K",1883,"03",-3.8
"K",1883,"04",2.6
"K",1883,"05",8.1
"K",1883,"06",11.7
"K",1883,"07",13
"K",1883,"08",12.9
"K",1883,"09",9.2
"K",1883,"10",4.6
"K",1883,"11",-0.7
"K",1883,"12",-5.2
"K",1884,"01",-4.4
"K",1884,"02",-2.7
"K",1884,"03",1.3
"K",1884,"04",4.2
"K",1884,"05",9.3
"K",1884,"06",8.5
"K",1884,"07",14
"K",1884,"08",12.8
"K",1884,"09",10
"K",1884,"10",3
"K",1884,"11",-2.9
"K",1884,"12",-3.3
"K",1885,"01",-7.6
"K",1885,"02",-1.8
"K",1885,"03",0.2
"K",1885,"04",4.8
"K",1885,"05",6.4
"K",1885,"06",12.8
"K",1885,"07",14.5
"K",1885,"08",12.4
"K",1885,"09",10.3
"K",1885,"10",3.9
"K",1885,"11",0.7
"K",1885,"12",-5.2
"K",1886,"01",-5.7
"K",1886,"02",-4.2
"K",1886,"03",-2.5
"K",1886,"04",5.1
"K",1886,"05",8.5
"K",1886,"06",10.6
"K",1886,"07",14.1
"K",1886,"08",12.9
"K",1886,"09",11.5
"K",1886,"10",6.4
"K",1886,"11",0.6
"K",1886,"12",-3.9
"K",1887,"01",-6.3
"K",1887,"02",-6.3
"K",1887,"03",-1.6
"K",1887,"04",3.8
"K",1887,"05",6.5
"K",1887,"06",12.4
"K",1887,"07",15.2
"K",1887,"08",13
"K",1887,"09",10.5
"K",1887,"10",1.6
"K",1887,"11",-0.2
"K",1887,"12",-5.6
"K",1888,"01",-7.1
"K",1888,"02",-5.1
"K",1888,"03",-1.7
"K",1888,"04",3
"K",1888,"05",8.7
"K",1888,"06",12.6
"K",1888,"07",11.6
"K",1888,"08",12.7
"K",1888,"09",10.3
"K",1888,"10",2.7
"K",1888,"11",-0.8
"K",1888,"12",-3
"K",1889,"01",-6.1
"K",1889,"02",-6.2
"K",1889,"03",-2.2
"K",1889,"04",2.9
"K",1889,"05",10.4
"K",1889,"06",13.5
"K",1889,"07",13
"K",1889,"08",12.2
"K",1889,"09",7.8
"K",1889,"10",5.7
"K",1889,"11",-0.2
"K",1889,"12",-6.7
"K",1890,"01",-3.1
"K",1890,"02",-6.4
"K",1890,"03",-0.4
"K",1890,"04",3
"K",1890,"05",9.2
"K",1890,"06",11
"K",1890,"07",13.2
"K",1890,"08",14.4
"K",1890,"09",8.9
"K",1890,"10",3.3
"K",1890,"11",-1.5
"K",1890,"12",-8
"K",1891,"01",-9.7
"K",1891,"02",-5.5
"K",1891,"03",-0.6
"K",1891,"04",1.4
"K",1891,"05",8.8
"K",1891,"06",11.7
"K",1891,"07",13.2
"K",1891,"08",12
"K",1891,"09",10.3
"K",1891,"10",6.7
"K",1891,"11",-0.6
"K",1891,"12",-3
"K",1892,"01",-6.1
"K",1892,"02",-3.7
"K",1892,"03",-2.9
"K",1892,"04",4.1
"K",1892,"05",8.3
"K",1892,"06",11.9
"K",1892,"07",12.7
"K",1892,"08",14.1
"K",1892,"09",11.1
"K",1892,"10",4.3
"K",1892,"11",-0.6
"K",1892,"12",-6.4
"K",1893,"01",-9.8
"K",1893,"02",-3.4
"K",1893,"03",0.4
"K",1893,"04",5.1
"K",1893,"05",7.4
"K",1893,"06",11
"K",1893,"07",13.7
"K",1893,"08",13.5
"K",1893,"09",9.9
"K",1893,"10",6.4
"K",1893,"11",-1.3
"K",1893,"12",-4.2
"K",1894,"01",-5.9
"K",1894,"02",-3
"K",1894,"03",0.3
"K",1894,"04",6.1
"K",1894,"05",8
"K",1894,"06",10.9
"K",1894,"07",14.6
"K",1894,"08",12.5
"K",1894,"09",8.6
"K",1894,"10",5
"K",1894,"11",0.5
"K",1894,"12",-6.9
"K",1895,"01",-7.3
"K",1895,"02",-8.7
"K",1895,"03",-2.1
"K",1895,"04",3.9
"K",1895,"05",7.4
"K",1895,"06",12.1
"K",1895,"07",14.6
"K",1895,"08",12.6
"K",1895,"09",11.9
"K",1895,"10",4.6
"K",1895,"11",1.6
"K",1895,"12",-3.9
"K",1896,"01",-6.6
"K",1896,"02",-4
"K",1896,"03",1.4
"K",1896,"04",1.9
"K",1896,"05",6.6
"K",1896,"06",11.4
"K",1896,"07",13.9
"K",1896,"08",10.7
"K",1896,"09",9.4
"K",1896,"10",5.9
"K",1896,"11",-1.2
"K",1896,"12",-4
"K",1897,"01",-5.1
"K",1897,"02",-1.3
"K",1897,"03",2.4
"K",1897,"04",4.4
"K",1897,"05",6.3
"K",1897,"06",12.6
"K",1897,"07",14.2
"K",1897,"08",13.2
"K",1897,"09",10.5
"K",1897,"10",4
"K",1897,"11",-0.3
"K",1897,"12",-5.2
"K",1898,"01",-2.1
"K",1898,"02",-3.8
"K",1898,"03",-0.2
"K",1898,"04",4.9
"K",1898,"05",8.5
"K",1898,"06",10.8
"K",1898,"07",12.3
"K",1898,"08",14
"K",1898,"09",11.3
"K",1898,"10",6.9
"K",1898,"11",3.3
"K",1898,"12",-2.4
"K",1899,"01",-2.1
"K",1899,"02",-1.9
"K",1899,"03",-0.2
"K",1899,"04",4.1
"K",1899,"05",7.8
"K",1899,"06",11
"K",1899,"07",13.3
"K",1899,"08",13.4
"K",1899,"09",9.4
"K",1899,"10",5.4
"K",1899,"11",1.5
"K",1899,"12",-6.6
"K",1900,"01",-2.9
"K",1900,"02",-1
"K",1900,"03",-2.7
"K",1900,"04",2.7
"K",1900,"05",7.9
"K",1900,"06",12.6
"K",1900,"07",15.3
"K",1900,"08",12.5
"K",1900,"09",11.9
"K",1900,"10",6.2
"K",1900,"11",1.9
"K",1900,"12",-2
"K",1901,"01",-7
"K",1901,"02",-8.9
"K",1901,"03",-1.2
"K",1901,"04",4.1
"K",1901,"05",7.9
"K",1901,"06",12.6
"K",1901,"07",13.9
"K",1901,"08",12.9
"K",1901,"09",10
"K",1901,"10",5.5
"K",1901,"11",-1.3
"K",1901,"12",-2.3
"K",1902,"01",-2.5
"K",1902,"02",-2.3
"K",1902,"03",-0.4
"K",1902,"04",5.4
"K",1902,"05",4.6
"K",1902,"06",10.5
"K",1902,"07",13.8
"K",1902,"08",13
"K",1902,"09",10.2
"K",1902,"10",4.8
"K",1902,"11",-1.6
"K",1902,"12",-4.4
"K",1903,"01",-6.1
"K",1903,"02",-1.7
"K",1903,"03",1.2
"K",1903,"04",0.9
"K",1903,"05",8.2
"K",1903,"06",11.3
"K",1903,"07",13.2
"K",1903,"08",13.5
"K",1903,"09",9.9
"K",1903,"10",5.7
"K",1903,"11",0.4
"K",1903,"12",-3.2
"K",1904,"01",-5.1
"K",1904,"02",-2.6
"K",1904,"03",0.4
"K",1904,"04",5
"K",1904,"05",9.3
"K",1904,"06",12.7
"K",1904,"07",15.2
"K",1904,"08",13.4
"K",1904,"09",8.1
"K",1904,"10",5.1
"K",1904,"11",-0.6
"K",1904,"12",-3.3
"K",1905,"01",-7.8
"K",1905,"02",-3.9
"K",1905,"03",0.6
"K",1905,"04",3
"K",1905,"05",7.5
"K",1905,"06",12
"K",1905,"07",15.9
"K",1905,"08",13.8
"K",1905,"09",11.6
"K",1905,"10",0.4
"K",1905,"11",0
"K",1905,"12",-2.7
"K",1906,"01",-5.2
"K",1906,"02",-4.1
"K",1906,"03",-0.7
"K",1906,"04",3.3
"K",1906,"05",8.3
"K",1906,"06",11
"K",1906,"07",13.5
"K",1906,"08",13.2
"K",1906,"09",8.3
"K",1906,"10",6.2
"K",1906,"11",1.5
"K",1906,"12",-6.3
"K",1907,"01",-6.9
"K",1907,"02",-6
"K",1907,"03",-2.9
"K",1907,"04",1.8
"K",1907,"05",9.4
"K",1907,"06",12.5
"K",1907,"07",12.6
"K",1907,"08",13.6
"K",1907,"09",10.4
"K",1907,"10",8.3
"K",1907,"11",0.1
"K",1907,"12",-3.4
"K",1908,"01",-5.8
"K",1908,"02",-3.5
"K",1908,"03",-2.1
"K",1908,"04",1.4
"K",1908,"05",11
"K",1908,"06",13.3
"K",1908,"07",13.2
"K",1908,"08",11.7
"K",1908,"09",8.1
"K",1908,"10",5
"K",1908,"11",-2.7
"K",1908,"12",-4.5
"K",1909,"01",-8.3
"K",1909,"02",-7.1
"K",1909,"03",-2
"K",1909,"04",5
"K",1909,"05",7.6
"K",1909,"06",10.7
"K",1909,"07",12.3
"K",1909,"08",12.9
"K",1909,"09",9.6
"K",1909,"10",6.8
"K",1909,"11",-1.4
"K",1909,"12",-2
"K",1910,"01",-4.2
"K",1910,"02",-2.2
"K",1910,"03",0.1
"K",1910,"04",3.3
"K",1910,"05",7.3
"K",1910,"06",11.8
"K",1910,"07",11.9
"K",1910,"08",12.4
"K",1910,"09",8
"K",1910,"10",6
"K",1910,"11",-1.7
"K",1910,"12",-1
"K",1911,"01",-6
"K",1911,"02",-4
"K",1911,"03",0.1
"K",1911,"04",3.3
"K",1911,"05",8
"K",1911,"06",10.9
"K",1911,"07",14.7
"K",1911,"08",14.5
"K",1911,"09",11.2
"K",1911,"10",5.5
"K",1911,"11",2.4
"K",1911,"12",-1.8
"K",1912,"01",-4
"K",1912,"02",-0.8
"K",1912,"03",2
"K",1912,"04",1.8
"K",1912,"05",8.8
"K",1912,"06",12.1
"K",1912,"07",13.6
"K",1912,"08",11.1
"K",1912,"09",4.7
"K",1912,"10",3.5
"K",1912,"11",-3.6
"K",1912,"12",-2.7
"K",1913,"01",-4.9
"K",1913,"02",-5
"K",1913,"03",1.9
"K",1913,"04",3.7
"K",1913,"05",8
"K",1913,"06",11.7
"K",1913,"07",10.8
"K",1913,"08",11.3
"K",1913,"09",9.3
"K",1913,"10",6.7
"K",1913,"11",1.9
"K",1913,"12",-3.9
"K",1914,"01",-8.4
"K",1914,"02",-2
"K",1914,"03",0.5
"K",1914,"04",5.3
"K",1914,"05",7.2
"K",1914,"06",10.2
"K",1914,"07",12.3
"K",1914,"08",13.1
"K",1914,"09",8.4
"K",1914,"10",4.3
"K",1914,"11",-0.8
"K",1914,"12",-1.6
"K",1915,"01",-5.1
"K",1915,"02",-4
"K",1915,"03",-0.9
"K",1915,"04",3.5
"K",1915,"05",9.9
"K",1915,"06",12.9
"K",1915,"07",13.1
"K",1915,"08",11.6
"K",1915,"09",8
"K",1915,"10",2.7
"K",1915,"11",-2.7
"K",1915,"12",-0.5
"K",1916,"01",-2.1
"K",1916,"02",-2.8
"K",1916,"03",1.9
"K",1916,"04",4
"K",1916,"05",9.1
"K",1916,"06",10.7
"K",1916,"07",13.3
"K",1916,"08",12.8
"K",1916,"09",8
"K",1916,"10",4.9
"K",1916,"11",1.2
"K",1916,"12",-1.5
"K",1917,"01",-5.5
"K",1917,"02",-6.5
"K",1917,"03",-2.2
"K",1917,"04",1.3
"K",1917,"05",10.1
"K",1917,"06",13.6
"K",1917,"07",13.8
"K",1917,"08",14
"K",1917,"09",11.7
"K",1917,"10",4.5
"K",1917,"11",-0.8
"K",1917,"12",-5.6
"K",1918,"01",-3.9
"K",1918,"02",-2.8
"K",1918,"03",0.2
"K",1918,"04",4.9
"K",1918,"05",8.8
"K",1918,"06",9.2
"K",1918,"07",13.2
"K",1918,"08",12.5
"K",1918,"09",11.2
"K",1918,"10",3.8
"K",1918,"11",-1.2
"K",1918,"12",-2.2
"K",1919,"01",-3.1
"K",1919,"02",-4.1
"K",1919,"03",0.6
"K",1919,"04",1.9
"K",1919,"05",5.5
"K",1919,"06",11.2
"K",1919,"07",10.9
"K",1919,"08",13.9
"K",1919,"09",11.2
"K",1919,"10",2.6
"K",1919,"11",-2.1
"K",1919,"12",-3.3
"K",1920,"01",-1.9
"K",1920,"02",-1.4
"K",1920,"03",2.8
"K",1920,"04",5.7
"K",1920,"05",11.3
"K",1920,"06",10.7
"K",1920,"07",14.4
"K",1920,"08",11.6
"K",1920,"09",10.6
"K",1920,"10",4.7
"K",1920,"11",-1.3
"K",1920,"12",-2.6
"K",1921,"01",-1.5
"K",1921,"02",-3.7
"K",1921,"03",1.3
"K",1921,"04",2.5
"K",1921,"05",9.6
"K",1921,"06",11.1
"K",1921,"07",15.2
"K",1921,"08",14.1
"K",1921,"09",10.5
"K",1921,"10",7.2
"K",1921,"11",-2
"K",1921,"12",-4.1
"K",1922,"01",-6.3
"K",1922,"02",-4.4
"K",1922,"03",1.5
"K",1922,"04",2.6
"K",1922,"05",9.3
"K",1922,"06",12.6
"K",1922,"07",13.8
"K",1922,"08",14
"K",1922,"09",8.7
"K",1922,"10",3.5
"K",1922,"11",-1.9
"K",1922,"12",-3
"K",1923,"01",-4.2
"K",1923,"02",-2.4
"K",1923,"03",0.5
"K",1923,"04",3.3
"K",1923,"05",9.6
"K",1923,"06",8.6
"K",1923,"07",14.8
"K",1923,"08",14.2
"K",1923,"09",9.5
"K",1923,"10",7.5
"K",1923,"11",1.2
"K",1923,"12",-4.2
"K",1924,"01",-5.9
"K",1924,"02",-4.9
"K",1924,"03",-0.9
"K",1924,"04",4
"K",1924,"05",10.3
"K",1924,"06",11.8
"K",1924,"07",13.5
"K",1924,"08",10.6
"K",1924,"09",10.8
"K",1924,"10",5.2
"K",1924,"11",-0.1
"K",1924,"12",-2.2
"K",1925,"01",-2.9
"K",1925,"02",-1.2
"K",1925,"03",-2.2
"K",1925,"04",3.7
"K",1925,"05",8.7
"K",1925,"06",11.4
"K",1925,"07",13.4
"K",1925,"08",12.8
"K",1925,"09",7.8
"K",1925,"10",5.8
"K",1925,"11",-0.2
"K",1925,"12",-6
"K",1926,"01",-5.5
"K",1926,"02",0.5
"K",1926,"03",0
"K",1926,"04",5.1
"K",1926,"05",7.2
"K",1926,"06",9.7
"K",1926,"07",12.7
"K",1926,"08",12.7
"K",1926,"09",11.5
"K",1926,"10",6.1
"K",1926,"11",4.6
"K",1926,"12",-3.3
"K",1927,"01",-3.5
"K",1927,"02",-4.5
"K",1927,"03",1.5
"K",1927,"04",4.3
"K",1927,"05",8.5
"K",1927,"06",12.9
"K",1927,"07",14.3
"K",1927,"08",13.3
"K",1927,"09",10.3
"K",1927,"10",5.3
"K",1927,"11",1.1
"K",1927,"12",-4.1
"K",1928,"01",-4.1
"K",1928,"02",-2.4
"K",1928,"03",-0.9
"K",1928,"04",4.5
"K",1928,"05",5.9
"K",1928,"06",11.6
"K",1928,"07",16
"K",1928,"08",14.7
"K",1928,"09",9.7
"K",1928,"10",5.5
"K",1928,"11",1.5
"K",1928,"12",-4.7
"K",1929,"01",-9.1
"K",1929,"02",-10.4
"K",1929,"03",-0.3
"K",1929,"04",1.9
"K",1929,"05",9.4
"K",1929,"06",12.3
"K",1929,"07",14.6
"K",1929,"08",14
"K",1929,"09",11.1
"K",1929,"10",5.9
"K",1929,"11",1.2
"K",1929,"12",-2.1
"K",1930,"01",-2.6
"K",1930,"02",-4.3
"K",1930,"03",1.6
"K",1930,"04",4.7
"K",1930,"05",7.7
"K",1930,"06",13.7
"K",1930,"07",13
"K",1930,"08",12.9
"K",1930,"09",10.5
"K",1930,"10",4.9
"K",1930,"11",2.2
"K",1930,"12",-3.1
"K",1931,"01",-4.6
"K",1931,"02",-4.3
"K",1931,"03",-2.4
"K",1931,"04",2.4
"K",1931,"05",10.2
"K",1931,"06",13.8
"K",1931,"07",14.1
"K",1931,"08",12.3
"K",1931,"09",6.1
"K",1931,"10",4.5
"K",1931,"11",1.1
"K",1931,"12",-5
"K",1932,"01",-3
"K",1932,"02",-7.7
"K",1932,"03",-3.2
"K",1932,"04",2.6
"K",1932,"05",8.7
"K",1932,"06",10.8
"K",1932,"07",13.9
"K",1932,"08",16
"K",1932,"09",13.5
"K",1932,"10",5.3
"K",1932,"11",1.2
"K",1932,"12",-1.5
"K",1933,"01",-6.1
"K",1933,"02",-4.2
"K",1933,"03",0.3
"K",1933,"04",3.5
"K",1933,"05",6.8
"K",1933,"06",9.3
"K",1933,"07",14.1
"K",1933,"08",13.6
"K",1933,"09",10.1
"K",1933,"10",5.7
"K",1933,"11",-0.5
"K",1933,"12",-7
"K",1934,"01",-4.6
"K",1934,"02",-3.3
"K",1934,"03",1.2
"K",1934,"04",6
"K",1934,"05",9.8
"K",1934,"06",11.4
"K",1934,"07",14.5
"K",1934,"08",12.7
"K",1934,"09",11.6
"K",1934,"10",5.1
"K",1934,"11",0.6
"K",1934,"12",0.4
"K",1935,"01",-7
"K",1935,"02",-3.4
"K",1935,"03",-1.6
"K",1935,"04",3.1
"K",1935,"05",6.8
"K",1935,"06",14.1
"K",1935,"07",14.2
"K",1935,"08",12.7
"K",1935,"09",10.1
"K",1935,"10",6.8
"K",1935,"11",1
"K",1935,"12",-4.4
"K",1936,"01",-1.2
"K",1936,"02",-2.6
"K",1936,"03",1.9
"K",1936,"04",4.3
"K",1936,"05",8.8
"K",1936,"06",11.4
"K",1936,"07",14.2
"K",1936,"08",12.4
"K",1936,"09",10.1
"K",1936,"10",1.7
"K",1936,"11",0.2
"K",1936,"12",-2.9
"K",1937,"01",-4.9
"K",1937,"02",-1.6
"K",1937,"03",0.1
"K",1937,"04",3.1
"K",1937,"05",9.9
"K",1937,"06",13
"K",1937,"07",13.8
"K",1937,"08",12.4
"K",1937,"09",9.6
"K",1937,"10",5.7
"K",1937,"11",-0.3
"K",1937,"12",-5.2
"K",1938,"01",-5.9
"K",1938,"02",-4.4
"K",1938,"03",2.7
"K",1938,"04",0.7
"K",1938,"05",7.2
"K",1938,"06",13.7
"K",1938,"07",13.6
"K",1938,"08",12.8
"K",1938,"09",9.6
"K",1938,"10",6.5
"K",1938,"11",2
"K",1938,"12",-5.2
"K",1939,"01",-3.2
"K",1939,"02",-1.4
"K",1939,"03",-3
"K",1939,"04",6.4
"K",1939,"05",6.4
"K",1939,"06",12.3
"K",1939,"07",13.6
"K",1939,"08",13.3
"K",1939,"09",9.4
"K",1939,"10",4.2
"K",1939,"11",1.2
"K",1939,"12",-5.6
"K",1940,"01",-8.7
"K",1940,"02",-4.9
"K",1940,"03",-0.9
"K",1940,"04",4.2
"K",1940,"05",7.8
"K",1940,"06",11.6
"K",1940,"07",12.7
"K",1940,"08",11.4
"K",1940,"09",10.3
"K",1940,"10",5.4
"K",1940,"11",1.8
"K",1940,"12",-8.5
"K",1941,"01",-6.3
"K",1941,"02",-3.5
"K",1941,"03",0.4
"K",1941,"04",2.8
"K",1941,"05",5.6
"K",1941,"06",12.3
"K",1941,"07",14.1
"K",1941,"08",12.3
"K",1941,"09",8.8
"K",1941,"10",4.1
"K",1941,"11",-1.9
"K",1941,"12",-4.8
"K",1942,"01",-10.4
"K",1942,"02",-6.2
"K",1942,"03",0.8
"K",1942,"04",3.1
"K",1942,"05",9
"K",1942,"06",12.4
"K",1942,"07",13.5
"K",1942,"08",13.5
"K",1942,"09",13.2
"K",1942,"10",7.9
"K",1942,"11",-0.7
"K",1942,"12",-1.9
"K",1943,"01",-6.2
"K",1943,"02",-1.2
"K",1943,"03",1.4
"K",1943,"04",5.5
"K",1943,"05",8.9
"K",1943,"06",10.8
"K",1943,"07",13.8
"K",1943,"08",15.7
"K",1943,"09",12.1
"K",1943,"10",7.4
"K",1943,"11",-1.4
"K",1943,"12",-2.5
"K",1944,"01",-2.8
"K",1944,"02",-5.2
"K",1944,"03",-3
"K",1944,"04",5.1
"K",1944,"05",8.1
"K",1944,"06",10.7
"K",1944,"07",13.6
"K",1944,"08",15.7
"K",1944,"09",9.6
"K",1944,"10",5
"K",1944,"11",-1
"K",1944,"12",-5.3
"K",1945,"01",-9.3
"K",1945,"02",-1.5
"K",1945,"03",1.8
"K",1945,"04",5.2
"K",1945,"05",10.5
"K",1945,"06",13.4
"K",1945,"07",15.2
"K",1945,"08",13.2
"K",1945,"09",10.3
"K",1945,"10",5
"K",1945,"11",-0.5
"K",1945,"12",-3.8
"K",1946,"01",-5.8
"K",1946,"02",-2.1
"K",1946,"03",1.9
"K",1946,"04",6.8
"K",1946,"05",10.3
"K",1946,"06",12.5
"K",1946,"07",15
"K",1946,"08",14.8
"K",1946,"09",12.1
"K",1946,"10",3.7
"K",1946,"11",-0.1
"K",1946,"12",-6.4
"K",1947,"01",-9.7
"K",1947,"02",-4.6
"K",1947,"03",0.6
"K",1947,"04",7
"K",1947,"05",10
"K",1947,"06",13.7
"K",1947,"07",15.4
"K",1947,"08",14.8
"K",1947,"09",13
"K",1947,"10",4.7
"K",1947,"11",2.1
"K",1947,"12",-4
"K",1948,"01",-1.8
"K",1948,"02",-4.3
"K",1948,"03",2.4
"K",1948,"04",5.2
"K",1948,"05",9.7
"K",1948,"06",11.1
"K",1948,"07",11.7
"K",1948,"08",13.7
"K",1948,"09",11
"K",1948,"10",6.4
"K",1948,"11",1.4
"K",1948,"12",-3.4
"K",1949,"01",-2.4
"K",1949,"02",-1.8
"K",1949,"03",-2.1
"K",1949,"04",7.3
"K",1949,"05",8.4
"K",1949,"06",11.1
"K",1949,"07",14.1
"K",1949,"08",13.1
"K",1949,"09",12.3
"K",1949,"10",7.4
"K",1949,"11",0.2
"K",1949,"12",-2.8
"K",1950,"01",-6.1
"K",1950,"02",-1.8
"K",1950,"03",1.9
"K",1950,"04",3.7
"K",1950,"05",10.4
"K",1950,"06",14.1
"K",1950,"07",16.3
"K",1950,"08",14.8
"K",1950,"09",10.5
"K",1950,"10",5.2
"K",1950,"11",0.2
"K",1950,"12",-4
"K",1951,"01",-3.4
"K",1951,"02",-2.4
"K",1951,"03",-1.1
"K",1951,"04",3.9
"K",1951,"05",8.1
"K",1951,"06",12.4
"K",1951,"07",14
"K",1951,"08",14.6
"K",1951,"09",12.2
"K",1951,"10",3.9
"K",1951,"11",2.4
"K",1951,"12",-1.7
"K",1952,"01",-6.6
"K",1952,"02",-5.6
"K",1952,"03",-0.7
"K",1952,"04",6.7
"K",1952,"05",8.6
"K",1952,"06",13.1
"K",1952,"07",16
"K",1952,"08",14.9
"K",1952,"09",7.8
"K",1952,"10",4.4
"K",1952,"11",-2
"K",1952,"12",-4.5
"K",1953,"01",-6.3
"K",1953,"02",-4.5
"K",1953,"03",0.8
"K",1953,"04",5.3
"K",1953,"05",9
"K",1953,"06",11.9
"K",1953,"07",14.5
"K",1953,"08",12.9
"K",1953,"09",11.4
"K",1953,"10",7.7
"K",1953,"11",0.7
"K",1953,"12",-2.1
"K",1954,"01",-8.6
"K",1954,"02",-6.6
"K",1954,"03",0.9
"K",1954,"04",3
"K",1954,"05",7.5
"K",1954,"06",12.9
"K",1954,"07",11.8
"K",1954,"08",12.4
"K",1954,"09",11.1
"K",1954,"10",5.3
"K",1954,"11",-0.2
"K",1954,"12",-1.4
"K",1955,"01",-3.8
"K",1955,"02",-3.9
"K",1955,"03",-1.9
"K",1955,"04",3.4
"K",1955,"05",7.4
"K",1955,"06",11.3
"K",1955,"07",13.9
"K",1955,"08",12.4
"K",1955,"09",10.1
"K",1955,"10",4.5
"K",1955,"11",-0.7
"K",1955,"12",-1.3
"K",1956,"01",-4
"K",1956,"02",-11.4
"K",1956,"03",-1.7
"K",1956,"04",2.7
"K",1956,"05",8.9
"K",1956,"06",10.3
"K",1956,"07",14.2
"K",1956,"08",13.5
"K",1956,"09",11.7
"K",1956,"10",5
"K",1956,"11",-2
"K",1956,"12",-3.7
"K",1957,"01",-4.9
"K",1957,"02",-0.9
"K",1957,"03",2.9
"K",1957,"04",4
"K",1957,"05",6.1
"K",1957,"06",13.4
"K",1957,"07",14
"K",1957,"08",12.5
"K",1957,"09",9.6
"K",1957,"10",6.2
"K",1957,"11",1.7
"K",1957,"12",-2.9
"K",1958,"01",-5.5
"K",1958,"02",-1.4
"K",1958,"03",-3.4
"K",1958,"04",1.9
"K",1958,"05",12.4
"K",1958,"06",11.7
"K",1958,"07",14.8
"K",1958,"08",14.2
"K",1958,"09",11.1
"K",1958,"10",6.2
"K",1958,"11",1.9
"K",1958,"12",-2.3
"K",1959,"01",-4.3
"K",1959,"02",-1.6
"K",1959,"03",3
"K",1959,"04",5
"K",1959,"05",8.4
"K",1959,"06",11.8
"K",1959,"07",15
"K",1959,"08",12.9
"K",1959,"09",10.1
"K",1959,"10",4.8
"K",1959,"11",0.3
"K",1959,"12",-1.8
"K",1960,"01",-5.3
"K",1960,"02",-3.1
"K",1960,"03",0.3
"K",1960,"04",4.1
"K",1960,"05",9
"K",1960,"06",12.8
"K",1960,"07",12.5
"K",1960,"08",13.3
"K",1960,"09",9.1
"K",1960,"10",5.8
"K",1960,"11",1.7
"K",1960,"12",-2.4
"K",1961,"01",-5.8
"K",1961,"02",-1.1
"K",1961,"03",2.4
"K",1961,"04",7.4
"K",1961,"05",7.6
"K",1961,"06",13.3
"K",1961,"07",12.7
"K",1961,"08",13.7
"K",1961,"09",13.4
"K",1961,"10",7
"K",1961,"11",0.9
"K",1961,"12",-4.4
"K",1962,"01",-3.9
"K",1962,"02",-3.8
"K",1962,"03",-2.9
"K",1962,"04",3.9
"K",1962,"05",7.4
"K",1962,"06",10.3
"K",1962,"07",12.7
"K",1962,"08",15.1
"K",1962,"09",9.8
"K",1962,"10",5.9
"K",1962,"11",-0.5
"K",1962,"12",-7.3
"K",1963,"01",-9.5
"K",1963,"02",-7.6
"K",1963,"03",-0.9
"K",1963,"04",5.2
"K",1963,"05",8.1
"K",1963,"06",12.7
"K",1963,"07",14.8
"K",1963,"08",13.6
"K",1963,"09",11.5
"K",1963,"10",5.6
"K",1963,"11",3.6
"K",1963,"12",-5.9
"K",1964,"01",-7.5
"K",1964,"02",-2.6
"K",1964,"03",-0.6
"K",1964,"04",5.2
"K",1964,"05",9.6
"K",1964,"06",13.8
"K",1964,"07",14.4
"K",1964,"08",12.8
"K",1964,"09",10.6
"K",1964,"10",4.2
"K",1964,"11",2
"K",1964,"12",-3.2
"K",1965,"01",-4.5
"K",1965,"02",-7.2
"K",1965,"03",-0.3
"K",1965,"04",3
"K",1965,"05",7.3
"K",1965,"06",12.4
"K",1965,"07",13.1
"K",1965,"08",12
"K",1965,"09",9.6
"K",1965,"10",6
"K",1965,"11",-0.5
"K",1965,"12",-3.8
"K",1966,"01",-7.1
"K",1966,"02",0.8
"K",1966,"03",-0.7
"K",1966,"04",6.1
"K",1966,"05",8.9
"K",1966,"06",13.2
"K",1966,"07",12.8
"K",1966,"08",12.3
"K",1966,"09",11.7
"K",1966,"10",8.5
"K",1966,"11",-1.5
"K",1966,"12",-4.1
"K",1967,"01",-4.9
"K",1967,"02",-2.9
"K",1967,"03",1.4
"K",1967,"04",3.2
"K",1967,"05",9.1
"K",1967,"06",11.8
"K",1967,"07",15.5
"K",1967,"08",13.7
"K",1967,"09",11.1
"K",1967,"10",7.7
"K",1967,"11",1.9
"K",1967,"12",-4.5
"K",1968,"01",-7
"K",1968,"02",-2.2
"K",1968,"03",0.7
"K",1968,"04",6.1
"K",1968,"05",8.9
"K",1968,"06",11.8
"K",1968,"07",13.5
"K",1968,"08",12.2
"K",1968,"09",9.8
"K",1968,"10",7.2
"K",1968,"11",1.3
"K",1968,"12",-6.4
"K",1969,"01",-4.5
"K",1969,"02",-5.7
"K",1969,"03",-1.1
"K",1969,"04",3.4
"K",1969,"05",10.8
"K",1969,"06",10.9
"K",1969,"07",14.5
"K",1969,"08",12.1
"K",1969,"09",11.2
"K",1969,"10",6.9
"K",1969,"11",1.1
"K",1969,"12",-7.1
"K",1970,"01",-4.1
"K",1970,"02",-4.5
"K",1970,"03",-2.4
"K",1970,"04",2.3
"K",1970,"05",6.5
"K",1970,"06",13.1
"K",1970,"07",13.4
"K",1970,"08",13.7
"K",1970,"09",11.3
"K",1970,"10",5
"K",1970,"11",2.3
"K",1970,"12",-4.3
"K",1971,"01",-5.1
"K",1971,"02",-3.1
"K",1971,"03",-3.2
"K",1971,"04",5.6
"K",1971,"05",9.9
"K",1971,"06",10.8
"K",1971,"07",14.6
"K",1971,"08",15.2
"K",1971,"09",8.3
"K",1971,"10",5.3
"K",1971,"11",-0.1
"K",1971,"12",-1.6
"K",1972,"01",-5.4
"K",1972,"02",-1.3
"K",1972,"03",2
"K",1972,"04",4.2
"K",1972,"05",8.1
"K",1972,"06",12.1
"K",1972,"07",13.7
"K",1972,"08",13.3
"K",1972,"09",6.8
"K",1972,"10",3.7
"K",1972,"11",0.4
"K",1972,"12",-3.2
"K",1973,"01",-3.6
"K",1973,"02",-4
"K",1973,"03",-0.7
"K",1973,"04",1.8
"K",1973,"05",9.7
"K",1973,"06",12.7
"K",1973,"07",13.4
"K",1973,"08",14.6
"K",1973,"09",11.4
"K",1973,"10",4.5
"K",1973,"11",-0.3
"K",1973,"12",-4.1
"K",1974,"01",-1.6
"K",1974,"02",-0.7
"K",1974,"03",1.8
"K",1974,"04",3.3
"K",1974,"05",8
"K",1974,"06",10.4
"K",1974,"07",13.6
"K",1974,"08",15
"K",1974,"09",10.3
"K",1974,"10",1.1
"K",1974,"11",0.1
"K",1974,"12",-1.5
"K",1975,"01",-0.9
"K",1975,"02",-2.3
"K",1975,"03",0.2
"K",1975,"04",3.9
"K",1975,"05",9.6
"K",1975,"06",10.8
"K",1975,"07",14.2
"K",1975,"08",13.5
"K",1975,"09",12.7
"K",1975,"10",5.1
"K",1975,"11",-0.8
"K",1975,"12",-3
"K",1976,"01",-3.4
"K",1976,"02",-2.3
"K",1976,"03",-2
"K",1976,"04",4
"K",1976,"05",9.2
"K",1976,"06",12.9
"K",1976,"07",14.8
"K",1976,"08",11.2
"K",1976,"09",8.8
"K",1976,"10",7
"K",1976,"11",1.1
"K",1976,"12",-4.9
"K",1977,"01",-3.7
"K",1977,"02",-1
"K",1977,"03",3.5
"K",1977,"04",3.4
"K",1977,"05",8.6
"K",1977,"06",12.4
"K",1977,"07",13.7
"K",1977,"08",12.7
"K",1977,"09",8.8
"K",1977,"10",7.6
"K",1977,"11",0.3
"K",1977,"12",-3
"K",1978,"01",-4.3
"K",1978,"02",-4.3
"K",1978,"03",0.9
"K",1978,"04",2.9
"K",1978,"05",7.1
"K",1978,"06",11.2
"K",1978,"07",12.5
"K",1978,"08",12.5
"K",1978,"09",10
"K",1978,"10",5.5
"K",1978,"11",-0.3
"K",1978,"12",-3.9
"K",1979,"01",-6.9
"K",1979,"02",-3.2
"K",1979,"03",1.1
"K",1979,"04",2.6
"K",1979,"05",8.8
"K",1979,"06",13.4
"K",1979,"07",12.9
"K",1979,"08",12.5
"K",1979,"09",10.9
"K",1979,"10",5.8
"K",1979,"11",-0.1
"K",1979,"12",-1.4
"K",1980,"01",-6.4
"K",1980,"02",-2.2
"K",1980,"03",0.2
"K",1980,"04",2
"K",1980,"05",6.6
"K",1980,"06",10.9
"K",1980,"07",12.7
"K",1980,"08",14.5
"K",1980,"09",11.4
"K",1980,"10",5
"K",1980,"11",-0.9
"K",1980,"12",-4.6
"K",1981,"01",-7.5
"K",1981,"02",-4.8
"K",1981,"03",2.8
"K",1981,"04",5.3
"K",1981,"05",8.7
"K",1981,"06",12.9
"K",1981,"07",13.1
"K",1981,"08",13.7
"K",1981,"09",11.1
"K",1981,"10",6.1
"K",1981,"11",0
"K",1981,"12",-5
"K",1982,"01",-4.2
"K",1982,"02",-4.1
"K",1982,"03",-0.6
"K",1982,"04",2.7
"K",1982,"05",9.2
"K",1982,"06",13.4
"K",1982,"07",15.4
"K",1982,"08",13.9
"K",1982,"09",12.9
"K",1982,"10",6
"K",1982,"11",2
"K",1982,"12",-1.8
"K",1983,"01",-1.2
"K",1983,"02",-5.8
"K",1983,"03",1.7
"K",1983,"04",5.6
"K",1983,"05",9.1
"K",1983,"06",12.5
"K",1983,"07",17.4
"K",1983,"08",14
"K",1983,"09",10.9
"K",1983,"10",6.2
"K",1983,"11",-0.9
"K",1983,"12",-3.1
"K",1984,"01",-5.1
"K",1984,"02",-4.6
"K",1984,"03",-1.6
"K",1984,"04",3.2
"K",1984,"05",6.9
"K",1984,"06",11.6
"K",1984,"07",13.7
"K",1984,"08",13.2
"K",1984,"09",9.6
"K",1984,"10",6.8
"K",1984,"11",1.6
"K",1984,"12",-2.2
"K",1985,"01",-8.7
"K",1985,"02",-3.8
"K",1985,"03",-0.6
"K",1985,"04",3.9
"K",1985,"05",9.3
"K",1985,"06",10.7
"K",1985,"07",15.3
"K",1985,"08",14.1
"K",1985,"09",11.9
"K",1985,"10",6.1
"K",1985,"11",-2.1
"K",1985,"12",-0.7
"K",1986,"01",-5.6
"K",1986,"02",-7.5
"K",1986,"03",-0.7
"K",1986,"04",4
"K",1986,"05",11.6
"K",1986,"06",11.9
"K",1986,"07",13.7
"K",1986,"08",14.2
"K",1986,"09",10.5
"K",1986,"10",6.6
"K",1986,"11",1.1
"K",1986,"12",-4.3
"K",1987,"01",-7.4
"K",1987,"02",-3.3
"K",1987,"03",-4.4
"K",1987,"04",5.2
"K",1987,"05",7.1
"K",1987,"06",11.6
"K",1987,"07",15.2
"K",1987,"08",13.4
"K",1987,"09",13.4
"K",1987,"10",6.8
"K",1987,"11",1
"K",1987,"12",-1.5
"K",1988,"01",-2
"K",1988,"02",-3.1
"K",1988,"03",-0.9
"K",1988,"04",4.9
"K",1988,"05",9.6
"K",1988,"06",11.8
"K",1988,"07",15.5
"K",1988,"08",14.5
"K",1988,"09",10.4
"K",1988,"10",7.8
"K",1988,"11",-1.9
"K",1988,"12",-2.5
"K",1989,"01",-2.1
"K",1989,"02",0.2
"K",1989,"03",3.4
"K",1989,"04",4.7
"K",1989,"05",8.8
"K",1989,"06",10.9
"K",1989,"07",14.3
"K",1989,"08",13.9
"K",1989,"09",10.5
"K",1989,"10",6.4
"K",1989,"11",-0.5
"K",1989,"12",-1.9
"K",1990,"01",-2.9
"K",1990,"02",1.3
"K",1990,"03",3.4
"K",1990,"04",3.5
"K",1990,"05",10.3
"K",1990,"06",11.9
"K",1990,"07",14.2
"K",1990,"08",14.2
"K",1990,"09",9.3
"K",1990,"10",7.2
"K",1990,"11",0.2
"K",1990,"12",-5.1
"K",1991,"01",-4.3
"K",1991,"02",-6
"K",1991,"03",2.8
"K",1991,"04",3
"K",1991,"05",5.7
"K",1991,"06",12
"K",1991,"07",15.5
"K",1991,"08",14.7
"K",1991,"09",12
"K",1991,"10",4.5
"K",1991,"11",0.2
"K",1991,"12",-4.4
"K",1992,"01",-2.7
"K",1992,"02",-1.5
"K",1992,"03",1
"K",1992,"04",4.3
"K",1992,"05",10.1
"K",1992,"06",12.5
"K",1992,"07",15.5
"K",1992,"08",17.7
"K",1992,"09",11.1
"K",1992,"10",4.5
"K",1992,"11",2.2
"K",1992,"12",-2.9
"K",1993,"01",-2.9
"K",1993,"02",-2.8
"K",1993,"03",0.1
"K",1993,"04",5.4
"K",1993,"05",10.9
"K",1993,"06",13.2
"K",1993,"07",13.7
"K",1993,"08",14.7
"K",1993,"09",9.9
"K",1993,"10",6.4
"K",1993,"11",-1
"K",1993,"12",-2.7
"K",1994,"01",-2.2
"K",1994,"02",-3
"K",1994,"03",4.6
"K",1994,"04",4
"K",1994,"05",9.7
"K",1994,"06",13.3
"K",1994,"07",16.6
"K",1994,"08",16.1
"K",1994,"09",11.6
"K",1994,"10",5.1
"K",1994,"11",4.1
"K",1994,"12",-1.4
"K",1995,"01",-5.6
"K",1995,"02",-0.3
"K",1995,"03",-0.9
"K",1995,"04",5.3
"K",1995,"05",9.4
"K",1995,"06",11.3
"K",1995,"07",16.7
"K",1995,"08",13.3
"K",1995,"09",9
"K",1995,"10",8.3
"K",1995,"11",-0.3
"K",1995,"12",-3.6
"K",1996,"01",-3.5
"K",1996,"02",-5.6
"K",1996,"03",-2.3
"K",1996,"04",5
"K",1996,"05",10
"K",1996,"06",13.8
"K",1996,"07",13.4
"K",1996,"08",13.5
"K",1996,"09",7.6
"K",1996,"10",5.8
"K",1996,"11",1.8
"K",1996,"12",-4.1
"K",1997,"01",-2.4
"K",1997,"02",-0.7
"K",1997,"03",2.5
"K",1997,"04",2.7
"K",1997,"05",10.1
"K",1997,"06",12.8
"K",1997,"07",13.6
"K",1997,"08",14.3
"K",1997,"09",12.1
"K",1997,"10",4.9
"K",1997,"11",1.1
"K",1997,"12",-1.7
"K",1998,"01",-2.4
"K",1998,"02",1.3
"K",1998,"03",0.2
"K",1998,"04",4.9
"K",1998,"05",9.7
"K",1998,"06",14
"K",1998,"07",15.1
"K",1998,"08",15.3
"K",1998,"09",9.9
"K",1998,"10",6.1
"K",1998,"11",-1.8
"K",1998,"12",-4.3
"K",1999,"01",-3.4
"K",1999,"02",-4.3
"K",1999,"03",1.9
"K",1999,"04",5.5
"K",1999,"05",10.9
"K",1999,"06",12.6
"K",1999,"07",15
"K",1999,"08",14.4
"K",1999,"09",12.5
"K",1999,"10",6.8
"K",1999,"11",-0.9
"K",1999,"12",-4.4
"K",2000,"01",-5.4
"K",2000,"02",-1
"K",2000,"03",1.9
"K",2000,"04",7
"K",2000,"05",11.1
"K",2000,"06",14.5
"K",2000,"07",13
"K",2000,"08",15.7
"K",2000,"09",11.1
"K",2000,"10",7.8
"K",2000,"11",2.7
"K",2000,"12",-0.6
"K",2001,"01",-2.8
"K",2001,"02",-1.1
"K",2001,"03",3.3
"K",2001,"04",3.6
"K",2001,"05",11.5
"K",2001,"06",12.1
"K",2001,"07",15.3
"K",2001,"08",16.2
"K",2001,"09",8.3
"K",2001,"10",9.4
"K",2001,"11",-0.3
"K",2001,"12",-6.1
"K",2002,"01",-3.5
"K",2002,"02",0.5
"K",2002,"03",3.2
"K",2002,"04",4.4
"K",2002,"05",10.9
"K",2002,"06",15.3
"K",2002,"07",15.4
"K",2002,"08",14.4
"K",2002,"09",9.4
"K",2002,"10",6.3
"K",2002,"11",3.5
"K",2002,"12",-1.4
"K",2003,"01",-4.9
"K",2003,"02",-5.8
"K",2003,"03",2.3
"K",2003,"04",3.8
"K",2003,"05",11.9
"K",2003,"06",17
"K",2003,"07",16.1
"K",2003,"08",17.9
"K",2003,"09",10.1
"K",2003,"10",3.5
"K",2003,"11",2.7
"K",2003,"12",-2.3
"K",2004,"01",-5.3
"K",2004,"02",-1.9
"K",2004,"03",-0.3
"K",2004,"04",5.1
"K",2004,"05",7.9
"K",2004,"06",12.8
"K",2004,"07",14.5
"K",2004,"08",14.8
"K",2004,"09",10.6
"K",2004,"10",8.2
"K",2004,"11",1.1
"K",2004,"12",-2.2
"K",2005,"01",-4.4
"K",2005,"02",-5.8
"K",2005,"03",0.3
"K",2005,"04",4.8
"K",2005,"05",10.7
"K",2005,"06",13.8
"K",2005,"07",14.8
"K",2005,"08",12.8
"K",2005,"09",11.2
"K",2005,"10",7
"K",2005,"11",0.3
"K",2005,"12",-5.2
"K",2006,"01",-6.2
"K",2006,"02",-4
"K",2006,"03",-0.9
"K",2006,"04",5.4
"K",2006,"05",9.4
"K",2006,"06",13.8
"K",2006,"07",17.4
"K",2006,"08",11.9
"K",2006,"09",12.9
"K",2006,"10",8.6
"K",2006,"11",2.7
"K",2006,"12",-0.5
"K",2007,"01",-0.3
"K",2007,"02",0.3
"K",2007,"03",1.9
"K",2007,"04",8.7
"K",2007,"05",11.3
"K",2007,"06",14.3
"K",2007,"07",15.6
"K",2007,"08",14.3
"K",2007,"09",9
"K",2007,"10",5.5
"K",2007,"11",-0.1
"K",2007,"12",-3.3
"K",2008,"01",-1.1
"K",2008,"02",0
"K",2008,"03",0.6
"K",2008,"04",4.5
"K",2008,"05",10.8
"K",2008,"06",14.1
"K",2008,"07",15
"K",2008,"08",15.1
"K",2008,"09",9.5
"K",2008,"10",7.3
"K",2008,"11",1.5
"K",2008,"12",-2.4
"K",2009,"01",-4.7
"K",2009,"02",-3.4
"K",2009,"03",0.6
"K",2009,"04",7.1
"K",2009,"05",11.8
"K",2009,"06",12.6
"K",2009,"07",15.6
"K",2009,"08",16.2
"K",2009,"09",11.9
"K",2009,"10",5.7
"K",2009,"11",2.7
"K",2009,"12",-3.6
"K",2010,"01",-5.3
"K",2010,"02",-3.7
"K",2010,"03",0.3
"K",2010,"04",5.4
"K",2010,"05",9.3
"K",2010,"06",13.9
"K",2010,"07",17.2
"K",2010,"08",14.4
"K",2010,"09",9.7
"K",2010,"10",4.7
"K",2010,"11",2.1
"K",2010,"12",-5
"K",2011,"01",-3.7
"K",2011,"02",-1.5
"K",2011,"03",1.7
"K",2011,"04",7.5
"K",2011,"05",10.7
"K",2011,"06",13.5
"K",2011,"07",14.3
"K",2011,"08",16.2
"K",2011,"09",13.6
"K",2011,"10",5.7
"K",2011,"11",1.9
"K",2011,"12",-2
"K",2012,"01",-3.8
"K",2012,"02",-6.1
"K",2012,"03",4.5
"K",2012,"04",5.3
"K",2012,"05",10.4
"K",2012,"06",15
"K",2012,"07",15.8
"K",2012,"08",16.4
"K",2012,"09",11.4
"K",2012,"10",7
"K",2012,"11",3
"K",2012,"12",-3.6
"K",2013,"01",-2.7
"K",2013,"02",-4.6
"K",2013,"03",-0.7
"K",2013,"04",6.5
"K",2013,"05",8.7
"K",2013,"06",13.2
"K",2013,"07",17
"K",2013,"08",16.2
"K",2013,"09",11
"K",2013,"10",7.7
"K",2013,"11",1.5
"K",2013,"12",-0.9
"K",2014,"01",-0.8
"K",2014,"02",-0.5
"K",2014,"03",3.5
"K",2014,"04",7
"K",2014,"05",9.2
"K",2014,"06",13.7
"K",2014,"07",14.9
"K",2014,"08",13.5
"K",2014,"09",11.1
"K",2014,"10",8.6
"K",2014,"11",5
"K",2014,"12",-1.1
"K",2015,"01",-2
"K",2015,"02",-2.1
"K",2015,"03",1.5
"K",2015,"04",5.8
"K",2015,"05",10.9
"K",2015,"06",14.3
"K",2015,"07",18
"K",2015,"08",16.5
"K",2015,"09",10.1
"K",2015,"10",6.1
"K",2015,"11",3.4
"K",2015,"12",0.6
"K",2016,"01",-2.8
"K",2016,"02",0.2
"K",2016,"03",1.3
"K",2016,"04",6.5
"K",2016,"05",9.5
"K",2016,"06",13.8
"K",2016,"07",16.4
"K",2016,"08",14.8
"K",2016,"09",12.8
"K",2016,"10",5.6
"K",2016,"11",1.6
"K",2016,"12",-1.1
"K",2017,"01",-6.7
"K",2017,"02",0.1
"K",2017,"03",4.4
"K",2017,"04",5.6
"K",2017,"05",11.1
"K",2017,"06",15.8
"K",2017,"07",16.1
"K",2017,"08",16.4
"K",2017,"09",9
"K",2017,"10",7.4
"K",2017,"11",0.8
"K",2017,"12",-3.2
"K",2018,"01",-1.2
"K",2018,"02",-5.3
"K",2018,"03",-0.4
"K",2018,"04",8.9
"K",2018,"05",11.8
"K",2018,"06",14.6
"K",2018,"07",16.3
"K",2018,"08",16.7
"K",2018,"09",12.7
"K",2018,"10",8
"K",2018,"11",3.2
"K",2018,"12",-1.9
"K",2019,"01",-4.3
"K",2019,"02",0.5
"K",2019,"03",2.7
"K",2019,"04",5.8
"K",2019,"05",7.2
"K",2019,"06",17.4
"K",2019,"07",16.7
"K",2019,"08",16.4
"K",2019,"09",11.7
"K",2019,"10",8.5
"K",2019,"11",2.6
"K",2019,"12",-1
"K",2020,"01",-1.3
"K",2020,"02",0.9
"K",2020,"03",1.3
"K",2020,"04",6.9
"K",2020,"05",9.7
"K",2020,"06",13.2
"K",2020,"07",15.5
"K",2020,"08",16.2
"K",2020,"09",12.1
"K",2020,"10",6
"K",2020,"11",2.3
"K",2020,"12",-2
"K",2021,"01",-5.2
"K",2021,"02",-0.2
"K",2021,"03",0.7
"K",2021,"04",3.2
"K",2021,"05",7.6
"K",2021,"06",16.1
"K",2021,"07",16.4
"K",2021,"08",14.4
"K",2021,"09",12.2
"K",2021,"10",5.6
"K",2021,"11",1.7
"K",2021,"12",-2.7
"K",2022,"01",-2.5
"K",2022,"02",-0.6
"K",2022,"03",1
"K",2022,"04",4.7
"K",2022,"05",12.1
"K",2022,"06",16.4
"K",2022,"07",17.5
"K",2022,"08",16.4
"K",2022,"09",10.3
"K",2022,"10",10
"K",2022,"11",2.6
"K",2022,"12",-1.3
"K",2023,"01",-1.8
"K",2023,"02",-0.8
"K",2023,"03",2.9
"K",2023,"04",4.1
"K",2023,"05",9.8
"K",2023,"06",14.9
"K",2023,"07",16.4
"K",2023,"08",16.1
"K",2023,"09",13.9
"K",2023,"10",9.9
"K",2023,"11",1.2
"K",2023,"12",-0.5
"K",2024,"01",-1.9
"K",2024,"02",2.5
"K",2024,"03",3.9
"K",2024,"04",7
"K",2024,"05",10.6
"K",2024,"06",14.9
"K",2024,"07",17.9
"K",2024,"08",18.6
"K",2024,"09",11.2
"K",2024,"10",8.6
"K",2024,"11",1.6
"K",2024,"12",-1.3
"K",2025,"01",-1.7
"K",2025,"02",-0.5
"K",2025,"03",3.3
"K",2025,"04",7.4
"K",2025,"05",9.9
"K",2025,"06",17.7
"K",2025,"07",15.6
"K",2025,"08",16.1
"K",2025,"09",12.7
"K",2025,"10",6
"K",2025,"11",1.4
"K",2025,"12",-0.4
"N",1850,"01",-6.7
"N",1850,"02",1.4
"N",1850,"03",-0.1
"N",1850,"04",7.8
"N",1850,"05",11.8
"N",1850,"06",15.4
"N",1850,"07",15.6
"N",1850,"08",17
"N",1850,"09",10.7
"N",1850,"10",6.4
"N",1850,"11",3.6
"N",1850,"12",-0.9
"N",1851,"01",-2.4
"N",1851,"02",-1.5
"N",1851,"03",2.4
"N",1851,"04",8.4
"N",1851,"05",8.5
"N",1851,"06",14.3
"N",1851,"07",14.8
"N",1851,"08",15.5
"N",1851,"09",10.3
"N",1851,"10",10
"N",1851,"11",-1.2
"N",1851,"12",-1.9
"N",1852,"01",-0.8
"N",1852,"02",0.7
"N",1852,"03",-0.5
"N",1852,"04",4.1
"N",1852,"05",12.2
"N",1852,"06",16
"N",1852,"07",17.9
"N",1852,"08",16.9
"N",1852,"09",13
"N",1852,"10",6.5
"N",1852,"11",5.7
"N",1852,"12",1.4
"N",1853,"01",-0.8
"N",1853,"02",-2.5
"N",1853,"03",-1.2
"N",1853,"04",4.3
"N",1853,"05",11.7
"N",1853,"06",15.6
"N",1853,"07",17.8
"N",1853,"08",17.1
"N",1853,"09",12.9
"N",1853,"10",8.6
"N",1853,"11",0.9
"N",1853,"12",-5.9
"N",1854,"01",-3.2
"N",1854,"02",-2.4
"N",1854,"03",1.4
"N",1854,"04",7
"N",1854,"05",13.2
"N",1854,"06",14.5
"N",1854,"07",17.3
"N",1854,"08",15.6
"N",1854,"09",12.3
"N",1854,"10",8.5
"N",1854,"11",-0.2
"N",1854,"12",1
"N",1855,"01",-4.8
"N",1855,"02",-4.5
"N",1855,"03",2.1
"N",1855,"04",5.9
"N",1855,"05",11.4
"N",1855,"06",16
"N",1855,"07",17.2
"N",1855,"08",17.6
"N",1855,"09",12.4
"N",1855,"10",11.1
"N",1855,"11",1.6
"N",1855,"12",-7.3
"N",1856,"01",-1.8
"N",1856,"02",0.6
"N",1856,"03",0
"N",1856,"04",9.2
"N",1856,"05",12.1
"N",1856,"06",17
"N",1856,"07",15
"N",1856,"08",18
"N",1856,"09",11.8
"N",1856,"10",8.9
"N",1856,"11",-1.7
"N",1856,"12",-3.2
"N",1857,"01",-4
"N",1857,"02",-4.7
"N",1857,"03",0.9
"N",1857,"04",7.1
"N",1857,"05",11.8
"N",1857,"06",15.3
"N",1857,"07",18.6
"N",1857,"08",18.1
"N",1857,"09",13.9
"N",1857,"10",11.1
"N",1857,"11",0.8
"N",1857,"12",-1.1
"N",1858,"01",-5.7
"N",1858,"02",-7.8
"N",1858,"03",0
"N",1858,"04",6.6
"N",1858,"05",10.7
"N",1858,"06",17.6
"N",1858,"07",16.6
"N",1858,"08",15.4
"N",1858,"09",14.8
"N",1858,"10",9.5
"N",1858,"11",-2.4
"N",1858,"12",-1.3
"N",1859,"01",-2.8
"N",1859,"02",0.2
"N",1859,"03",4.7
"N",1859,"04",7.3
"N",1859,"05",12.2
"N",1859,"06",15.8
"N",1859,"07",20.6
"N",1859,"08",19.1
"N",1859,"09",12.5
"N",1859,"10",9.5
"N",1859,"11",1
"N",1859,"12",-5
"N",1860,"01",-1.2
"N",1860,"02",-3.5
"N",1860,"03",-0.1
"N",1860,"04",6.5
"N",1860,"05",12.7
"N",1860,"06",15.8
"N",1860,"07",14.4
"N",1860,"08",16.2
"N",1860,"09",13.2
"N",1860,"10",6.8
"N",1860,"11",-0.5
"N",1860,"12",-2.7
"N",1861,"01",-6.3
"N",1861,"02",0.8
"N",1861,"03",3
"N",1861,"04",4.9
"N",1861,"05",9.9
"N",1861,"06",16.5
"N",1861,"07",17.3
"N",1861,"08",18.7
"N",1861,"09",13.9
"N",1861,"10",8.9
"N",1861,"11",2.4
"N",1861,"12",-3.2
"N",1862,"01",-4.4
"N",1862,"02",-2.1
"N",1862,"03",5
"N",1862,"04",10
"N",1862,"05",13.7
"N",1862,"06",15.2
"N",1862,"07",17.6
"N",1862,"08",15.9
"N",1862,"09",14.1
"N",1862,"10",10.2
"N",1862,"11",2.6
"N",1862,"12",-1.9
"N",1863,"01",0.9
"N",1863,"02",0.7
"N",1863,"03",4.1
"N",1863,"04",7.3
"N",1863,"05",13.5
"N",1863,"06",15.5
"N",1863,"07",16.5
"N",1863,"08",18.8
"N",1863,"09",13.8
"N",1863,"10",10
"N",1863,"11",3.3
"N",1863,"12",0.3
"N",1864,"01",-7.7
"N",1864,"02",-2
"N",1864,"03",3.4
"N",1864,"04",3.9
"N",1864,"05",9.6
"N",1864,"06",15.4
"N",1864,"07",15.3
"N",1864,"08",14.4
"N",1864,"09",13
"N",1864,"10",6.3
"N",1864,"11",0.9
"N",1864,"12",-5.3
"N",1865,"01",-1.9
"N",1865,"02",-6
"N",1865,"03",-2.1
"N",1865,"04",9.5
"N",1865,"05",15.8
"N",1865,"06",13.9
"N",1865,"07",19.6
"N",1865,"08",16.4
"N",1865,"09",13.9
"N",1865,"10",8.5
"N",1865,"11",3.5
"N",1865,"12",-2
"N",1866,"01",-0.1
"N",1866,"02",2
"N",1866,"03",2.8
"N",1866,"04",9.5
"N",1866,"05",9.9
"N",1866,"06",17.7
"N",1866,"07",16.2
"N",1866,"08",14.9
"N",1866,"09",15.2
"N",1866,"10",6.2
"N",1866,"11",2.6
"N",1866,"12",-1.1
"N",1867,"01",-2.2
"N",1867,"02",2.3
"N",1867,"03",1.2
"N",1867,"04",7.7
"N",1867,"05",11.9
"N",1867,"06",15.2
"N",1867,"07",16.1
"N",1867,"08",17.9
"N",1867,"09",14.3
"N",1867,"10",7.4
"N",1867,"11",0.4
"N",1867,"12",-3.8
"N",1868,"01",-3.2
"N",1868,"02",1.9
"N",1868,"03",2.3
"N",1868,"04",6.9
"N",1868,"05",16.5
"N",1868,"06",17.3
"N",1868,"07",17.6
"N",1868,"08",18.1
"N",1868,"09",15.8
"N",1868,"10",9.9
"N",1868,"11",1.4
"N",1868,"12",2
"N",1869,"01",-4.2
"N",1869,"02",3.6
"N",1869,"03",1.1
"N",1869,"04",9.8
"N",1869,"05",14.9
"N",1869,"06",13.4
"N",1869,"07",18.9
"N",1869,"08",15.7
"N",1869,"09",14.7
"N",1869,"10",5.5
"N",1869,"11",2.7
"N",1869,"12",-1
"N",1870,"01",-3.2
"N",1870,"02",-6.2
"N",1870,"03",-0.6
"N",1870,"04",6.3
"N",1870,"05",13.8
"N",1870,"06",15.3
"N",1870,"07",18.4
"N",1870,"08",15.4
"N",1870,"09",11.6
"N",1870,"10",7.5
"N",1870,"11",3.1
"N",1870,"12",-5.9
"N",1871,"01",-6.2
"N",1871,"02",-2.3
"N",1871,"03",2.7
"N",1871,"04",7
"N",1871,"05",8.8
"N",1871,"06",12.9
"N",1871,"07",17.6
"N",1871,"08",17.2
"N",1871,"09",13.9
"N",1871,"10",5.5
"N",1871,"11",0.2
"N",1871,"12",-8.6
"N",1872,"01",-3.3
"N",1872,"02",-1.4
"N",1872,"03",4.2
"N",1872,"04",9.3
"N",1872,"05",14
"N",1872,"06",15.1
"N",1872,"07",17.8
"N",1872,"08",15.7
"N",1872,"09",14.1
"N",1872,"10",10.5
"N",1872,"11",4
"N",1872,"12",1.4
"N",1873,"01",-0.6
"N",1873,"02",-1.8
"N",1873,"03",4.7
"N",1873,"04",6.3
"N",1873,"05",9.1
"N",1873,"06",15.1
"N",1873,"07",19
"N",1873,"08",18.7
"N",1873,"09",12.1
"N",1873,"10",10
"N",1873,"11",3.1
"N",1873,"12",-1
"N",1874,"01",-2.5
"N",1874,"02",-2
"N",1874,"03",1.6
"N",1874,"04",8.9
"N",1874,"05",8.1
"N",1874,"06",15.7
"N",1874,"07",19.7
"N",1874,"08",15.4
"N",1874,"09",15
"N",1874,"10",8.5
"N",1874,"11",-0.8
"N",1874,"12",-3.2
"N",1875,"01",-1.6
"N",1875,"02",-6.5
"N",1875,"03",-1.6
"N",1875,"04",6.5
"N",1875,"05",13.2
"N",1875,"06",17.8
"N",1875,"07",17
"N",1875,"08",17.7
"N",1875,"09",12
"N",1875,"10",5.8
"N",1875,"11",1.1
"N",1875,"12",-3.8
"N",1876,"01",-5.9
"N",1876,"02",-1.7
"N",1876,"03",3.3
"N",1876,"04",9.4
"N",1876,"05",8.2
"N",1876,"06",15.9
"N",1876,"07",17.1
"N",1876,"08",17.3
"N",1876,"09",12.1
"N",1876,"10",9.4
"N",1876,"11",-1.1
"N",1876,"12",0.5
"N",1877,"01",-0.4
"N",1877,"02",0.9
"N",1877,"03",1.4
"N",1877,"04",5.5
"N",1877,"05",9.4
"N",1877,"06",17.4
"N",1877,"07",16.6
"N",1877,"08",18.3
"N",1877,"09",10.2
"N",1877,"10",5.8
"N",1877,"11",3.1
"N",1877,"12",-1.9
"N",1878,"01",-3.7
"N",1878,"02",0.5
"N",1878,"03",2.1
"N",1878,"04",8
"N",1878,"05",12.2
"N",1878,"06",15.4
"N",1878,"07",15.9
"N",1878,"08",16.6
"N",1878,"09",13.7
"N",1878,"10",9
"N",1878,"11",1.6
"N",1878,"12",-4
"N",1879,"01",-3.8
"N",1879,"02",-0.2
"N",1879,"03",1.2
"N",1879,"04",6.6
"N",1879,"05",9.9
"N",1879,"06",16
"N",1879,"07",14.7
"N",1879,"08",17.6
"N",1879,"09",14
"N",1879,"10",6.7
"N",1879,"11",-0.9
"N",1879,"12",-9.4
"N",1880,"01",-4.5
"N",1880,"02",-3.3
"N",1880,"03",2.1
"N",1880,"04",9.2
"N",1880,"05",10.4
"N",1880,"06",14.9
"N",1880,"07",18.4
"N",1880,"08",15.3
"N",1880,"09",13.3
"N",1880,"10",7.9
"N",1880,"11",3.3
"N",1880,"12",2.1
"N",1881,"01",-6.7
"N",1881,"02",-2.2
"N",1881,"03",2.1
"N",1881,"04",4.6
"N",1881,"05",11.1
"N",1881,"06",14.7
"N",1881,"07",18.7
"N",1881,"08",17
"N",1881,"09",11.4
"N",1881,"10",4.7
"N",1881,"11",1.8
"N",1881,"12",-0.8
"N",1882,"01",-1.2
"N",1882,"02",-0.2
"N",1882,"03",6.5
"N",1882,"04",7.3
"N",1882,"05",12.5
"N",1882,"06",13.7
"N",1882,"07",17.1
"N",1882,"08",14.4
"N",1882,"09",13
"N",1882,"10",8.6
"N",1882,"11",2.8
"N",1882,"12",-0.7
"N",1883,"01",-3.1
"N",1883,"02",-0.2
"N",1883,"03",-1.9
"N",1883,"04",5.3
"N",1883,"05",12.5
"N",1883,"06",15.5
"N",1883,"07",16.7
"N",1883,"08",16.1
"N",1883,"09",12.9
"N",1883,"10",7.7
"N",1883,"11",2
"N",1883,"12",-1.4
"N",1884,"01",0.4
"N",1884,"02",0.4
"N",1884,"03",3.5
"N",1884,"04",5.8
"N",1884,"05",13
"N",1884,"06",12.3
"N",1884,"07",17.7
"N",1884,"08",16.1
"N",1884,"09",13.1
"N",1884,"10",6.9
"N",1884,"11",0.4
"N",1884,"12",-0.1
"N",1885,"01",-5.7
"N",1885,"02",0.1
"N",1885,"03",2.7
"N",1885,"04",9.6
"N",1885,"05",10.3
"N",1885,"06",16.9
"N",1885,"07",17.8
"N",1885,"08",15.3
"N",1885,"09",13.2
"N",1885,"10",7.5
"N",1885,"11",2.6
"N",1885,"12",-2.6
"N",1886,"01",-3.8
"N",1886,"02",-3.6
"N",1886,"03",-1
"N",1886,"04",8.9
"N",1886,"05",12.5
"N",1886,"06",13.9
"N",1886,"07",17.1
"N",1886,"08",17
"N",1886,"09",14.9
"N",1886,"10",9.2
"N",1886,"11",3.2
"N",1886,"12",-0.7
"N",1887,"01",-5.6
"N",1887,"02",-3.7
"N",1887,"03",0.2
"N",1887,"04",7.4
"N",1887,"05",10.3
"N",1887,"06",15
"N",1887,"07",19.6
"N",1887,"08",16.2
"N",1887,"09",13.4
"N",1887,"10",4.9
"N",1887,"11",2.2
"N",1887,"12",-3.3
"N",1888,"01",-4.7
"N",1888,"02",-3.9
"N",1888,"03",1.2
"N",1888,"04",5.9
"N",1888,"05",12.9
"N",1888,"06",15.6
"N",1888,"07",15.1
"N",1888,"08",15.5
"N",1888,"09",12.5
"N",1888,"10",5.8
"N",1888,"11",0.3
"N",1888,"12",-1.3
"N",1889,"01",-4.4
"N",1889,"02",-3.3
"N",1889,"03",-0.8
"N",1889,"04",6.9
"N",1889,"05",15.6
"N",1889,"06",17.8
"N",1889,"07",16.9
"N",1889,"08",15.6
"N",1889,"09",10.3
"N",1889,"10",8.7
"N",1889,"11",1.2
"N",1889,"12",-4.9
"N",1890,"01",-0.4
"N",1890,"02",-4.3
"N",1890,"03",3.4
"N",1890,"04",6.9
"N",1890,"05",13.3
"N",1890,"06",13.6
"N",1890,"07",16.3
"N",1890,"08",18.1
"N",1890,"09",11.8
"N",1890,"10",6.5
"N",1890,"11",1.8
"N",1890,"12",-6.6
"N",1891,"01",-7.2
"N",1891,"02",-3.9
"N",1891,"03",2.4
"N",1891,"04",5
"N",1891,"05",13.9
"N",1891,"06",15
"N",1891,"07",16.3
"N",1891,"08",15.2
"N",1891,"09",13.4
"N",1891,"10",9.4
"N",1891,"11",0.9
"N",1891,"12",-0.6
"N",1892,"01",-2.8
"N",1892,"02",-0.5
"N",1892,"03",0
"N",1892,"04",7.8
"N",1892,"05",11.9
"N",1892,"06",15.4
"N",1892,"07",16.2
"N",1892,"08",18.8
"N",1892,"09",13.9
"N",1892,"10",7.1
"N",1892,"11",0.4
"N",1892,"12",-3.9
"N",1893,"01",-9.6
"N",1893,"02",0.1
"N",1893,"03",3.3
"N",1893,"04",8
"N",1893,"05",11.4
"N",1893,"06",15
"N",1893,"07",17.2
"N",1893,"08",16.9
"N",1893,"09",12.8
"N",1893,"10",9
"N",1893,"11",0.8
"N",1893,"12",-2.1
"N",1894,"01",-5.7
"N",1894,"02",0.4
"N",1894,"03",3.8
"N",1894,"04",10.4
"N",1894,"05",12.2
"N",1894,"06",13.8
"N",1894,"07",18.1
"N",1894,"08",16
"N",1894,"09",11.3
"N",1894,"10",8
"N",1894,"11",2.8
"N",1894,"12",-2
"N",1895,"01",-5.1
"N",1895,"02",-7.7
"N",1895,"03",0.1
"N",1895,"04",7.2
"N",1895,"05",11.3
"N",1895,"06",15.3
"N",1895,"07",18.3
"N",1895,"08",16.1
"N",1895,"09",14.6
"N",1895,"10",6.9
"N",1895,"11",3.5
"N",1895,"12",-1.8
"N",1896,"01",-5.3
"N",1896,"02",-2
"N",1896,"03",4.1
"N",1896,"04",5
"N",1896,"05",10.1
"N",1896,"06",15.5
"N",1896,"07",17.2
"N",1896,"08",14.2
"N",1896,"09",12.8
"N",1896,"10",8.8
"N",1896,"11",0.9
"N",1896,"12",-2
"N",1897,"01",-3
"N",1897,"02",0.5
"N",1897,"03",4.9
"N",1897,"04",7.1
"N",1897,"05",10.1
"N",1897,"06",16.2
"N",1897,"07",16.8
"N",1897,"08",16.6
"N",1897,"09",12.9
"N",1897,"10",6.3
"N",1897,"11",0.5
"N",1897,"12",-1.9
"N",1898,"01",-0.7
"N",1898,"02",-0.2
"N",1898,"03",3.4
"N",1898,"04",8.2
"N",1898,"05",12.1
"N",1898,"06",14.3
"N",1898,"07",15.4
"N",1898,"08",17.4
"N",1898,"09",13.2
"N",1898,"10",8.7
"N",1898,"11",4.3
"N",1898,"12",0.1
"N",1899,"01",0.4
"N",1899,"02",-0.3
"N",1899,"03",2
"N",1899,"04",7.3
"N",1899,"05",10.9
"N",1899,"06",14.4
"N",1899,"07",16.8
"N",1899,"08",16
"N",1899,"09",12.4
"N",1899,"10",6.7
"N",1899,"11",4.3
"N",1899,"12",-6.2
"N",1900,"01",-1.6
"N",1900,"02",1.2
"N",1900,"03",-0.8
"N",1900,"04",5.6
"N",1900,"05",10.3
"N",1900,"06",15.5
"N",1900,"07",18.2
"N",1900,"08",15.9
"N",1900,"09",14.2
"N",1900,"10",8.1
"N",1900,"11",4.6
"N",1900,"12",0
"N",1901,"01",-6.2
"N",1901,"02",-5.7
"N",1901,"03",1.6
"N",1901,"04",7.6
"N",1901,"05",12.6
"N",1901,"06",16.2
"N",1901,"07",18
"N",1901,"08",16.4
"N",1901,"09",12.5
"N",1901,"10",9
"N",1901,"11",1.1
"N",1901,"12",0.4
"N",1902,"01",1.2
"N",1902,"02",-1.6
"N",1902,"03",2.4
"N",1902,"04",7.2
"N",1902,"05",8.1
"N",1902,"06",14.1
"N",1902,"07",15.9
"N",1902,"08",15.9
"N",1902,"09",12.1
"N",1902,"10",6.8
"N",1902,"11",-0.7
"N",1902,"12",-4.4
"N",1903,"01",-4.1
"N",1903,"02",2.1
"N",1903,"03",4.8
"N",1903,"04",4.5
"N",1903,"05",12.2
"N",1903,"06",14.5
"N",1903,"07",16.3
"N",1903,"08",16
"N",1903,"09",12.7
"N",1903,"10",8.9
"N",1903,"11",3.7
"N",1903,"12",-1.7
"N",1904,"01",-3.3
"N",1904,"02",0.1
"N",1904,"03",2.8
"N",1904,"04",8.1
"N",1904,"05",11.9
"N",1904,"06",15.6
"N",1904,"07",19
"N",1904,"08",17.3
"N",1904,"09",11.3
"N",1904,"10",7.6
"N",1904,"11",1.7
"N",1904,"12",-0.4
"N",1905,"01",-4.7
"N",1905,"02",-0.5
"N",1905,"03",3.7
"N",1905,"04",5.2
"N",1905,"05",11.6
"N",1905,"06",16.2
"N",1905,"07",18.8
"N",1905,"08",17
"N",1905,"09",13.9
"N",1905,"10",3.6
"N",1905,"11",2.5
"N",1905,"12",-0.3
"N",1906,"01",-1.6
"N",1906,"02",-1.6
"N",1906,"03",2.3
"N",1906,"04",8
"N",1906,"05",12.4
"N",1906,"06",14.1
"N",1906,"07",16.9
"N",1906,"08",15.9
"N",1906,"09",11.5
"N",1906,"10",7.8
"N",1906,"11",5.2
"N",1906,"12",-3.7
"N",1907,"01",-2.6
"N",1907,"02",-3
"N",1907,"03",0.9
"N",1907,"04",4.9
"N",1907,"05",13.7
"N",1907,"06",15.5
"N",1907,"07",15.1
"N",1907,"08",16.3
"N",1907,"09",12.7
"N",1907,"10",11.6
"N",1907,"11",1.1
"N",1907,"12",0.2
"N",1908,"01",-4.2
"N",1908,"02",-0.2
"N",1908,"03",1.5
"N",1908,"04",5.5
"N",1908,"05",14.2
"N",1908,"06",16.9
"N",1908,"07",16.8
"N",1908,"08",14.8
"N",1908,"09",11.1
"N",1908,"10",7.4
"N",1908,"11",-0.9
"N",1908,"12",-3
"N",1909,"01",-3.9
"N",1909,"02",-4.4
"N",1909,"03",0.9
"N",1909,"04",7.8
"N",1909,"05",10.1
"N",1909,"06",14.2
"N",1909,"07",15.2
"N",1909,"08",16.4
"N",1909,"09",12.8
"N",1909,"10",9.2
"N",1909,"11",1.3
"N",1909,"12",-0.6
"N",1910,"01",-1.2
"N",1910,"02",0.5
"N",1910,"03",3.1
"N",1910,"04",6.5
"N",1910,"05",11.5
"N",1910,"06",15.5
"N",1910,"07",15.2
"N",1910,"08",15.5
"N",1910,"09",11.2
"N",1910,"10",8.1
"N",1910,"11",1.5
"N",1910,"12",1.5
"N",1911,"01",-3.6
"N",1911,"02",-1.2
"N",1911,"03",3.2
"N",1911,"04",6.7
"N",1911,"05",11.8
"N",1911,"06",14.4
"N",1911,"07",18.5
"N",1911,"08",18.1
"N",1911,"09",13.7
"N",1911,"10",7.4
"N",1911,"11",3.7
"N",1911,"12",0.7
"N",1912,"01",-4.3
"N",1912,"02",0.8
"N",1912,"03",5.1
"N",1912,"04",5.7
"N",1912,"05",11.6
"N",1912,"06",15.6
"N",1912,"07",16.7
"N",1912,"08",14.3
"N",1912,"09",8.1
"N",1912,"10",5.1
"N",1912,"11",-0.3
"N",1912,"12",0.6
"N",1913,"01",-3.4
"N",1913,"02",-1.4
"N",1913,"03",5
"N",1913,"04",7.3
"N",1913,"05",11.2
"N",1913,"06",14.5
"N",1913,"07",13.9
"N",1913,"08",14.6
"N",1913,"09",12.1
"N",1913,"10",8.1
"N",1913,"11",4.7
"N",1913,"12",0.5
"N",1914,"01",-6.1
"N",1914,"02",-2
"N",1914,"03",3.6
"N",1914,"04",9
"N",1914,"05",11.2
"N",1914,"06",14.3
"N",1914,"07",15.9
"N",1914,"08",16.3
"N",1914,"09",11.8
"N",1914,"10",7.1
"N",1914,"11",2
"N",1914,"12",0.2
"N",1915,"01",-0.8
"N",1915,"02",-0.8
"N",1915,"03",1.1
"N",1915,"04",7
"N",1915,"05",13
"N",1915,"06",16.8
"N",1915,"07",16.1
"N",1915,"08",14.5
"N",1915,"09",10.6
"N",1915,"10",5.7
"N",1915,"11",0
"N",1915,"12",2.4
"N",1916,"01",2.5
"N",1916,"02",-0.6
"N",1916,"03",5.5
"N",1916,"04",7.5
"N",1916,"05",12.7
"N",1916,"06",13.4
"N",1916,"07",16.4
"N",1916,"08",15.6
"N",1916,"09",11.1
"N",1916,"10",7.4
"N",1916,"11",3.7
"N",1916,"12",1.8
"N",1917,"01",-3.6
"N",1917,"02",-5.4
"N",1917,"03",0.2
"N",1917,"04",4.1
"N",1917,"05",13.8
"N",1917,"06",17.5
"N",1917,"07",17.9
"N",1917,"08",17.3
"N",1917,"09",14.6
"N",1917,"10",7.2
"N",1917,"11",3.4
"N",1917,"12",-3.5
"N",1918,"01",-1.8
"N",1918,"02",-0.2
"N",1918,"03",3.4
"N",1918,"04",9.6
"N",1918,"05",13.3
"N",1918,"06",12.9
"N",1918,"07",16.1
"N",1918,"08",15.6
"N",1918,"09",13.2
"N",1918,"10",7.3
"N",1918,"11",1.4
"N",1918,"12",1.4
"N",1919,"01",0.1
"N",1919,"02",-2.2
"N",1919,"03",2.7
"N",1919,"04",5.3
"N",1919,"05",9
"N",1919,"06",14.4
"N",1919,"07",14.5
"N",1919,"08",16.3
"N",1919,"09",14.6
"N",1919,"10",5.8
"N",1919,"11",0.4
"N",1919,"12",-0.6
"N",1920,"01",1.3
"N",1920,"02",1.3
"N",1920,"03",5.3
"N",1920,"04",9.7
"N",1920,"05",13.8
"N",1920,"06",13.7
"N",1920,"07",17.1
"N",1920,"08",14.9
"N",1920,"09",12.9
"N",1920,"10",5.8
"N",1920,"11",-1
"N",1920,"12",-0.6
"N",1921,"01",2.8
"N",1921,"02",-0.4
"N",1921,"03",4.5
"N",1921,"04",6.4
"N",1921,"05",13.9
"N",1921,"06",14.4
"N",1921,"07",18.5
"N",1921,"08",17.6
"N",1921,"09",12.9
"N",1921,"10",9.4
"N",1921,"11",-0.1
"N",1921,"12",-1.5
"N",1922,"01",-4
"N",1922,"02",-3.4
"N",1922,"03",3.7
"N",1922,"04",5.8
"N",1922,"05",12.8
"N",1922,"06",16
"N",1922,"07",16.5
"N",1922,"08",16
"N",1922,"09",10.8
"N",1922,"10",5.2
"N",1922,"11",0.9
"N",1922,"12",-0.6
"N",1923,"01",-0.7
"N",1923,"02",-0.8
"N",1923,"03",3.5
"N",1923,"04",6.1
"N",1923,"05",12.9
"N",1923,"06",11.8
"N",1923,"07",18.1
"N",1923,"08",16.4
"N",1923,"09",12.7
"N",1923,"10",9.8
"N",1923,"11",3.2
"N",1923,"12",-2.5
"N",1924,"01",-4.2
"N",1924,"02",-4.2
"N",1924,"03",1.1
"N",1924,"04",6.2
"N",1924,"05",13.4
"N",1924,"06",14.8
"N",1924,"07",16.6
"N",1924,"08",14.3
"N",1924,"09",13.5
"N",1924,"10",7.9
"N",1924,"11",1.7
"N",1924,"12",-1.7
"N",1925,"01",-0.3
"N",1925,"02",2.1
"N",1925,"03",0.8
"N",1925,"04",7.7
"N",1925,"05",12.9
"N",1925,"06",14.2
"N",1925,"07",16.6
"N",1925,"08",15.9
"N",1925,"09",10.9
"N",1925,"10",7.4
"N",1925,"11",1.8
"N",1925,"12",-2.4
"N",1926,"01",-2.5
"N",1926,"02",2.6
"N",1926,"03",2.9
"N",1926,"04",8.8
"N",1926,"05",10.9
"N",1926,"06",13.1
"N",1926,"07",16.1
"N",1926,"08",15.3
"N",1926,"09",14
"N",1926,"10",8.2
"N",1926,"11",6.7
"N",1926,"12",-0.8
"N",1927,"01",-0.1
"N",1927,"02",-1.3
"N",1927,"03",4.9
"N",1927,"04",7.1
"N",1927,"05",11.2
"N",1927,"06",15.7
"N",1927,"07",17.4
"N",1927,"08",16.8
"N",1927,"09",13.4
"N",1927,"10",7.4
"N",1927,"11",2.7
"N",1927,"12",-4.4
"N",1928,"01",-0.6
"N",1928,"02",0.4
"N",1928,"03",1.3
"N",1928,"04",7.8
"N",1928,"05",9.3
"N",1928,"06",14.3
"N",1928,"07",19.1
"N",1928,"08",17.2
"N",1928,"09",12.8
"N",1928,"10",7.9
"N",1928,"11",5.4
"N",1928,"12",-2.1
"N",1929,"01",-6.7
"N",1929,"02",-11.6
"N",1929,"03",0.6
"N",1929,"04",4.2
"N",1929,"05",12.8
"N",1929,"06",14.8
"N",1929,"07",17.5
"N",1929,"08",17.1
"N",1929,"09",14.4
"N",1929,"10",9
"N",1929,"11",4
"N",1929,"12",1.1
"N",1930,"01",-1.3
"N",1930,"02",-2.5
"N",1930,"03",4.1
"N",1930,"04",8.1
"N",1930,"05",11.5
"N",1930,"06",18
"N",1930,"07",16.8
"N",1930,"08",15.7
"N",1930,"09",13.4
"N",1930,"10",7.8
"N",1930,"11",4.8
"N",1930,"12",-1.1
"N",1931,"01",-1.7
"N",1931,"02",-2.3
"N",1931,"03",-0.6
"N",1931,"04",5.1
"N",1931,"05",15.2
"N",1931,"06",16.9
"N",1931,"07",17.5
"N",1931,"08",15.3
"N",1931,"09",9.2
"N",1931,"10",6.3
"N",1931,"11",2
"N",1931,"12",-1.8
"N",1932,"01",-1.1
"N",1932,"02",-4.9
"N",1932,"03",-0.9
"N",1932,"04",7.2
"N",1932,"05",12.5
"N",1932,"06",14.1
"N",1932,"07",18.1
"N",1932,"08",18.4
"N",1932,"09",16.3
"N",1932,"10",8.4
"N",1932,"11",2.8
"N",1932,"12",-1.5
"N",1933,"01",-5.3
"N",1933,"02",-1
"N",1933,"03",3
"N",1933,"04",6
"N",1933,"05",10.8
"N",1933,"06",13.3
"N",1933,"07",17.2
"N",1933,"08",16.7
"N",1933,"09",12.6
"N",1933,"10",7.8
"N",1933,"11",2
"N",1933,"12",-5.9
"N",1934,"01",-2.1
"N",1934,"02",-0.7
"N",1934,"03",4.7
"N",1934,"04",10
"N",1934,"05",13.8
"N",1934,"06",15.3
"N",1934,"07",18.6
"N",1934,"08",16.7
"N",1934,"09",14.7
"N",1934,"10",8
"N",1934,"11",4
"N",1934,"12",3.5
"N",1935,"01",-4.1
"N",1935,"02",-0.6
"N",1935,"03",1
"N",1935,"04",6.7
"N",1935,"05",10.3
"N",1935,"06",17.3
"N",1935,"07",17.5
"N",1935,"08",16.3
"N",1935,"09",13.2
"N",1935,"10",9
"N",1935,"11",3.5
"N",1935,"12",-1.5
"N",1936,"01",0.5
"N",1936,"02",-0.7
"N",1936,"03",4.4
"N",1936,"04",7.6
"N",1936,"05",12.5
"N",1936,"06",15.3
"N",1936,"07",17.4
"N",1936,"08",15.3
"N",1936,"09",12.6
"N",1936,"10",5
"N",1936,"11",2
"N",1936,"12",-0.6
"N",1937,"01",-3.9
"N",1937,"02",-0.1
"N",1937,"03",3.7
"N",1937,"04",7
"N",1937,"05",14.4
"N",1937,"06",16.7
"N",1937,"07",17.1
"N",1937,"08",16.2
"N",1937,"09",12.9
"N",1937,"10",8.8
"N",1937,"11",2.8
"N",1937,"12",-1.7
"N",1938,"01",-1
"N",1938,"02",-0.3
"N",1938,"03",6.3
"N",1938,"04",4.1
"N",1938,"05",10.5
"N",1938,"06",16.6
"N",1938,"07",17.1
"N",1938,"08",16.8
"N",1938,"09",12.5
"N",1938,"10",8.8
"N",1938,"11",4.8
"N",1938,"12",-3.4
"N",1939,"01",-0.9
"N",1939,"02",0.1
"N",1939,"03",0.2
"N",1939,"04",9.9
"N",1939,"05",10.4
"N",1939,"06",15.5
"N",1939,"07",17
"N",1939,"08",17
"N",1939,"09",12.5
"N",1939,"10",6.1
"N",1939,"11",3.8
"N",1939,"12",-3.3
"N",1940,"01",-10.1
"N",1940,"02",-6.7
"N",1940,"03",0.6
"N",1940,"04",7.5
"N",1940,"05",10.7
"N",1940,"06",15.4
"N",1940,"07",16
"N",1940,"08",14.1
"N",1940,"09",12.7
"N",1940,"10",7.6
"N",1940,"11",4.2
"N",1940,"12",-5.2
"N",1941,"01",-5.9
"N",1941,"02",-1.2
"N",1941,"03",2.9
"N",1941,"04",5.7
"N",1941,"05",9.2
"N",1941,"06",15.3
"N",1941,"07",16.8
"N",1941,"08",15.4
"N",1941,"09",11.2
"N",1941,"10",7.2
"N",1941,"11",-0.1
"N",1941,"12",-0.3
"N",1942,"01",-10.4
"N",1942,"02",-5.6
"N",1942,"03",0.4
"N",1942,"04",6.1
"N",1942,"05",12.4
"N",1942,"06",14.8
"N",1942,"07",16.2
"N",1942,"08",17
"N",1942,"09",16.3
"N",1942,"10",10.4
"N",1942,"11",1.9
"N",1942,"12",-0.1
"N",1943,"01",-4.6
"N",1943,"02",1.7
"N",1943,"03",4.6
"N",1943,"04",8.7
"N",1943,"05",11.6
"N",1943,"06",13.9
"N",1943,"07",17
"N",1943,"08",18.4
"N",1943,"09",14.5
"N",1943,"10",9.5
"N",1943,"11",2
"N",1943,"12",-1
"N",1944,"01",1.6
"N",1944,"02",-2.9
"N",1944,"03",-0.6
"N",1944,"04",7.8
"N",1944,"05",10.9
"N",1944,"06",14.2
"N",1944,"07",16.6
"N",1944,"08",18.8
"N",1944,"09",12.8
"N",1944,"10",8.2
"N",1944,"11",2.6
"N",1944,"12",-2.5
"N",1945,"01",-6.7
"N",1945,"02",1.5
"N",1945,"03",4.7
"N",1945,"04",8.4
"N",1945,"05",13.8
"N",1945,"06",16.8
"N",1945,"07",18.6
"N",1945,"08",16.9
"N",1945,"09",13.4
"N",1945,"10",8
"N",1945,"11",2.5
"N",1945,"12",-0.3
"N",1946,"01",-4.6
"N",1946,"02",1.1
"N",1946,"03",4.1
"N",1946,"04",10.4
"N",1946,"05",14.7
"N",1946,"06",16
"N",1946,"07",18.7
"N",1946,"08",17.4
"N",1946,"09",14.2
"N",1946,"10",5.1
"N",1946,"11",2
"N",1946,"12",-3.9
"N",1947,"01",-7.1
"N",1947,"02",-6.2
"N",1947,"03",2.6
"N",1947,"04",9.7
"N",1947,"05",14
"N",1947,"06",17.1
"N",1947,"07",19
"N",1947,"08",17.6
"N",1947,"09",16.6
"N",1947,"10",6.6
"N",1947,"11",5
"N",1947,"12",0.4
"N",1948,"01",1.4
"N",1948,"02",-0.8
"N",1948,"03",4.8
"N",1948,"04",9.6
"N",1948,"05",14.3
"N",1948,"06",14.8
"N",1948,"07",15.6
"N",1948,"08",16.7
"N",1948,"09",13.8
"N",1948,"10",8.4
"N",1948,"11",2.9
"N",1948,"12",-2.7
"N",1949,"01",-0.5
"N",1949,"02",0.3
"N",1949,"03",1
"N",1949,"04",9.7
"N",1949,"05",12.6
"N",1949,"06",14
"N",1949,"07",17.1
"N",1949,"08",16.2
"N",1949,"09",14.7
"N",1949,"10",9.1
"N",1949,"11",3.4
"N",1949,"12",1.3
"N",1950,"01",-3.9
"N",1950,"02",0.5
"N",1950,"03",4.8
"N",1950,"04",7.9
"N",1950,"05",14.2
"N",1950,"06",17.8
"N",1950,"07",19.1
"N",1950,"08",17.6
"N",1950,"09",13.2
"N",1950,"10",6.3
"N",1950,"11",2.9
"N",1950,"12",-1.6
"N",1951,"01",-0.5
"N",1951,"02",1.2
"N",1951,"03",2.2
"N",1951,"04",7.8
"N",1951,"05",11.7
"N",1951,"06",15.6
"N",1951,"07",17.5
"N",1951,"08",17.9
"N",1951,"09",14.7
"N",1951,"10",6.7
"N",1951,"11",5.4
"N",1951,"12",0.4
"N",1952,"01",-1.3
"N",1952,"02",-1.2
"N",1952,"03",0.4
"N",1952,"04",10.2
"N",1952,"05",11.4
"N",1952,"06",15.5
"N",1952,"07",18.8
"N",1952,"08",18.6
"N",1952,"09",10.6
"N",1952,"10",6.8
"N",1952,"11",1.4
"N",1952,"12",-2.4
"N",1953,"01",-1.9
"N",1953,"02",-0.8
"N",1953,"03",3.7
"N",1953,"04",8.9
"N",1953,"05",12
"N",1953,"06",16
"N",1953,"07",18.4
"N",1953,"08",16
"N",1953,"09",14.3
"N",1953,"10",9.8
"N",1953,"11",2.1
"N",1953,"12",-0.3
"N",1954,"01",-5.8
"N",1954,"02",-6.5
"N",1954,"03",3.9
"N",1954,"04",5.5
"N",1954,"05",11.5
"N",1954,"06",16.5
"N",1954,"07",15
"N",1954,"08",16.5
"N",1954,"09",14.4
"N",1954,"10",8
"N",1954,"11",1.9
"N",1954,"12",1.9
"N",1955,"01",-3.3
"N",1955,"02",-2
"N",1955,"03",0.4
"N",1955,"04",5.9
"N",1955,"05",11.1
"N",1955,"06",14.6
"N",1955,"07",17.2
"N",1955,"08",15.9
"N",1955,"09",13.1
"N",1955,"10",7.5
"N",1955,"11",2.6
"N",1955,"12",1.6
"N",1956,"01",-1.2
"N",1956,"02",-10.3
"N",1956,"03",0.7
"N",1956,"04",6.6
"N",1956,"05",12.2
"N",1956,"06",14
"N",1956,"07",17.5
"N",1956,"08",16.1
"N",1956,"09",14.1
"N",1956,"10",7.7
"N",1956,"11",0.5
"N",1956,"12",-0.5
"N",1957,"01",-2.6
"N",1957,"02",2.2
"N",1957,"03",5.4
"N",1957,"04",7.5
"N",1957,"05",9.7
"N",1957,"06",17.4
"N",1957,"07",17.8
"N",1957,"08",15.4
"N",1957,"09",11.8
"N",1957,"10",7.7
"N",1957,"11",3.9
"N",1957,"12",-0.3
"N",1958,"01",-2
"N",1958,"02",1
"N",1958,"03",-1.4
"N",1958,"04",5.4
"N",1958,"05",15.3
"N",1958,"06",14.7
"N",1958,"07",17.6
"N",1958,"08",16.9
"N",1958,"09",13.6
"N",1958,"10",8.6
"N",1958,"11",4
"N",1958,"12",0.4
"N",1959,"01",-1.7
"N",1959,"02",-2.1
"N",1959,"03",5.4
"N",1959,"04",8.6
"N",1959,"05",12.3
"N",1959,"06",15.3
"N",1959,"07",18
"N",1959,"08",16.5
"N",1959,"09",12
"N",1959,"10",7.4
"N",1959,"11",2.8
"N",1959,"12",1.3
"N",1960,"01",-2.7
"N",1960,"02",-1.7
"N",1960,"03",3.5
"N",1960,"04",7.7
"N",1960,"05",12.1
"N",1960,"06",15.9
"N",1960,"07",15.8
"N",1960,"08",16.6
"N",1960,"09",12.2
"N",1960,"10",9
"N",1960,"11",5
"N",1960,"12",0.2
"N",1961,"01",-3.7
"N",1961,"02",2
"N",1961,"03",5.8
"N",1961,"04",10.9
"N",1961,"05",10.5
"N",1961,"06",16.6
"N",1961,"07",16
"N",1961,"08",16.8
"N",1961,"09",15.8
"N",1961,"10",9.6
"N",1961,"11",2.7
"N",1961,"12",-2.9
"N",1962,"01",-1.2
"N",1962,"02",-1.3
"N",1962,"03",-0.4
"N",1962,"04",8.9
"N",1962,"05",10.3
"N",1962,"06",13.8
"N",1962,"07",15.9
"N",1962,"08",18.1
"N",1962,"09",12.3
"N",1962,"10",8
"N",1962,"11",2.3
"N",1962,"12",-5.5
"N",1963,"01",-7.9
"N",1963,"02",-6.7
"N",1963,"03",1
"N",1963,"04",8.8
"N",1963,"05",12.1
"N",1963,"06",16.3
"N",1963,"07",18.5
"N",1963,"08",17
"N",1963,"09",14.4
"N",1963,"10",7.9
"N",1963,"11",6.3
"N",1963,"12",-5.4
"N",1964,"01",-6.3
"N",1964,"02",-1.3
"N",1964,"03",-0.4
"N",1964,"04",9.1
"N",1964,"05",12.7
"N",1964,"06",17.5
"N",1964,"07",18.1
"N",1964,"08",15.9
"N",1964,"09",13.5
"N",1964,"10",7
"N",1964,"11",4.6
"N",1964,"12",-2.1
"N",1965,"01",-0.9
"N",1965,"02",-4.4
"N",1965,"03",1.7
"N",1965,"04",6.6
"N",1965,"05",10.6
"N",1965,"06",15.5
"N",1965,"07",16.2
"N",1965,"08",15
"N",1965,"09",13.1
"N",1965,"10",7
"N",1965,"11",0.7
"N",1965,"12",1
"N",1966,"01",-5.1
"N",1966,"02",4.5
"N",1966,"03",2.6
"N",1966,"04",9.6
"N",1966,"05",12.5
"N",1966,"06",16.1
"N",1966,"07",16.2
"N",1966,"08",15.7
"N",1966,"09",13.5
"N",1966,"10",11.6
"N",1966,"11",1.7
"N",1966,"12",0.2
"N",1967,"01",-1.9
"N",1967,"02",0.9
"N",1967,"03",4.6
"N",1967,"04",7.1
"N",1967,"05",12.6
"N",1967,"06",15.3
"N",1967,"07",19
"N",1967,"08",16.9
"N",1967,"09",14
"N",1967,"10",10.1
"N",1967,"11",2.8
"N",1967,"12",-1
"N",1968,"01",-3.1
"N",1968,"02",0.4
"N",1968,"03",4
"N",1968,"04",9.3
"N",1968,"05",12.4
"N",1968,"06",16.4
"N",1968,"07",16.9
"N",1968,"08",15.7
"N",1968,"09",13
"N",1968,"10",8.8
"N",1968,"11",3.7
"N",1968,"12",-3.6
"N",1969,"01",-2.7
"N",1969,"02",-2.3
"N",1969,"03",0.8
"N",1969,"04",7.6
"N",1969,"05",14.6
"N",1969,"06",14.6
"N",1969,"07",17.9
"N",1969,"08",15.7
"N",1969,"09",14
"N",1969,"10",9.3
"N",1969,"11",4.6
"N",1969,"12",-5.2
"N",1970,"01",-3.4
"N",1970,"02",-1.6
"N",1970,"03",1.2
"N",1970,"04",6.5
"N",1970,"05",10.5
"N",1970,"06",16.7
"N",1970,"07",17
"N",1970,"08",16.8
"N",1970,"09",12.9
"N",1970,"10",7.6
"N",1970,"11",5.3
"N",1970,"12",-1.1
"N",1971,"01",-3.7
"N",1971,"02",0.1
"N",1971,"03",0.2
"N",1971,"04",8.6
"N",1971,"05",13.6
"N",1971,"06",14.3
"N",1971,"07",17.9
"N",1971,"08",18.7
"N",1971,"09",11.5
"N",1971,"10",7.6
"N",1971,"11",2.8
"N",1971,"12",2
"N",1972,"01",-3.5
"N",1972,"02",0.8
"N",1972,"03",5.2
"N",1972,"04",7.3
"N",1972,"05",11.9
"N",1972,"06",15.9
"N",1972,"07",17.5
"N",1972,"08",16.4
"N",1972,"09",10.7
"N",1972,"10",5.6
"N",1972,"11",3.1
"N",1972,"12",-1.5
"N",1973,"01",-2
"N",1973,"02",-0.2
"N",1973,"03",3
"N",1973,"04",5.6
"N",1973,"05",13.1
"N",1973,"06",15.6
"N",1973,"07",17.3
"N",1973,"08",17.8
"N",1973,"09",14.3
"N",1973,"10",6.6
"N",1973,"11",1.7
"N",1973,"12",-1.2
"N",1974,"01",0.7
"N",1974,"02",2.5
"N",1974,"03",6
"N",1974,"04",7.5
"N",1974,"05",11.2
"N",1974,"06",13.7
"N",1974,"07",16.3
"N",1974,"08",18.5
"N",1974,"09",13.3
"N",1974,"10",4.6
"N",1974,"11",2.6
"N",1974,"12",2.9
"N",1975,"01",1.7
"N",1975,"02",-0.4
"N",1975,"03",3.8
"N",1975,"04",7.1
"N",1975,"05",13.5
"N",1975,"06",14.6
"N",1975,"07",17.6
"N",1975,"08",17.2
"N",1975,"09",15.9
"N",1975,"10",7.6
"N",1975,"11",1.6
"N",1975,"12",-0.9
"N",1976,"01",0.2
"N",1976,"02",-1
"N",1976,"03",0.6
"N",1976,"04",7.9
"N",1976,"05",12.6
"N",1976,"06",16.5
"N",1976,"07",18.6
"N",1976,"08",14.7
"N",1976,"09",11.9
"N",1976,"10",9.1
"N",1976,"11",4.3
"N",1976,"12",-1.9
"N",1977,"01",-1.6
"N",1977,"02",1.8
"N",1977,"03",6.6
"N",1977,"04",6.3
"N",1977,"05",12.6
"N",1977,"06",16.6
"N",1977,"07",17.3
"N",1977,"08",16.1
"N",1977,"09",11.7
"N",1977,"10",9.3
"N",1977,"11",4.3
"N",1977,"12",-1.2
"N",1978,"01",-1
"N",1978,"02",-2.7
"N",1978,"03",4.3
"N",1978,"04",6.6
"N",1978,"05",11
"N",1978,"06",14.9
"N",1978,"07",15.7
"N",1978,"08",15.7
"N",1978,"09",12.8
"N",1978,"10",8.4
"N",1978,"11",1.2
"N",1978,"12",-0.8
"N",1979,"01",-5.2
"N",1979,"02",-0.7
"N",1979,"03",4.2
"N",1979,"04",6.1
"N",1979,"05",13
"N",1979,"06",17.4
"N",1979,"07",15.4
"N",1979,"08",15.9
"N",1979,"09",13.2
"N",1979,"10",7
"N",1979,"11",2.9
"N",1979,"12",2.9
"N",1980,"01",-4.5
"N",1980,"02",1.1
"N",1980,"03",2.5
"N",1980,"04",4.8
"N",1980,"05",10.1
"N",1980,"06",15
"N",1980,"07",15.8
"N",1980,"08",17.1
"N",1980,"09",13
"N",1980,"10",7.6
"N",1980,"11",1.5
"N",1980,"12",-1.2
"N",1981,"01",-3.6
"N",1981,"02",-0.8
"N",1981,"03",6.5
"N",1981,"04",7.8
"N",1981,"05",12.8
"N",1981,"06",16.4
"N",1981,"07",16.7
"N",1981,"08",17.3
"N",1981,"09",13.7
"N",1981,"10",8.6
"N",1981,"11",3.5
"N",1981,"12",-2.3
"N",1982,"01",-4.8
"N",1982,"02",-2.6
"N",1982,"03",3.8
"N",1982,"04",5.8
"N",1982,"05",12.9
"N",1982,"06",16.4
"N",1982,"07",18.4
"N",1982,"08",17.6
"N",1982,"09",15.8
"N",1982,"10",8.9
"N",1982,"11",3.7
"N",1982,"12",1.1
"N",1983,"01",2.9
"N",1983,"02",-3.1
"N",1983,"03",4.3
"N",1983,"04",9.5
"N",1983,"05",13.2
"N",1983,"06",15.9
"N",1983,"07",20.7
"N",1983,"08",18.1
"N",1983,"09",13.7
"N",1983,"10",8.7
"N",1983,"11",1.2
"N",1983,"12",-1.1
"N",1984,"01",-0.7
"N",1984,"02",-1.7
"N",1984,"03",1.9
"N",1984,"04",6.7
"N",1984,"05",11.3
"N",1984,"06",14.6
"N",1984,"07",15.9
"N",1984,"08",16.6
"N",1984,"09",12.5
"N",1984,"10",9.2
"N",1984,"11",3.8
"N",1984,"12",-0.9
"N",1985,"01",-7.5
"N",1985,"02",-4.4
"N",1985,"03",2
"N",1985,"04",7.8
"N",1985,"05",13.6
"N",1985,"06",13.8
"N",1985,"07",18.2
"N",1985,"08",17.2
"N",1985,"09",13.7
"N",1985,"10",7.9
"N",1985,"11",0.4
"N",1985,"12",1.9
"N",1986,"01",-1.1
"N",1986,"02",-6.8
"N",1986,"03",2
"N",1986,"04",8.9
"N",1986,"05",14.9
"N",1986,"06",15.6
"N",1986,"07",17
"N",1986,"08",17.6
"N",1986,"09",12.8
"N",1986,"10",8.7
"N",1986,"11",3.5
"N",1986,"12",-0.9
"N",1987,"01",-6.1
"N",1987,"02",-1.4
"N",1987,"03",-1.9
"N",1987,"04",8.6
"N",1987,"05",10.6
"N",1987,"06",15.2
"N",1987,"07",18.3
"N",1987,"08",15.8
"N",1987,"09",15.9
"N",1987,"10",9.2
"N",1987,"11",3.7
"N",1987,"12",1.1
"N",1988,"01",1.2
"N",1988,"02",1
"N",1988,"03",1.8
"N",1988,"04",8.1
"N",1988,"05",14
"N",1988,"06",15.4
"N",1988,"07",18.6
"N",1988,"08",17.7
"N",1988,"09",13.4
"N",1988,"10",9.2
"N",1988,"11",0.3
"N",1988,"12",1.5
"N",1989,"01",-0.1
"N",1989,"02",2.9
"N",1989,"03",6.6
"N",1989,"04",8.6
"N",1989,"05",12.7
"N",1989,"06",14.3
"N",1989,"07",18.1
"N",1989,"08",17.2
"N",1989,"09",13.6
"N",1989,"10",9.1
"N",1989,"11",1.5
"N",1989,"12",0.2
"N",1990,"01",-1.2
"N",1990,"02",3.7
"N",1990,"03",7
"N",1990,"04",6.9
"N",1990,"05",13.8
"N",1990,"06",15.7
"N",1990,"07",17.3
"N",1990,"08",18.5
"N",1990,"09",11.7
"N",1990,"10",8.9
"N",1990,"11",4
"N",1990,"12",-1.2
"N",1991,"01",-0.5
"N",1991,"02",-3.9
"N",1991,"03",5.2
"N",1991,"04",6.9
"N",1991,"05",9.4
"N",1991,"06",15.3
"N",1991,"07",19.1
"N",1991,"08",17.8
"N",1991,"09",14.8
"N",1991,"10",7.4
"N",1991,"11",2.9
"N",1991,"12",-2.3
"N",1992,"01",0.2
"N",1992,"02",1.8
"N",1992,"03",4
"N",1992,"04",8
"N",1992,"05",13.7
"N",1992,"06",16.8
"N",1992,"07",19.1
"N",1992,"08",21.7
"N",1992,"09",14
"N",1992,"10",7.1
"N",1992,"11",4.1
"N",1992,"12",-1
"N",1993,"01",0.4
"N",1993,"02",-2.7
"N",1993,"03",2.4
"N",1993,"04",9.1
"N",1993,"05",15.3
"N",1993,"06",16.3
"N",1993,"07",16.7
"N",1993,"08",17.6
"N",1993,"09",12.9
"N",1993,"10",8.5
"N",1993,"11",0.1
"N",1993,"12",1.4
"N",1994,"01",2.2
"N",1994,"02",-0.3
"N",1994,"03",6.6
"N",1994,"04",7.9
"N",1994,"05",13.1
"N",1994,"06",16.8
"N",1994,"07",20.9
"N",1994,"08",19.4
"N",1994,"09",14.8
"N",1994,"10",6.6
"N",1994,"11",5.9
"N",1994,"12",0.9
"N",1995,"01",-1.7
"N",1995,"02",3.8
"N",1995,"03",2.6
"N",1995,"04",8.8
"N",1995,"05",12.8
"N",1995,"06",14.9
"N",1995,"07",20.4
"N",1995,"08",17.4
"N",1995,"09",12.3
"N",1995,"10",10.2
"N",1995,"11",1
"N",1995,"12",-1.8
"N",1996,"01",-4.3
"N",1996,"02",-4.2
"N",1996,"03",-0.1
"N",1996,"04",7.8
"N",1996,"05",13.4
"N",1996,"06",17
"N",1996,"07",16.4
"N",1996,"08",16.8
"N",1996,"09",10.5
"N",1996,"10",9.1
"N",1996,"11",4.9
"N",1996,"12",-4.1
"N",1997,"01",-3.9
"N",1997,"02",2.2
"N",1997,"03",4.3
"N",1997,"04",5.6
"N",1997,"05",13.7
"N",1997,"06",16.4
"N",1997,"07",16.9
"N",1997,"08",18.1
"N",1997,"09",13.8
"N",1997,"10",6.4
"N",1997,"11",3.4
"N",1997,"12",1
"N",1998,"01",0.4
"N",1998,"02",3.5
"N",1998,"03",3.3
"N",1998,"04",9.5
"N",1998,"05",13.5
"N",1998,"06",17.3
"N",1998,"07",18
"N",1998,"08",18.3
"N",1998,"09",12.7
"N",1998,"10",8.9
"N",1998,"11",0.7
"N",1998,"12",-1.9
"N",1999,"01",-0.7
"N",1999,"02",-1.1
"N",1999,"03",5.1
"N",1999,"04",9.2
"N",1999,"05",13.9
"N",1999,"06",15.9
"N",1999,"07",18.6
"N",1999,"08",17.4
"N",1999,"09",16
"N",1999,"10",8.9
"N",1999,"11",1.7
"N",1999,"12",-0.1
"N",2000,"01",-2.4
"N",2000,"02",3.1
"N",2000,"03",4.5
"N",2000,"04",11.3
"N",2000,"05",15.1
"N",2000,"06",18
"N",2000,"07",16.4
"N",2000,"08",19.2
"N",2000,"09",13.3
"N",2000,"10",10.8
"N",2000,"11",5.5
"N",2000,"12",0.9
"N",2001,"01",-1.3
"N",2001,"02",1.2
"N",2001,"03",5.2
"N",2001,"04",7.5
"N",2001,"05",15.1
"N",2001,"06",15
"N",2001,"07",18.5
"N",2001,"08",19.2
"N",2001,"09",11.5
"N",2001,"10",11.6
"N",2001,"11",2.3
"N",2001,"12",-3.3
"N",2002,"01",-0.8
"N",2002,"02",4.2
"N",2002,"03",5.2
"N",2002,"04",8.1
"N",2002,"05",15.3
"N",2002,"06",18.3
"N",2002,"07",19.1
"N",2002,"08",18.4
"N",2002,"09",12.5
"N",2002,"10",7.6
"N",2002,"11",5.6
"N",2002,"12",-1.5
"N",2003,"01",-2.1
"N",2003,"02",-3.7
"N",2003,"03",4.4
"N",2003,"04",8
"N",2003,"05",15.6
"N",2003,"06",20.2
"N",2003,"07",19.2
"N",2003,"08",21.3
"N",2003,"09",13.7
"N",2003,"10",5.9
"N",2003,"11",4.9
"N",2003,"12",-0.5
"N",2004,"01",-2.7
"N",2004,"02",1.2
"N",2004,"03",2.6
"N",2004,"04",9.3
"N",2004,"05",11.8
"N",2004,"06",15.8
"N",2004,"07",17.8
"N",2004,"08",18.6
"N",2004,"09",13.7
"N",2004,"10",9.9
"N",2004,"11",4
"N",2004,"12",-0.5
"N",2005,"01",-0.2
"N",2005,"02",-2.9
"N",2005,"03",2.1
"N",2005,"04",9.1
"N",2005,"05",13.6
"N",2005,"06",16.8
"N",2005,"07",18.3
"N",2005,"08",16.4
"N",2005,"09",14.6
"N",2005,"10",9.3
"N",2005,"11",2.3
"N",2005,"12",-1.5
"N",2006,"01",-5.1
"N",2006,"02",-2.4
"N",2006,"03",1.3
"N",2006,"04",9.2
"N",2006,"05",12.8
"N",2006,"06",17.1
"N",2006,"07",21.3
"N",2006,"08",15.4
"N",2006,"09",15.9
"N",2006,"10",10.7
"N",2006,"11",5.7
"N",2006,"12",1.6
"N",2007,"01",3.8
"N",2007,"02",3.5
"N",2007,"03",5.6
"N",2007,"04",11.3
"N",2007,"05",14.6
"N",2007,"06",18.6
"N",2007,"07",19.4
"N",2007,"08",18.3
"N",2007,"09",11.9
"N",2007,"10",7.6
"N",2007,"11",1.9
"N",2007,"12",-0.8
"N",2008,"01",1.4
"N",2008,"02",2.7
"N",2008,"03",4.1
"N",2008,"04",8.7
"N",2008,"05",14.2
"N",2008,"06",18.2
"N",2008,"07",18.4
"N",2008,"08",18.2
"N",2008,"09",12.7
"N",2008,"10",9
"N",2008,"11",5
"N",2008,"12",0.9
"N",2009,"01",-3.4
"N",2009,"02",-0.7
"N",2009,"03",3.7
"N",2009,"04",12.4
"N",2009,"05",14.4
"N",2009,"06",15.9
"N",2009,"07",19
"N",2009,"08",19.2
"N",2009,"09",15.5
"N",2009,"10",8.1
"N",2009,"11",5.5
"N",2009,"12",-0.4
"N",2010,"01",-3.5
"N",2010,"02",-1
"N",2010,"03",3.8
"N",2010,"04",8.8
"N",2010,"05",12.6
"N",2010,"06",17
"N",2010,"07",20.1
"N",2010,"08",17.6
"N",2010,"09",12.4
"N",2010,"10",6.6
"N",2010,"11",5.4
"N",2010,"12",-3.7
"N",2011,"01",-0.7
"N",2011,"02",-0.7
"N",2011,"03",4.5
"N",2011,"04",11.1
"N",2011,"05",14
"N",2011,"06",17.3
"N",2011,"07",17.2
"N",2011,"08",19.1
"N",2011,"09",15.7
"N",2011,"10",8.4
"N",2011,"11",2.4
"N",2011,"12",2.1
"N",2012,"01",0.7
"N",2012,"02",-4.2
"N",2012,"03",6.6
"N",2012,"04",9.1
"N",2012,"05",14.8
"N",2012,"06",18.1
"N",2012,"07",19.2
"N",2012,"08",19.4
"N",2012,"09",14.5
"N",2012,"10",8.5
"N",2012,"11",5.1
"N",2012,"12",-0.8
"N",2013,"01",-0.8
"N",2013,"02",-0.8
"N",2013,"03",1.2
"N",2013,"04",9.4
"N",2013,"05",12.7
"N",2013,"06",16.4
"N",2013,"07",20.5
"N",2013,"08",19.2
"N",2013,"09",13.2
"N",2013,"10",9.5
"N",2013,"11",4.4
"N",2013,"12",1.4
"N",2014,"01",0.9
"N",2014,"02",2.7
"N",2014,"03",7.1
"N",2014,"04",10.4
"N",2014,"05",12.6
"N",2014,"06",17.3
"N",2014,"07",19.4
"N",2014,"08",16.9
"N",2014,"09",14.2
"N",2014,"10",10.8
"N",2014,"11",6.3
"N",2014,"12",2.1
"N",2015,"01",1.4
"N",2015,"02",0.2
"N",2015,"03",4.7
"N",2015,"04",9
"N",2015,"05",13.4
"N",2015,"06",17.6
"N",2015,"07",21.5
"N",2015,"08",21.4
"N",2015,"09",14
"N",2015,"10",8.4
"N",2015,"11",6.7
"N",2015,"12",3.1
"N",2016,"01",-0.6
"N",2016,"02",4.2
"N",2016,"03",4.5
"N",2016,"04",9
"N",2016,"05",13.5
"N",2016,"06",17.8
"N",2016,"07",19.7
"N",2016,"08",18.2
"N",2016,"09",16.5
"N",2016,"10",8.2
"N",2016,"11",3.2
"N",2016,"12",0.1
"N",2017,"01",-5.2
"N",2017,"02",1.6
"N",2017,"03",7.1
"N",2017,"04",7.9
"N",2017,"05",14.6
"N",2017,"06",19.6
"N",2017,"07",19.6
"N",2017,"08",20.2
"N",2017,"09",12.6
"N",2017,"10",10.3
"N",2017,"11",4.1
"N",2017,"12",0.9
"N",2018,"01",2.6
"N",2018,"02",-2.5
"N",2018,"03",1.8
"N",2018,"04",13.6
"N",2018,"05",16.6
"N",2018,"06",18.7
"N",2018,"07",20.2
"N",2018,"08",21.2
"N",2018,"09",15.6
"N",2018,"10",11.1
"N",2018,"11",4.9
"N",2018,"12",1.6
"N",2019,"01",-0.9
"N",2019,"02",2.7
"N",2019,"03",6.5
"N",2019,"04",10
"N",2019,"05",11.1
"N",2019,"06",21.3
"N",2019,"07",20.1
"N",2019,"08",20.2
"N",2019,"09",14.7
"N",2019,"10",10.3
"N",2019,"11",5.7
"N",2019,"12",2
"N",2020,"01",0.3
"N",2020,"02",4.6
"N",2020,"03",5.1
"N",2020,"04",10.5
"N",2020,"05",12.2
"N",2020,"06",16.8
"N",2020,"07",19
"N",2020,"08",19.7
"N",2020,"09",15.1
"N",2020,"10",9.2
"N",2020,"11",4.3
"N",2020,"12",1.6
"N",2021,"01",-0.4
"N",2021,"02",1.2
"N",2021,"03",3.8
"N",2021,"04",6.7
"N",2021,"05",11.4
"N",2021,"06",19.8
"N",2021,"07",19.9
"N",2021,"08",17.3
"N",2021,"09",15.1
"N",2021,"10",8.5
"N",2021,"11",3.9
"N",2021,"12",1.3
"N",2022,"01",1.4
"N",2022,"02",3.9
"N",2022,"03",4.2
"N",2022,"04",7.6
"N",2022,"05",15.3
"N",2022,"06",19.6
"N",2022,"07",20.3
"N",2022,"08",20.1
"N",2022,"09",13.1
"N",2022,"10",11.5
"N",2022,"11",5
"N",2022,"12",0.6
"N",2023,"01",2.3
"N",2023,"02",2.3
"N",2023,"03",5.7
"N",2023,"04",7
"N",2023,"05",13.3
"N",2023,"06",17.9
"N",2023,"07",20.8
"N",2023,"08",19.3
"N",2023,"09",17.4
"N",2023,"10",12.3
"N",2023,"11",4.9
"N",2023,"12",2.4
"N",2024,"01",0.4
"N",2024,"02",6.5
"N",2024,"03",7.6
"N",2024,"04",10.8
"N",2024,"05",15
"N",2024,"06",18.7
"N",2024,"07",21.4
"N",2024,"08",21.9
"N",2024,"09",15.1
"N",2024,"10",10.5
"N",2024,"11",3.2
"N",2024,"12",1.3
"N",2025,"01",0.3
"N",2025,"02",0.3
"N",2025,"03",5.8
"N",2025,"04",10.8
"N",2025,"05",12.4
"N",2025,"06",19.8
"N",2025,"07",18.8
"N",2025,"08",19
"N",2025,"09",15.2
"N",2025,"10",8.6
"N",2025,"11",3
"N",2025,"12",0.7
"O",1850,"01",-7.1
"O",1850,"02",0.8
"O",1850,"03",-0.9
"O",1850,"04",6.8
"O",1850,"05",10.5
"O",1850,"06",14.5
"O",1850,"07",14.6
"O",1850,"08",15.8
"O",1850,"09",9.9
"O",1850,"10",5
"O",1850,"11",3
"O",1850,"12",-1.5
"O",1851,"01",-2.2
"O",1851,"02",-2.6
"O",1851,"03",1.1
"O",1851,"04",8
"O",1851,"05",7.4
"O",1851,"06",13.8
"O",1851,"07",14.1
"O",1851,"08",14.7
"O",1851,"09",9.4
"O",1851,"10",9.2
"O",1851,"11",-3.2
"O",1851,"12",-4
"O",1852,"01",-1.9
"O",1852,"02",-0.1
"O",1852,"03",-1.6
"O",1852,"04",3.8
"O",1852,"05",11.7
"O",1852,"06",15.1
"O",1852,"07",17
"O",1852,"08",15.9
"O",1852,"09",12.3
"O",1852,"10",6.1
"O",1852,"11",6
"O",1852,"12",0.8
"O",1853,"01",-1.3
"O",1853,"02",-3.3
"O",1853,"03",-2.6
"O",1853,"04",3.5
"O",1853,"05",11
"O",1853,"06",14.5
"O",1853,"07",16.8
"O",1853,"08",16.1
"O",1853,"09",12.3
"O",1853,"10",7.7
"O",1853,"11",0.7
"O",1853,"12",-6.4
"O",1854,"01",-4.2
"O",1854,"02",-3.9
"O",1854,"03",0.3
"O",1854,"04",6.5
"O",1854,"05",12.2
"O",1854,"06",13.6
"O",1854,"07",16.4
"O",1854,"08",14.8
"O",1854,"09",11.7
"O",1854,"10",8.1
"O",1854,"11",-1.3
"O",1854,"12",-0.1
"O",1855,"01",-6.4
"O",1855,"02",-3.5
"O",1855,"03",1.5
"O",1855,"04",5.1
"O",1855,"05",10.4
"O",1855,"06",14.8
"O",1855,"07",15.9
"O",1855,"08",16.6
"O",1855,"09",11.9
"O",1855,"10",10.4
"O",1855,"11",0.2
"O",1855,"12",-7.7
"O",1856,"01",-2.4
"O",1856,"02",0.1
"O",1856,"03",-0.2
"O",1856,"04",8.7
"O",1856,"05",10.7
"O",1856,"06",16
"O",1856,"07",14
"O",1856,"08",17.2
"O",1856,"09",10.6
"O",1856,"10",8.3
"O",1856,"11",-2.7
"O",1856,"12",-4
"O",1857,"01",-5.4
"O",1857,"02",-5.2
"O",1857,"03",-0.1
"O",1857,"04",5.9
"O",1857,"05",11.3
"O",1857,"06",14.2
"O",1857,"07",17.4
"O",1857,"08",16.8
"O",1857,"09",13.2
"O",1857,"10",10.2
"O",1857,"11",0.5
"O",1857,"12",-2.3
"O",1858,"01",-6.7
"O",1858,"02",-6.7
"O",1858,"03",-0.7
"O",1858,"04",6.4
"O",1858,"05",9.1
"O",1858,"06",17.1
"O",1858,"07",15
"O",1858,"08",14
"O",1858,"09",14
"O",1858,"10",8.5
"O",1858,"11",-3.4
"O",1858,"12",-1.8
"O",1859,"01",-3.8
"O",1859,"02",-1.6
"O",1859,"03",3.9
"O",1859,"04",6.7
"O",1859,"05",11.3
"O",1859,"06",14.9
"O",1859,"07",19.9
"O",1859,"08",18.2
"O",1859,"09",11.7
"O",1859,"10",8.8
"O",1859,"11",0.3
"O",1859,"12",-5.7
"O",1860,"01",-1.6
"O",1860,"02",-5.4
"O",1860,"03",-1.3
"O",1860,"04",5.4
"O",1860,"05",11.6
"O",1860,"06",14.7
"O",1860,"07",12.9
"O",1860,"08",14.8
"O",1860,"09",12
"O",1860,"10",6.2
"O",1860,"11",-1.7
"O",1860,"12",-2.7
"O",1861,"01",-7.1
"O",1861,"02",0.4
"O",1861,"03",2.3
"O",1861,"04",4.4
"O",1861,"05",9.3
"O",1861,"06",15.6
"O",1861,"07",16
"O",1861,"08",17.8
"O",1861,"09",12.6
"O",1861,"10",8.7
"O",1861,"11",2
"O",1861,"12",-4
"O",1862,"01",-4.5
"O",1862,"02",-2.2
"O",1862,"03",4.8
"O",1862,"04",9.1
"O",1862,"05",13.2
"O",1862,"06",14
"O",1862,"07",16.8
"O",1862,"08",15
"O",1862,"09",13.2
"O",1862,"10",10
"O",1862,"11",2.9
"O",1862,"12",-1.8
"O",1863,"01",0.1
"O",1863,"02",-0.6
"O",1863,"03",2.7
"O",1863,"04",6.9
"O",1863,"05",12.8
"O",1863,"06",14.4
"O",1863,"07",15.2
"O",1863,"08",17.9
"O",1863,"09",12.5
"O",1863,"10",9.3
"O",1863,"11",2.6
"O",1863,"12",-0.4
"O",1864,"01",-7.5
"O",1864,"02",-2.7
"O",1864,"03",2.6
"O",1864,"04",3.3
"O",1864,"05",9.4
"O",1864,"06",14.2
"O",1864,"07",14.6
"O",1864,"08",13.6
"O",1864,"09",11.9
"O",1864,"10",5.4
"O",1864,"11",0
"O",1864,"12",-5.6
"O",1865,"01",-2.6
"O",1865,"02",-6
"O",1865,"03",-3.1
"O",1865,"04",9.1
"O",1865,"05",15
"O",1865,"06",13.1
"O",1865,"07",18.8
"O",1865,"08",15.3
"O",1865,"09",13.4
"O",1865,"10",8
"O",1865,"11",2.9
"O",1865,"12",-3.2
"O",1866,"01",-0.2
"O",1866,"02",1.7
"O",1866,"03",1.9
"O",1866,"04",8.5
"O",1866,"05",8.9
"O",1866,"06",16.4
"O",1866,"07",15
"O",1866,"08",14
"O",1866,"09",14.1
"O",1866,"10",5.9
"O",1866,"11",1.8
"O",1866,"12",-0.8
"O",1867,"01",-2.8
"O",1867,"02",1.7
"O",1867,"03",1.1
"O",1867,"04",6.8
"O",1867,"05",11.3
"O",1867,"06",14.3
"O",1867,"07",15.1
"O",1867,"08",17.2
"O",1867,"09",13.6
"O",1867,"10",6.5
"O",1867,"11",-0.8
"O",1867,"12",-4.9
"O",1868,"01",-3.9
"O",1868,"02",1
"O",1868,"03",1.2
"O",1868,"04",6
"O",1868,"05",16.4
"O",1868,"06",16.4
"O",1868,"07",16.5
"O",1868,"08",17.4
"O",1868,"09",15
"O",1868,"10",8.8
"O",1868,"11",0
"O",1868,"12",1.8
"O",1869,"01",-5
"O",1869,"02",3.7
"O",1869,"03",0.2
"O",1869,"04",8.7
"O",1869,"05",13.9
"O",1869,"06",12.2
"O",1869,"07",18.2
"O",1869,"08",14.6
"O",1869,"09",13.9
"O",1869,"10",4.8
"O",1869,"11",2
"O",1869,"12",-2.4
"O",1870,"01",-4.4
"O",1870,"02",-6.3
"O",1870,"03",-1.5
"O",1870,"04",5.3
"O",1870,"05",13.4
"O",1870,"06",14.8
"O",1870,"07",18
"O",1870,"08",14.4
"O",1870,"09",10.8
"O",1870,"10",6.9
"O",1870,"11",1.7
"O",1870,"12",-6.6
"O",1871,"01",-7.2
"O",1871,"02",-2
"O",1871,"03",2.6
"O",1871,"04",6.6
"O",1871,"05",8.4
"O",1871,"06",12
"O",1871,"07",16.9
"O",1871,"08",16.3
"O",1871,"09",14
"O",1871,"10",4.7
"O",1871,"11",-1.2
"O",1871,"12",-10
"O",1872,"01",-3.8
"O",1872,"02",-1.9
"O",1872,"03",3.7
"O",1872,"04",8.2
"O",1872,"05",12.6
"O",1872,"06",14.3
"O",1872,"07",16.8
"O",1872,"08",14.7
"O",1872,"09",13.7
"O",1872,"10",9.8
"O",1872,"11",3.1
"O",1872,"12",0.5
"O",1873,"01",-1.2
"O",1873,"02",-2.7
"O",1873,"03",4.5
"O",1873,"04",5.9
"O",1873,"05",8.1
"O",1873,"06",14.4
"O",1873,"07",18.2
"O",1873,"08",17.6
"O",1873,"09",11.5
"O",1873,"10",9.3
"O",1873,"11",2
"O",1873,"12",-2.4
"O",1874,"01",-2.8
"O",1874,"02",-2.9
"O",1874,"03",0.9
"O",1874,"04",8.2
"O",1874,"05",7.1
"O",1874,"06",14.8
"O",1874,"07",18.7
"O",1874,"08",14.2
"O",1874,"09",14.1
"O",1874,"10",8.1
"O",1874,"11",-1.4
"O",1874,"12",-4.3
"O",1875,"01",-1.7
"O",1875,"02",-7
"O",1875,"03",-1.9
"O",1875,"04",5.9
"O",1875,"05",12.6
"O",1875,"06",16.4
"O",1875,"07",15.6
"O",1875,"08",16.9
"O",1875,"09",11.5
"O",1875,"10",5.2
"O",1875,"11",0.6
"O",1875,"12",-4.8
"O",1876,"01",-5.3
"O",1876,"02",-1.9
"O",1876,"03",2.4
"O",1876,"04",8.1
"O",1876,"05",7.1
"O",1876,"06",14.9
"O",1876,"07",16.2
"O",1876,"08",16.5
"O",1876,"09",11.4
"O",1876,"10",9.4
"O",1876,"11",-1.2
"O",1876,"12",0.3
"O",1877,"01",-0.7
"O",1877,"02",0.7
"O",1877,"03",0.4
"O",1877,"04",4.9
"O",1877,"05",8.3
"O",1877,"06",16.7
"O",1877,"07",15.3
"O",1877,"08",17.1
"O",1877,"09",9.3
"O",1877,"10",5.2
"O",1877,"11",2.5
"O",1877,"12",-2.3
"O",1878,"01",-4.9
"O",1878,"02",-0.8
"O",1878,"03",0.6
"O",1878,"04",7.1
"O",1878,"05",11.8
"O",1878,"06",14.5
"O",1878,"07",14.8
"O",1878,"08",15.6
"O",1878,"09",12.6
"O",1878,"10",8.4
"O",1878,"11",0.1
"O",1878,"12",-4.9
"O",1879,"01",-3.9
"O",1879,"02",-0.5
"O",1879,"03",0.7
"O",1879,"04",5.7
"O",1879,"05",8.6
"O",1879,"06",15.1
"O",1879,"07",13.6
"O",1879,"08",17
"O",1879,"09",13.1
"O",1879,"10",5.9
"O",1879,"11",-1.8
"O",1879,"12",-10.9
"O",1880,"01",-6.2
"O",1880,"02",-3.5
"O",1880,"03",2.6
"O",1880,"04",8.2
"O",1880,"05",9.5
"O",1880,"06",13.7
"O",1880,"07",17.3
"O",1880,"08",14.6
"O",1880,"09",12.7
"O",1880,"10",7.5
"O",1880,"11",2.7
"O",1880,"12",1.5
"O",1881,"01",-7
"O",1881,"02",-2
"O",1881,"03",1.6
"O",1881,"04",4.2
"O",1881,"05",10
"O",1881,"06",13.8
"O",1881,"07",18
"O",1881,"08",16.1
"O",1881,"09",10.8
"O",1881,"10",4.1
"O",1881,"11",2.2
"O",1881,"12",-1.1
"O",1882,"01",-1.9
"O",1882,"02",-1.1
"O",1882,"03",5
"O",1882,"04",6.4
"O",1882,"05",11.5
"O",1882,"06",12.7
"O",1882,"07",15.6
"O",1882,"08",13.3
"O",1882,"09",11.8
"O",1882,"10",7.9
"O",1882,"11",2.2
"O",1882,"12",-1.6
"O",1883,"01",-2.7
"O",1883,"02",-0.3
"O",1883,"03",-2.5
"O",1883,"04",4.8
"O",1883,"05",11.5
"O",1883,"06",14.5
"O",1883,"07",15.6
"O",1883,"08",15.1
"O",1883,"09",12.3
"O",1883,"10",6.5
"O",1883,"11",1.7
"O",1883,"12",-2.4
"O",1884,"01",-0.3
"O",1884,"02",0.2
"O",1884,"03",3.2
"O",1884,"04",5.4
"O",1884,"05",12.4
"O",1884,"06",11
"O",1884,"07",16.9
"O",1884,"08",15.5
"O",1884,"09",12.3
"O",1884,"10",5.9
"O",1884,"11",-0.5
"O",1884,"12",-1
"O",1885,"01",-6.7
"O",1885,"02",0.1
"O",1885,"03",1.6
"O",1885,"04",9.2
"O",1885,"05",9.4
"O",1885,"06",16.1
"O",1885,"07",16.8
"O",1885,"08",14.7
"O",1885,"09",12.3
"O",1885,"10",6.3
"O",1885,"11",1.9
"O",1885,"12",-3.1
"O",1886,"01",-5.1
"O",1886,"02",-3.7
"O",1886,"03",-1.1
"O",1886,"04",8.5
"O",1886,"05",12.1
"O",1886,"06",13
"O",1886,"07",16.5
"O",1886,"08",15.9
"O",1886,"09",14.4
"O",1886,"10",8.6
"O",1886,"11",2.5
"O",1886,"12",-1.3
"O",1887,"01",-6.5
"O",1887,"02",-4.2
"O",1887,"03",-0.4
"O",1887,"04",6.8
"O",1887,"05",9.1
"O",1887,"06",14.6
"O",1887,"07",18.8
"O",1887,"08",15.2
"O",1887,"09",12.3
"O",1887,"10",3.8
"O",1887,"11",1.3
"O",1887,"12",-4.1
"O",1888,"01",-5.6
"O",1888,"02",-3.3
"O",1888,"03",0.3
"O",1888,"04",4.9
"O",1888,"05",12
"O",1888,"06",15
"O",1888,"07",13.7
"O",1888,"08",14.1
"O",1888,"09",11.8
"O",1888,"10",4.7
"O",1888,"11",0.5
"O",1888,"12",-2
"O",1889,"01",-4.9
"O",1889,"02",-4.2
"O",1889,"03",-2.1
"O",1889,"04",5.6
"O",1889,"05",14.8
"O",1889,"06",16.8
"O",1889,"07",15.7
"O",1889,"08",14.4
"O",1889,"09",9.7
"O",1889,"10",7.6
"O",1889,"11",0.4
"O",1889,"12",-4.8
"O",1890,"01",-0.6
"O",1890,"02",-4.7
"O",1890,"03",2.6
"O",1890,"04",6.2
"O",1890,"05",12.8
"O",1890,"06",12.5
"O",1890,"07",15.1
"O",1890,"08",16.5
"O",1890,"09",10.9
"O",1890,"10",5.3
"O",1890,"11",1
"O",1890,"12",-6.8
"O",1891,"01",-7.7
"O",1891,"02",-4.5
"O",1891,"03",1.8
"O",1891,"04",4
"O",1891,"05",13.1
"O",1891,"06",14.3
"O",1891,"07",15.4
"O",1891,"08",14.3
"O",1891,"09",12.9
"O",1891,"10",8.7
"O",1891,"11",-0.1
"O",1891,"12",-1.5
"O",1892,"01",-3.2
"O",1892,"02",-0.5
"O",1892,"03",-0.3
"O",1892,"04",6.9
"O",1892,"05",11.1
"O",1892,"06",14.6
"O",1892,"07",15.2
"O",1892,"08",18
"O",1892,"09",13
"O",1892,"10",6.3
"O",1892,"11",0.8
"O",1892,"12",-4.8
"O",1893,"01",-10
"O",1893,"02",-0.5
"O",1893,"03",2.6
"O",1893,"04",7.9
"O",1893,"05",10.4
"O",1893,"06",14.1
"O",1893,"07",16.3
"O",1893,"08",16.3
"O",1893,"09",12.1
"O",1893,"10",8.5
"O",1893,"11",0.2
"O",1893,"12",-3.5
"O",1894,"01",-6.1
"O",1894,"02",-0.6
"O",1894,"03",3
"O",1894,"04",9.5
"O",1894,"05",11
"O",1894,"06",12.8
"O",1894,"07",17
"O",1894,"08",15.1
"O",1894,"09",10.6
"O",1894,"10",7.1
"O",1894,"11",2.4
"O",1894,"12",-2.9
"O",1895,"01",-6.2
"O",1895,"02",-8.9
"O",1895,"03",-0.4
"O",1895,"04",7
"O",1895,"05",10.5
"O",1895,"06",14.4
"O",1895,"07",17.6
"O",1895,"08",15.4
"O",1895,"09",14.6
"O",1895,"10",6.4
"O",1895,"11",3.2
"O",1895,"12",-2.1
"O",1896,"01",-4.7
"O",1896,"02",-2.9
"O",1896,"03",3.6
"O",1896,"04",3.9
"O",1896,"05",9
"O",1896,"06",14.6
"O",1896,"07",16.1
"O",1896,"08",13.1
"O",1896,"09",11.8
"O",1896,"10",7.6
"O",1896,"11",0.2
"O",1896,"12",-2.4
"O",1897,"01",-3.5
"O",1897,"02",0.5
"O",1897,"03",4.2
"O",1897,"04",6.2
"O",1897,"05",8.6
"O",1897,"06",15.4
"O",1897,"07",15.7
"O",1897,"08",15.6
"O",1897,"09",12
"O",1897,"10",5.6
"O",1897,"11",0.2
"O",1897,"12",-2.4
"O",1898,"01",-0.8
"O",1898,"02",-1.5
"O",1898,"03",2.4
"O",1898,"04",7.1
"O",1898,"05",11.3
"O",1898,"06",13.3
"O",1898,"07",14.2
"O",1898,"08",17
"O",1898,"09",12.7
"O",1898,"10",8.4
"O",1898,"11",3.4
"O",1898,"12",-1.4
"O",1899,"01",-0.7
"O",1899,"02",-0.5
"O",1899,"03",1.6
"O",1899,"04",6
"O",1899,"05",9.8
"O",1899,"06",13.5
"O",1899,"07",15.8
"O",1899,"08",15.5
"O",1899,"09",11.4
"O",1899,"10",6.5
"O",1899,"11",3.3
"O",1899,"12",-6.8
"O",1900,"01",-2.4
"O",1900,"02",0.3
"O",1900,"03",-1.6
"O",1900,"04",4.5
"O",1900,"05",9.2
"O",1900,"06",14.6
"O",1900,"07",17.3
"O",1900,"08",15
"O",1900,"09",13.6
"O",1900,"10",7.6
"O",1900,"11",3.6
"O",1900,"12",-0.4
"O",1901,"01",-6.6
"O",1901,"02",-6.5
"O",1901,"03",1
"O",1901,"04",6.7
"O",1901,"05",11.7
"O",1901,"06",15.2
"O",1901,"07",16.8
"O",1901,"08",15.2
"O",1901,"09",12.5
"O",1901,"10",8
"O",1901,"11",0.1
"O",1901,"12",-1.2
"O",1902,"01",-0.1
"O",1902,"02",-1.5
"O",1902,"03",1.8
"O",1902,"04",7.3
"O",1902,"05",6.9
"O",1902,"06",13.3
"O",1902,"07",15.6
"O",1902,"08",15.2
"O",1902,"09",11.6
"O",1902,"10",6.3
"O",1902,"11",-0.3
"O",1902,"12",-4
"O",1903,"01",-4.5
"O",1903,"02",1
"O",1903,"03",4.1
"O",1903,"04",3.6
"O",1903,"05",11.6
"O",1903,"06",13.8
"O",1903,"07",15.3
"O",1903,"08",15.1
"O",1903,"09",12.2
"O",1903,"10",8.5
"O",1903,"11",2.9
"O",1903,"12",-2.9
"O",1904,"01",-3.6
"O",1904,"02",-0.5
"O",1904,"03",2.7
"O",1904,"04",7.8
"O",1904,"05",11.3
"O",1904,"06",14.9
"O",1904,"07",18.4
"O",1904,"08",16.4
"O",1904,"09",10.5
"O",1904,"10",7
"O",1904,"11",0.9
"O",1904,"12",-1.3
"O",1905,"01",-5.1
"O",1905,"02",-1.2
"O",1905,"03",3.1
"O",1905,"04",4.7
"O",1905,"05",10.6
"O",1905,"06",15.5
"O",1905,"07",18.5
"O",1905,"08",16.1
"O",1905,"09",13.1
"O",1905,"10",2.7
"O",1905,"11",1.8
"O",1905,"12",-1.4
"O",1906,"01",-2.2
"O",1906,"02",-2.5
"O",1906,"03",0.9
"O",1906,"04",6.9
"O",1906,"05",11.3
"O",1906,"06",12.9
"O",1906,"07",16.1
"O",1906,"08",15.5
"O",1906,"09",10.6
"O",1906,"10",8
"O",1906,"11",4.2
"O",1906,"12",-4.5
"O",1907,"01",-2.9
"O",1907,"02",-3.7
"O",1907,"03",0.1
"O",1907,"04",4.1
"O",1907,"05",12.8
"O",1907,"06",14.4
"O",1907,"07",14.1
"O",1907,"08",15.9
"O",1907,"09",12.6
"O",1907,"10",10.5
"O",1907,"11",1
"O",1907,"12",-0.7
"O",1908,"01",-5.1
"O",1908,"02",-1.3
"O",1908,"03",1
"O",1908,"04",4.2
"O",1908,"05",13.2
"O",1908,"06",16.1
"O",1908,"07",15.8
"O",1908,"08",13.7
"O",1908,"09",10.5
"O",1908,"10",7
"O",1908,"11",-0.7
"O",1908,"12",-3.2
"O",1909,"01",-4.7
"O",1909,"02",-4.6
"O",1909,"03",0.2
"O",1909,"04",7.2
"O",1909,"05",9.3
"O",1909,"06",13.2
"O",1909,"07",13.9
"O",1909,"08",15.2
"O",1909,"09",11.8
"O",1909,"10",8.5
"O",1909,"11",0.1
"O",1909,"12",-1.3
"O",1910,"01",-1.8
"O",1910,"02",-0.6
"O",1910,"03",2.5
"O",1910,"04",5.7
"O",1910,"05",10.5
"O",1910,"06",14.9
"O",1910,"07",14.1
"O",1910,"08",14.7
"O",1910,"09",10.4
"O",1910,"10",7.9
"O",1910,"11",0.7
"O",1910,"12",0.5
"O",1911,"01",-5.4
"O",1911,"02",-1.7
"O",1911,"03",2.9
"O",1911,"04",5.8
"O",1911,"05",11.2
"O",1911,"06",13.5
"O",1911,"07",18
"O",1911,"08",17.6
"O",1911,"09",13.2
"O",1911,"10",7.2
"O",1911,"11",2.9
"O",1911,"12",0.1
"O",1912,"01",-3.9
"O",1912,"02",0.5
"O",1912,"03",4.5
"O",1912,"04",5.1
"O",1912,"05",11.1
"O",1912,"06",14.8
"O",1912,"07",15.7
"O",1912,"08",13
"O",1912,"09",7.1
"O",1912,"10",4.7
"O",1912,"11",-1
"O",1912,"12",-0.5
"O",1913,"01",-3.5
"O",1913,"02",-1.8
"O",1913,"03",4.5
"O",1913,"04",6.6
"O",1913,"05",10.5
"O",1913,"06",13.3
"O",1913,"07",12.8
"O",1913,"08",13.6
"O",1913,"09",11.3
"O",1913,"10",8
"O",1913,"11",4.2
"O",1913,"12",-0.7
"O",1914,"01",-6.5
"O",1914,"02",-1.6
"O",1914,"03",3.1
"O",1914,"04",8.4
"O",1914,"05",10.1
"O",1914,"06",12.9
"O",1914,"07",14.8
"O",1914,"08",15.7
"O",1914,"09",11
"O",1914,"10",6.6
"O",1914,"11",1.7
"O",1914,"12",-0.3
"O",1915,"01",-1.9
"O",1915,"02",-1.3
"O",1915,"03",0.5
"O",1915,"04",6.2
"O",1915,"05",13
"O",1915,"06",16.5
"O",1915,"07",15.3
"O",1915,"08",13.7
"O",1915,"09",10.1
"O",1915,"10",4.8
"O",1915,"11",-0.9
"O",1915,"12",1.7
"O",1916,"01",1.7
"O",1916,"02",-0.7
"O",1916,"03",4.7
"O",1916,"04",6.9
"O",1916,"05",12.2
"O",1916,"06",12.2
"O",1916,"07",15.3
"O",1916,"08",14.9
"O",1916,"09",10
"O",1916,"10",6.8
"O",1916,"11",2.7
"O",1916,"12",0.3
"O",1917,"01",-4.3
"O",1917,"02",-5.2
"O",1917,"03",-0.2
"O",1917,"04",2.9
"O",1917,"05",13.9
"O",1917,"06",17
"O",1917,"07",16.7
"O",1917,"08",16
"O",1917,"09",14.1
"O",1917,"10",6.2
"O",1917,"11",2.2
"O",1917,"12",-4.7
"O",1918,"01",-2.4
"O",1918,"02",-0.6
"O",1918,"03",3.3
"O",1918,"04",8.6
"O",1918,"05",12.8
"O",1918,"06",11.8
"O",1918,"07",15.2
"O",1918,"08",14.6
"O",1918,"09",12.4
"O",1918,"10",6.1
"O",1918,"11",1
"O",1918,"12",1.4
"O",1919,"01",-0.5
"O",1919,"02",-3.3
"O",1919,"03",2
"O",1919,"04",4
"O",1919,"05",8.7
"O",1919,"06",13.6
"O",1919,"07",13.3
"O",1919,"08",15.7
"O",1919,"09",13.9
"O",1919,"10",4.8
"O",1919,"11",-0.2
"O",1919,"12",-1.4
"O",1920,"01",0.9
"O",1920,"02",0.6
"O",1920,"03",4.5
"O",1920,"04",8.4
"O",1920,"05",13.4
"O",1920,"06",13.1
"O",1920,"07",16.2
"O",1920,"08",14
"O",1920,"09",12.3
"O",1920,"10",6.4
"O",1920,"11",-0.4
"O",1920,"12",-1.2
"O",1921,"01",2.1
"O",1921,"02",-0.9
"O",1921,"03",4.4
"O",1921,"04",5.7
"O",1921,"05",13.5
"O",1921,"06",13.5
"O",1921,"07",18.2
"O",1921,"08",16.8
"O",1921,"09",12.8
"O",1921,"10",9
"O",1921,"11",-1
"O",1921,"12",-1.8
"O",1922,"01",-4.3
"O",1922,"02",-3.1
"O",1922,"03",3.3
"O",1922,"04",4.9
"O",1922,"05",12.2
"O",1922,"06",15.1
"O",1922,"07",15
"O",1922,"08",15.2
"O",1922,"09",10.1
"O",1922,"10",4.8
"O",1922,"11",0.1
"O",1922,"12",-1.6
"O",1923,"01",-1.9
"O",1923,"02",-0.5
"O",1923,"03",3.2
"O",1923,"04",5.8
"O",1923,"05",12.1
"O",1923,"06",10.7
"O",1923,"07",17.7
"O",1923,"08",15.9
"O",1923,"09",12.1
"O",1923,"10",9.2
"O",1923,"11",2.3
"O",1923,"12",-3.4
"O",1924,"01",-5.1
"O",1924,"02",-4.5
"O",1924,"03",0.8
"O",1924,"04",5.7
"O",1924,"05",12.7
"O",1924,"06",13.8
"O",1924,"07",15.6
"O",1924,"08",13
"O",1924,"09",12.8
"O",1924,"10",7.5
"O",1924,"11",1.4
"O",1924,"12",-2.1
"O",1925,"01",-1.1
"O",1925,"02",1.3
"O",1925,"03",-0.1
"O",1925,"04",7
"O",1925,"05",11.9
"O",1925,"06",13.8
"O",1925,"07",15.6
"O",1925,"08",14.9
"O",1925,"09",10.1
"O",1925,"10",7
"O",1925,"11",0.6
"O",1925,"12",-3
"O",1926,"01",-2.6
"O",1926,"02",2.6
"O",1926,"03",2.6
"O",1926,"04",8.5
"O",1926,"05",10
"O",1926,"06",11.8
"O",1926,"07",14.9
"O",1926,"08",14.6
"O",1926,"09",13.7
"O",1926,"10",7.6
"O",1926,"11",5.4
"O",1926,"12",-2.1
"O",1927,"01",-1.2
"O",1927,"02",-1.9
"O",1927,"03",4
"O",1927,"04",6.3
"O",1927,"05",11.2
"O",1927,"06",14.7
"O",1927,"07",16.3
"O",1927,"08",15.5
"O",1927,"09",12.6
"O",1927,"10",6.4
"O",1927,"11",2.4
"O",1927,"12",-3.9
"O",1928,"01",-0.6
"O",1928,"02",0.3
"O",1928,"03",2.1
"O",1928,"04",7.2
"O",1928,"05",8.4
"O",1928,"06",13.7
"O",1928,"07",18.6
"O",1928,"08",16.3
"O",1928,"09",12
"O",1928,"10",7.3
"O",1928,"11",4.5
"O",1928,"12",-3.3
"O",1929,"01",-7.6
"O",1929,"02",-11.4
"O",1929,"03",0.5
"O",1929,"04",3.5
"O",1929,"05",12
"O",1929,"06",13.9
"O",1929,"07",16.8
"O",1929,"08",16.1
"O",1929,"09",14.1
"O",1929,"10",8.4
"O",1929,"11",3
"O",1929,"12",0.7
"O",1930,"01",-1.4
"O",1930,"02",-2.9
"O",1930,"03",3.6
"O",1930,"04",7.3
"O",1930,"05",10.4
"O",1930,"06",17.5
"O",1930,"07",15.7
"O",1930,"08",14.7
"O",1930,"09",12.4
"O",1930,"10",6.8
"O",1930,"11",4.3
"O",1930,"12",-1.8
"O",1931,"01",-2.5
"O",1931,"02",-3
"O",1931,"03",-1.4
"O",1931,"04",4.4
"O",1931,"05",14.4
"O",1931,"06",16
"O",1931,"07",15.9
"O",1931,"08",14.3
"O",1931,"09",8.2
"O",1931,"10",5.7
"O",1931,"11",2.2
"O",1931,"12",-2.9
"O",1932,"01",-1.6
"O",1932,"02",-5.3
"O",1932,"03",-0.9
"O",1932,"04",6.1
"O",1932,"05",11.3
"O",1932,"06",13
"O",1932,"07",16.5
"O",1932,"08",17.7
"O",1932,"09",15.7
"O",1932,"10",7.6
"O",1932,"11",2.4
"O",1932,"12",-1.6
"O",1933,"01",-5.8
"O",1933,"02",-1.9
"O",1933,"03",2.7
"O",1933,"04",5.5
"O",1933,"05",9.4
"O",1933,"06",12
"O",1933,"07",16.2
"O",1933,"08",15.7
"O",1933,"09",12.2
"O",1933,"10",7.3
"O",1933,"11",1.6
"O",1933,"12",-6.2
"O",1934,"01",-2.5
"O",1934,"02",-1.8
"O",1934,"03",3.6
"O",1934,"04",9.4
"O",1934,"05",12.9
"O",1934,"06",14.3
"O",1934,"07",17.4
"O",1934,"08",15.4
"O",1934,"09",14.2
"O",1934,"10",7.3
"O",1934,"11",2.8
"O",1934,"12",2.8
"O",1935,"01",-4.6
"O",1935,"02",-1
"O",1935,"03",0.5
"O",1935,"04",5.5
"O",1935,"05",9.5
"O",1935,"06",16.5
"O",1935,"07",16.7
"O",1935,"08",15.5
"O",1935,"09",12.6
"O",1935,"10",8
"O",1935,"11",3
"O",1935,"12",-2.6
"O",1936,"01",-0.5
"O",1936,"02",-1.5
"O",1936,"03",4.3
"O",1936,"04",6.6
"O",1936,"05",11.4
"O",1936,"06",14.2
"O",1936,"07",15.9
"O",1936,"08",14.4
"O",1936,"09",12
"O",1936,"10",4.3
"O",1936,"11",1.3
"O",1936,"12",-1.5
"O",1937,"01",-3.5
"O",1937,"02",-0.6
"O",1937,"03",2.6
"O",1937,"04",6.3
"O",1937,"05",13.7
"O",1937,"06",15.9
"O",1937,"07",16.3
"O",1937,"08",15.3
"O",1937,"09",12.1
"O",1937,"10",7.9
"O",1937,"11",1.8
"O",1937,"12",-2.7
"O",1938,"01",-1.7
"O",1938,"02",-1
"O",1938,"03",5.1
"O",1938,"04",3
"O",1938,"05",9.6
"O",1938,"06",15.7
"O",1938,"07",16
"O",1938,"08",15.8
"O",1938,"09",12.1
"O",1938,"10",8
"O",1938,"11",4.2
"O",1938,"12",-3.9
"O",1939,"01",-1.4
"O",1939,"02",-1.2
"O",1939,"03",-0.5
"O",1939,"04",8.9
"O",1939,"05",9.3
"O",1939,"06",14.7
"O",1939,"07",15.8
"O",1939,"08",16.2
"O",1939,"09",11.9
"O",1939,"10",5.8
"O",1939,"11",3.7
"O",1939,"12",-4.4
"O",1940,"01",-10.4
"O",1940,"02",-5.4
"O",1940,"03",0.7
"O",1940,"04",7.1
"O",1940,"05",10.5
"O",1940,"06",14.5
"O",1940,"07",15.1
"O",1940,"08",13.4
"O",1940,"09",12.2
"O",1940,"10",7.4
"O",1940,"11",3.3
"O",1940,"12",-6.3
"O",1941,"01",-5.9
"O",1941,"02",-1.3
"O",1941,"03",2.6
"O",1941,"04",5
"O",1941,"05",8.3
"O",1941,"06",15
"O",1941,"07",16.5
"O",1941,"08",14.5
"O",1941,"09",10.9
"O",1941,"10",6.9
"O",1941,"11",0
"O",1941,"12",-1.4
"O",1942,"01",-9.9
"O",1942,"02",-5.9
"O",1942,"03",1.3
"O",1942,"04",5.8
"O",1942,"05",11.6
"O",1942,"06",14.2
"O",1942,"07",15.5
"O",1942,"08",16.3
"O",1942,"09",15.5
"O",1942,"10",10.5
"O",1942,"11",1.1
"O",1942,"12",-0.8
"O",1943,"01",-4.2
"O",1943,"02",1.2
"O",1943,"03",4.9
"O",1943,"04",7.7
"O",1943,"05",11.1
"O",1943,"06",12.9
"O",1943,"07",16.3
"O",1943,"08",17.8
"O",1943,"09",13.6
"O",1943,"10",9.1
"O",1943,"11",1.3
"O",1943,"12",-1.4
"O",1944,"01",0.4
"O",1944,"02",-4
"O",1944,"03",-1.7
"O",1944,"04",7.2
"O",1944,"05",10.2
"O",1944,"06",13.2
"O",1944,"07",15.5
"O",1944,"08",18.5
"O",1944,"09",12.1
"O",1944,"10",7.2
"O",1944,"11",1.8
"O",1944,"12",-3.3
"O",1945,"01",-7.7
"O",1945,"02",1.4
"O",1945,"03",4.1
"O",1945,"04",7.7
"O",1945,"05",13.3
"O",1945,"06",16.2
"O",1945,"07",17.4
"O",1945,"08",15.6
"O",1945,"09",12.6
"O",1945,"10",7.2
"O",1945,"11",1.5
"O",1945,"12",-1.2
"O",1946,"01",-4.3
"O",1946,"02",0.7
"O",1946,"03",3.7
"O",1946,"04",9.8
"O",1946,"05",13.9
"O",1946,"06",14.7
"O",1946,"07",17.6
"O",1946,"08",16.2
"O",1946,"09",13.5
"O",1946,"10",5.5
"O",1946,"11",1.5
"O",1946,"12",-4.6
"O",1947,"01",-7
"O",1947,"02",-5.6
"O",1947,"03",2.5
"O",1947,"04",9
"O",1947,"05",13.8
"O",1947,"06",16.4
"O",1947,"07",18
"O",1947,"08",17.2
"O",1947,"09",15.9
"O",1947,"10",6.8
"O",1947,"11",4.3
"O",1947,"12",-0.6
"O",1948,"01",1.5
"O",1948,"02",-0.7
"O",1948,"03",4.5
"O",1948,"04",8.8
"O",1948,"05",13.7
"O",1948,"06",13.7
"O",1948,"07",14.3
"O",1948,"08",15.6
"O",1948,"09",12.7
"O",1948,"10",7.8
"O",1948,"11",2.5
"O",1948,"12",-2.8
"O",1949,"01",-1.3
"O",1949,"02",-0.9
"O",1949,"03",0.7
"O",1949,"04",9.1
"O",1949,"05",11.6
"O",1949,"06",13.1
"O",1949,"07",16.3
"O",1949,"08",15.5
"O",1949,"09",14.5
"O",1949,"10",8.8
"O",1949,"11",2.3
"O",1949,"12",0.8
"O",1950,"01",-3.2
"O",1950,"02",0.6
"O",1950,"03",3.9
"O",1950,"04",6.5
"O",1950,"05",13.3
"O",1950,"06",17.1
"O",1950,"07",18.2
"O",1950,"08",16.7
"O",1950,"09",12.2
"O",1950,"10",6.1
"O",1950,"11",2.3
"O",1950,"12",-3
"O",1951,"01",-1.5
"O",1951,"02",0.5
"O",1951,"03",1.6
"O",1951,"04",6.5
"O",1951,"05",11.1
"O",1951,"06",14.6
"O",1951,"07",16.5
"O",1951,"08",16.8
"O",1951,"09",13.8
"O",1951,"10",6.3
"O",1951,"11",4.8
"O",1951,"12",-0.5
"O",1952,"01",-2.5
"O",1952,"02",-2.3
"O",1952,"03",0.6
"O",1952,"04",9.3
"O",1952,"05",10.8
"O",1952,"06",14.9
"O",1952,"07",18.2
"O",1952,"08",17.5
"O",1952,"09",9.7
"O",1952,"10",6.3
"O",1952,"11",0.4
"O",1952,"12",-2.8
"O",1953,"01",-3
"O",1953,"02",-1.8
"O",1953,"03",3.3
"O",1953,"04",8.3
"O",1953,"05",11.5
"O",1953,"06",14.9
"O",1953,"07",17.2
"O",1953,"08",15.1
"O",1953,"09",13.5
"O",1953,"10",9.6
"O",1953,"11",1.3
"O",1953,"12",-0.5
"O",1954,"01",-5.6
"O",1954,"02",-5.6
"O",1954,"03",3.7
"O",1954,"04",4.8
"O",1954,"05",10.2
"O",1954,"06",15.3
"O",1954,"07",13.8
"O",1954,"08",15.2
"O",1954,"09",13.3
"O",1954,"10",7.6
"O",1954,"11",1.6
"O",1954,"12",1.1
"O",1955,"01",-3.2
"O",1955,"02",-2.4
"O",1955,"03",-0.2
"O",1955,"04",5.4
"O",1955,"05",10
"O",1955,"06",13.9
"O",1955,"07",16
"O",1955,"08",15.1
"O",1955,"09",12.2
"O",1955,"10",6.6
"O",1955,"11",1.6
"O",1955,"12",1.1
"O",1956,"01",-1.5
"O",1956,"02",-11.2
"O",1956,"03",1.2
"O",1956,"04",5.5
"O",1956,"05",11.3
"O",1956,"06",12.5
"O",1956,"07",16.3
"O",1956,"08",14.7
"O",1956,"09",13.3
"O",1956,"10",6.9
"O",1956,"11",0.5
"O",1956,"12",-1.1
"O",1957,"01",-3.1
"O",1957,"02",2
"O",1957,"03",5.5
"O",1957,"04",6.6
"O",1957,"05",8.4
"O",1957,"06",16.3
"O",1957,"07",16.6
"O",1957,"08",14.4
"O",1957,"09",11.1
"O",1957,"10",7.2
"O",1957,"11",3.1
"O",1957,"12",-0.9
"O",1958,"01",-2.8
"O",1958,"02",0
"O",1958,"03",-2
"O",1958,"04",4.5
"O",1958,"05",14.1
"O",1958,"06",13.8
"O",1958,"07",16.5
"O",1958,"08",16.1
"O",1958,"09",13.1
"O",1958,"10",7.6
"O",1958,"11",3.3
"O",1958,"12",-0.7
"O",1959,"01",-2.7
"O",1959,"02",-2.5
"O",1959,"03",4.9
"O",1959,"04",8
"O",1959,"05",11.5
"O",1959,"06",14.4
"O",1959,"07",17.4
"O",1959,"08",15.5
"O",1959,"09",11.9
"O",1959,"10",7
"O",1959,"11",1.8
"O",1959,"12",0.5
"O",1960,"01",-3.1
"O",1960,"02",-1.8
"O",1960,"03",3.4
"O",1960,"04",6.7
"O",1960,"05",11.9
"O",1960,"06",15.3
"O",1960,"07",14.7
"O",1960,"08",15.5
"O",1960,"09",11.7
"O",1960,"10",8.1
"O",1960,"11",4.1
"O",1960,"12",-1
"O",1961,"01",-4
"O",1961,"02",1.7
"O",1961,"03",4.6
"O",1961,"04",10.5
"O",1961,"05",9.3
"O",1961,"06",15.5
"O",1961,"07",15
"O",1961,"08",15.5
"O",1961,"09",15.4
"O",1961,"10",8.9
"O",1961,"11",2
"O",1961,"12",-3.1
"O",1962,"01",-1.9
"O",1962,"02",-1.7
"O",1962,"03",-0.8
"O",1962,"04",7.8
"O",1962,"05",9.2
"O",1962,"06",13.1
"O",1962,"07",15
"O",1962,"08",17
"O",1962,"09",11.8
"O",1962,"10",7.4
"O",1962,"11",1.5
"O",1962,"12",-6.5
"O",1963,"01",-8.1
"O",1963,"02",-7.2
"O",1963,"03",0.3
"O",1963,"04",8.2
"O",1963,"05",11
"O",1963,"06",15.3
"O",1963,"07",17.4
"O",1963,"08",15.7
"O",1963,"09",13.7
"O",1963,"10",7.1
"O",1963,"11",5.8
"O",1963,"12",-5.1
"O",1964,"01",-6.3
"O",1964,"02",-1.2
"O",1964,"03",-0.4
"O",1964,"04",8.2
"O",1964,"05",12.3
"O",1964,"06",16.4
"O",1964,"07",17.3
"O",1964,"08",14.9
"O",1964,"09",12.6
"O",1964,"10",6.2
"O",1964,"11",4
"O",1964,"12",-2.7
"O",1965,"01",-1
"O",1965,"02",-5.1
"O",1965,"03",0.7
"O",1965,"04",5.6
"O",1965,"05",9.6
"O",1965,"06",14.8
"O",1965,"07",15.2
"O",1965,"08",14.2
"O",1965,"09",11.8
"O",1965,"10",6.9
"O",1965,"11",0.7
"O",1965,"12",0.7
"O",1966,"01",-5.4
"O",1966,"02",3.9
"O",1966,"03",1.7
"O",1966,"04",8.9
"O",1966,"05",11.6
"O",1966,"06",15.6
"O",1966,"07",14.9
"O",1966,"08",14.5
"O",1966,"09",13.1
"O",1966,"10",11
"O",1966,"11",0.6
"O",1966,"12",-0.7
"O",1967,"01",-2.2
"O",1967,"02",0.5
"O",1967,"03",3.6
"O",1967,"04",5.8
"O",1967,"05",11.6
"O",1967,"06",14
"O",1967,"07",18.2
"O",1967,"08",16.1
"O",1967,"09",12.7
"O",1967,"10",9.5
"O",1967,"11",2.3
"O",1967,"12",-2
"O",1968,"01",-3.6
"O",1968,"02",0.1
"O",1968,"03",3.1
"O",1968,"04",8.4
"O",1968,"05",11.3
"O",1968,"06",15.3
"O",1968,"07",15.6
"O",1968,"08",14.8
"O",1968,"09",12.2
"O",1968,"10",8.5
"O",1968,"11",2.9
"O",1968,"12",-3.8
"O",1969,"01",-2.2
"O",1969,"02",-2.6
"O",1969,"03",1.2
"O",1969,"04",6.7
"O",1969,"05",13.3
"O",1969,"06",13.3
"O",1969,"07",17.2
"O",1969,"08",14.9
"O",1969,"09",13.7
"O",1969,"10",8.7
"O",1969,"11",3.5
"O",1969,"12",-5.8
"O",1970,"01",-3.2
"O",1970,"02",-1.7
"O",1970,"03",0.3
"O",1970,"04",4.9
"O",1970,"05",9.4
"O",1970,"06",16.1
"O",1970,"07",16.1
"O",1970,"08",15.9
"O",1970,"09",12.6
"O",1970,"10",7.3
"O",1970,"11",4.5
"O",1970,"12",-2
"O",1971,"01",-3.8
"O",1971,"02",-1.1
"O",1971,"03",-0.6
"O",1971,"04",8.4
"O",1971,"05",13
"O",1971,"06",13.3
"O",1971,"07",17.4
"O",1971,"08",17.8
"O",1971,"09",11
"O",1971,"10",7.2
"O",1971,"11",2
"O",1971,"12",1.1
"O",1972,"01",-3.2
"O",1972,"02",0.5
"O",1972,"03",4.9
"O",1972,"04",6.4
"O",1972,"05",10.9
"O",1972,"06",14.6
"O",1972,"07",16.3
"O",1972,"08",15.6
"O",1972,"09",9.9
"O",1972,"10",4.9
"O",1972,"11",2
"O",1972,"12",-2.1
"O",1973,"01",-2.4
"O",1973,"02",-1.3
"O",1973,"03",1.7
"O",1973,"04",4.3
"O",1973,"05",12.5
"O",1973,"06",15
"O",1973,"07",16
"O",1973,"08",17.2
"O",1973,"09",13.8
"O",1973,"10",6.1
"O",1973,"11",1.4
"O",1973,"12",-2.2
"O",1974,"01",0.6
"O",1974,"02",1.7
"O",1974,"03",5.7
"O",1974,"04",6.8
"O",1974,"05",10.2
"O",1974,"06",12.8
"O",1974,"07",15.2
"O",1974,"08",17.3
"O",1974,"09",12.5
"O",1974,"10",3.7
"O",1974,"11",2
"O",1974,"12",2.1
"O",1975,"01",1.2
"O",1975,"02",-0.4
"O",1975,"03",3
"O",1975,"04",6.1
"O",1975,"05",12.4
"O",1975,"06",13.4
"O",1975,"07",16.4
"O",1975,"08",16.4
"O",1975,"09",15.3
"O",1975,"10",6.8
"O",1975,"11",1.3
"O",1975,"12",-1.8
"O",1976,"01",0
"O",1976,"02",-0.5
"O",1976,"03",0.4
"O",1976,"04",6.9
"O",1976,"05",12.2
"O",1976,"06",16.1
"O",1976,"07",17.9
"O",1976,"08",13.9
"O",1976,"09",11.1
"O",1976,"10",9
"O",1976,"11",3.2
"O",1976,"12",-3.1
"O",1977,"01",-2
"O",1977,"02",1.7
"O",1977,"03",5.9
"O",1977,"04",5.1
"O",1977,"05",11.8
"O",1977,"06",15.5
"O",1977,"07",16.5
"O",1977,"08",15.3
"O",1977,"09",11.2
"O",1977,"10",8.9
"O",1977,"11",3.4
"O",1977,"12",-0.9
"O",1978,"01",-1.4
"O",1978,"02",-3.1
"O",1978,"03",3.4
"O",1978,"04",6.1
"O",1978,"05",10.1
"O",1978,"06",14
"O",1978,"07",14.9
"O",1978,"08",14.6
"O",1978,"09",11.9
"O",1978,"10",7.5
"O",1978,"11",1
"O",1978,"12",-0.9
"O",1979,"01",-5.7
"O",1979,"02",-0.6
"O",1979,"03",3.5
"O",1979,"04",5.1
"O",1979,"05",11.9
"O",1979,"06",16.3
"O",1979,"07",14.7
"O",1979,"08",14.8
"O",1979,"09",12.4
"O",1979,"10",7.5
"O",1979,"11",1.8
"O",1979,"12",2.3
"O",1980,"01",-4.4
"O",1980,"02",1.2
"O",1980,"03",2.6
"O",1980,"04",3.8
"O",1980,"05",9.4
"O",1980,"06",13.9
"O",1980,"07",14.4
"O",1980,"08",16.5
"O",1980,"09",12.8
"O",1980,"10",6.8
"O",1980,"11",0.9
"O",1980,"12",-2.5
"O",1981,"01",-5
"O",1981,"02",-2.2
"O",1981,"03",5.9
"O",1981,"04",7.6
"O",1981,"05",11.9
"O",1981,"06",15.3
"O",1981,"07",15.5
"O",1981,"08",16.3
"O",1981,"09",13.2
"O",1981,"10",7.8
"O",1981,"11",2.6
"O",1981,"12",-3
"O",1982,"01",-4.5
"O",1982,"02",-2.6
"O",1982,"03",2.9
"O",1982,"04",5.2
"O",1982,"05",12.2
"O",1982,"06",15.6
"O",1982,"07",17.9
"O",1982,"08",16.5
"O",1982,"09",14.9
"O",1982,"10",8.4
"O",1982,"11",3.4
"O",1982,"12",0.6
"O",1983,"01",1.7
"O",1983,"02",-3.8
"O",1983,"03",3.5
"O",1983,"04",8.5
"O",1983,"05",11.8
"O",1983,"06",15.1
"O",1983,"07",20.1
"O",1983,"08",17
"O",1983,"09",12.9
"O",1983,"10",8.2
"O",1983,"11",1
"O",1983,"12",-1.9
"O",1984,"01",-1.3
"O",1984,"02",-2.6
"O",1984,"03",1
"O",1984,"04",5.6
"O",1984,"05",10.3
"O",1984,"06",13.6
"O",1984,"07",15.2
"O",1984,"08",15.7
"O",1984,"09",11.5
"O",1984,"10",8.7
"O",1984,"11",3.7
"O",1984,"12",-1
"O",1985,"01",-7.7
"O",1985,"02",-4.4
"O",1985,"03",1.6
"O",1985,"04",6.8
"O",1985,"05",12.9
"O",1985,"06",13
"O",1985,"07",17.4
"O",1985,"08",16.2
"O",1985,"09",13.2
"O",1985,"10",7.3
"O",1985,"11",-0.2
"O",1985,"12",1.3
"O",1986,"01",-1.7
"O",1986,"02",-6.8
"O",1986,"03",2
"O",1986,"04",7.4
"O",1986,"05",14
"O",1986,"06",14.6
"O",1986,"07",16.1
"O",1986,"08",16.6
"O",1986,"09",12.1
"O",1986,"10",8.4
"O",1986,"11",2.8
"O",1986,"12",-1.2
"O",1987,"01",-6.2
"O",1987,"02",-1.8
"O",1987,"03",-2.4
"O",1987,"04",8
"O",1987,"05",9.3
"O",1987,"06",14
"O",1987,"07",17.3
"O",1987,"08",15.2
"O",1987,"09",15.4
"O",1987,"10",8.9
"O",1987,"11",3
"O",1987,"12",0.4
"O",1988,"01",0.9
"O",1988,"02",0.1
"O",1988,"03",0.9
"O",1988,"04",7.9
"O",1988,"05",13.5
"O",1988,"06",14.5
"O",1988,"07",17.5
"O",1988,"08",16.7
"O",1988,"09",12.6
"O",1988,"10",9.5
"O",1988,"11",0.3
"O",1988,"12",0.8
"O",1989,"01",-0.4
"O",1989,"02",1.9
"O",1989,"03",6.1
"O",1989,"04",7.5
"O",1989,"05",12
"O",1989,"06",13.5
"O",1989,"07",17
"O",1989,"08",16.4
"O",1989,"09",12.8
"O",1989,"10",8.4
"O",1989,"11",0.9
"O",1989,"12",-0.5
"O",1990,"01",-1.9
"O",1990,"02",3
"O",1990,"03",6.1
"O",1990,"04",6
"O",1990,"05",13.3
"O",1990,"06",14.5
"O",1990,"07",16.4
"O",1990,"08",17.7
"O",1990,"09",11
"O",1990,"10",8.8
"O",1990,"11",3.1
"O",1990,"12",-1.9
"O",1991,"01",-0.8
"O",1991,"02",-4.2
"O",1991,"03",5.2
"O",1991,"04",6.2
"O",1991,"05",8.1
"O",1991,"06",14.1
"O",1991,"07",18.2
"O",1991,"08",17
"O",1991,"09",14.3
"O",1991,"10",6.9
"O",1991,"11",2
"O",1991,"12",-2.9
"O",1992,"01",-0.9
"O",1992,"02",0.7
"O",1992,"03",3.4
"O",1992,"04",6.9
"O",1992,"05",13.6
"O",1992,"06",15.9
"O",1992,"07",18.3
"O",1992,"08",20.5
"O",1992,"09",13.2
"O",1992,"10",6.6
"O",1992,"11",4.1
"O",1992,"12",-1.2
"O",1993,"01",0.3
"O",1993,"02",-3.2
"O",1993,"03",1.6
"O",1993,"04",8.9
"O",1993,"05",14.8
"O",1993,"06",15.3
"O",1993,"07",15.5
"O",1993,"08",16.4
"O",1993,"09",12.1
"O",1993,"10",7.8
"O",1993,"11",-0.1
"O",1993,"12",1.1
"O",1994,"01",1.1
"O",1994,"02",-0.4
"O",1994,"03",6.4
"O",1994,"04",6.7
"O",1994,"05",12.5
"O",1994,"06",15.9
"O",1994,"07",20.3
"O",1994,"08",18.6
"O",1994,"09",13.6
"O",1994,"10",6.5
"O",1994,"11",6.2
"O",1994,"12",0.7
"O",1995,"01",-2.6
"O",1995,"02",3.1
"O",1995,"03",1.8
"O",1995,"04",8
"O",1995,"05",12.2
"O",1995,"06",13.5
"O",1995,"07",19.7
"O",1995,"08",16.4
"O",1995,"09",11.5
"O",1995,"10",10.3
"O",1995,"11",0.6
"O",1995,"12",-1.9
"O",1996,"01",-3.9
"O",1996,"02",-3.9
"O",1996,"03",-0.3
"O",1996,"04",7.1
"O",1996,"05",12.4
"O",1996,"06",16.3
"O",1996,"07",15.7
"O",1996,"08",16
"O",1996,"09",9.8
"O",1996,"10",8.2
"O",1996,"11",3.8
"O",1996,"12",-4.1
"O",1997,"01",-3.9
"O",1997,"02",1.8
"O",1997,"03",4.3
"O",1997,"04",4.9
"O",1997,"05",12.9
"O",1997,"06",15.5
"O",1997,"07",15.9
"O",1997,"08",17.5
"O",1997,"09",13.4
"O",1997,"10",6.4
"O",1997,"11",2.9
"O",1997,"12",0.6
"O",1998,"01",-0.4
"O",1998,"02",2.1
"O",1998,"03",3
"O",1998,"04",8.4
"O",1998,"05",13.1
"O",1998,"06",16.4
"O",1998,"07",16.9
"O",1998,"08",17.2
"O",1998,"09",12.1
"O",1998,"10",8.5
"O",1998,"11",0.2
"O",1998,"12",-1.8
"O",1999,"01",-0.8
"O",1999,"02",-2.3
"O",1999,"03",4.4
"O",1999,"04",8
"O",1999,"05",13.6
"O",1999,"06",14.8
"O",1999,"07",17.7
"O",1999,"08",16.8
"O",1999,"09",15.5
"O",1999,"10",8.4
"O",1999,"11",1
"O",1999,"12",-0.6
"O",2000,"01",-3
"O",2000,"02",2.1
"O",2000,"03",3.9
"O",2000,"04",10
"O",2000,"05",14.4
"O",2000,"06",17.3
"O",2000,"07",15.1
"O",2000,"08",18.2
"O",2000,"09",12.8
"O",2000,"10",9.9
"O",2000,"11",4.3
"O",2000,"12",0.6
"O",2001,"01",-1.9
"O",2001,"02",0.6
"O",2001,"03",5
"O",2001,"04",6.3
"O",2001,"05",14.7
"O",2001,"06",14
"O",2001,"07",17.6
"O",2001,"08",18.2
"O",2001,"09",10.4
"O",2001,"10",11.3
"O",2001,"11",1.7
"O",2001,"12",-3.4
"O",2002,"01",-1.9
"O",2002,"02",3.6
"O",2002,"03",4.7
"O",2002,"04",7.4
"O",2002,"05",14.2
"O",2002,"06",18
"O",2002,"07",17.8
"O",2002,"08",17.5
"O",2002,"09",11.6
"O",2002,"10",7.5
"O",2002,"11",4.9
"O",2002,"12",-0.6
"O",2003,"01",-2.6
"O",2003,"02",-4.3
"O",2003,"03",4
"O",2003,"04",7.5
"O",2003,"05",14.7
"O",2003,"06",19.8
"O",2003,"07",18.4
"O",2003,"08",20.8
"O",2003,"09",12.8
"O",2003,"10",5.2
"O",2003,"11",4.1
"O",2003,"12",-0.9
"O",2004,"01",-2.5
"O",2004,"02",0.6
"O",2004,"03",2.1
"O",2004,"04",8.7
"O",2004,"05",10.9
"O",2004,"06",14.9
"O",2004,"07",16.9
"O",2004,"08",17.8
"O",2004,"09",13.2
"O",2004,"10",9.5
"O",2004,"11",2.8
"O",2004,"12",-1.3
"O",2005,"01",-1.4
"O",2005,"02",-3.4
"O",2005,"03",1.9
"O",2005,"04",8.3
"O",2005,"05",12.8
"O",2005,"06",16.3
"O",2005,"07",17.4
"O",2005,"08",15.3
"O",2005,"09",14.1
"O",2005,"10",9.2
"O",2005,"11",1.7
"O",2005,"12",-2.2
"O",2006,"01",-5.2
"O",2006,"02",-2.7
"O",2006,"03",0.4
"O",2006,"04",8.1
"O",2006,"05",12.3
"O",2006,"06",16.3
"O",2006,"07",20.7
"O",2006,"08",14.3
"O",2006,"09",15.7
"O",2006,"10",10.4
"O",2006,"11",4.7
"O",2006,"12",0.9
"O",2007,"01",2.8
"O",2007,"02",3.2
"O",2007,"03",5
"O",2007,"04",11.4
"O",2007,"05",13.9
"O",2007,"06",17.7
"O",2007,"07",17.9
"O",2007,"08",16.8
"O",2007,"09",11.2
"O",2007,"10",7.1
"O",2007,"11",1.2
"O",2007,"12",-1.2
"O",2008,"01",0.7
"O",2008,"02",2.1
"O",2008,"03",3.2
"O",2008,"04",7.6
"O",2008,"05",14
"O",2008,"06",17.4
"O",2008,"07",17.4
"O",2008,"08",17.4
"O",2008,"09",11.8
"O",2008,"10",8.3
"O",2008,"11",3.9
"O",2008,"12",0
"O",2009,"01",-4
"O",2009,"02",-1.3
"O",2009,"03",2.8
"O",2009,"04",11.8
"O",2009,"05",13.9
"O",2009,"06",14.9
"O",2009,"07",17.9
"O",2009,"08",18.6
"O",2009,"09",14.7
"O",2009,"10",7.6
"O",2009,"11",5.2
"O",2009,"12",-1.1
"O",2010,"01",-3.7
"O",2010,"02",-1.5
"O",2010,"03",3.1
"O",2010,"04",8.3
"O",2010,"05",11.4
"O",2010,"06",16.1
"O",2010,"07",19.3
"O",2010,"08",16.5
"O",2010,"09",11.7
"O",2010,"10",6.7
"O",2010,"11",4.3
"O",2010,"12",-4
"O",2011,"01",-1.4
"O",2011,"02",-0.6
"O",2011,"03",4.4
"O",2011,"04",10.9
"O",2011,"05",13.6
"O",2011,"06",16.3
"O",2011,"07",15.9
"O",2011,"08",18.4
"O",2011,"09",14.7
"O",2011,"10",7.9
"O",2011,"11",2.7
"O",2011,"12",1.4
"O",2012,"01",-0.1
"O",2012,"02",-5.1
"O",2012,"03",6
"O",2012,"04",8.4
"O",2012,"05",14
"O",2012,"06",17.1
"O",2012,"07",17.9
"O",2012,"08",18.4
"O",2012,"09",13.4
"O",2012,"10",7.8
"O",2012,"11",4.1
"O",2012,"12",-0.9
"O",2013,"01",-0.9
"O",2013,"02",-2
"O",2013,"03",1
"O",2013,"04",8.6
"O",2013,"05",11.6
"O",2013,"06",15.4
"O",2013,"07",19.7
"O",2013,"08",18.2
"O",2013,"09",12.7
"O",2013,"10",9.1
"O",2013,"11",3.3
"O",2013,"12",0.7
"O",2014,"01",0.6
"O",2014,"02",2.5
"O",2014,"03",6.4
"O",2014,"04",9.6
"O",2014,"05",11.8
"O",2014,"06",16.6
"O",2014,"07",18.1
"O",2014,"08",15.9
"O",2014,"09",13.7
"O",2014,"10",10.5
"O",2014,"11",5.7
"O",2014,"12",1.4
"O",2015,"01",0.6
"O",2015,"02",-1.1
"O",2015,"03",4.3
"O",2015,"04",8.2
"O",2015,"05",12.6
"O",2015,"06",16.7
"O",2015,"07",20.8
"O",2015,"08",20.5
"O",2015,"09",12.7
"O",2015,"10",8
"O",2015,"11",6.1
"O",2015,"12",3
"O",2016,"01",-0.8
"O",2016,"02",3.1
"O",2016,"03",3.8
"O",2016,"04",8.3
"O",2016,"05",12.5
"O",2016,"06",16.6
"O",2016,"07",18.7
"O",2016,"08",17.4
"O",2016,"09",15.6
"O",2016,"10",7.8
"O",2016,"11",2.7
"O",2016,"12",-0.1
"O",2017,"01",-5.6
"O",2017,"02",1.7
"O",2017,"03",6.5
"O",2017,"04",7
"O",2017,"05",14
"O",2017,"06",18.7
"O",2017,"07",18.5
"O",2017,"08",18.9
"O",2017,"09",11.5
"O",2017,"10",9.8
"O",2017,"11",3.1
"O",2017,"12",-0.2
"O",2018,"01",2.1
"O",2018,"02",-3
"O",2018,"03",1.8
"O",2018,"04",13
"O",2018,"05",16
"O",2018,"06",17.7
"O",2018,"07",19.3
"O",2018,"08",20.2
"O",2018,"09",14.7
"O",2018,"10",10.4
"O",2018,"11",4.4
"O",2018,"12",1.2
"O",2019,"01",-1.7
"O",2019,"02",1.5
"O",2019,"03",5.7
"O",2019,"04",9.6
"O",2019,"05",10
"O",2019,"06",20.3
"O",2019,"07",19.3
"O",2019,"08",18.9
"O",2019,"09",13.8
"O",2019,"10",10
"O",2019,"11",4.3
"O",2019,"12",1.5
"O",2020,"01",0.1
"O",2020,"02",3.6
"O",2020,"03",4.4
"O",2020,"04",10.5
"O",2020,"05",11.5
"O",2020,"06",15.8
"O",2020,"07",18.2
"O",2020,"08",18.8
"O",2020,"09",14.5
"O",2020,"10",8.3
"O",2020,"11",3.8
"O",2020,"12",0.8
"O",2021,"01",-1.5
"O",2021,"02",1.5
"O",2021,"03",3.3
"O",2021,"04",6.1
"O",2021,"05",10.4
"O",2021,"06",18.8
"O",2021,"07",18.2
"O",2021,"08",16.2
"O",2021,"09",14.6
"O",2021,"10",7.8
"O",2021,"11",2.9
"O",2021,"12",0.7
"O",2022,"01",0.6
"O",2022,"02",2.7
"O",2022,"03",4.2
"O",2022,"04",7.1
"O",2022,"05",14.7
"O",2022,"06",18.8
"O",2022,"07",19.4
"O",2022,"08",19.2
"O",2022,"09",12.3
"O",2022,"10",11.4
"O",2022,"11",4.6
"O",2022,"12",0.3
"O",2023,"01",1.4
"O",2023,"02",1.5
"O",2023,"03",5.1
"O",2023,"04",6.4
"O",2023,"05",12.9
"O",2023,"06",17.8
"O",2023,"07",19.7
"O",2023,"08",18.4
"O",2023,"09",16.7
"O",2023,"10",11.6
"O",2023,"11",4.1
"O",2023,"12",1.7
"O",2024,"01",-0.4
"O",2024,"02",5.4
"O",2024,"03",7.2
"O",2024,"04",9.7
"O",2024,"05",14.4
"O",2024,"06",17.8
"O",2024,"07",20.1
"O",2024,"08",20.8
"O",2024,"09",14.1
"O",2024,"10",10.5
"O",2024,"11",3.1
"O",2024,"12",0.4
"O",2025,"01",-0.1
"O",2025,"02",0.6
"O",2025,"03",5.2
"O",2025,"04",10.4
"O",2025,"05",11.8
"O",2025,"06",19.4
"O",2025,"07",17.8
"O",2025,"08",18.2
"O",2025,"09",14.4
"O",2025,"10",7.8
"O",2025,"11",2
"O",2025,"12",-0.2
"S",1850,"01",-9.2
"S",1850,"02",-3
"S",1850,"03",-4.2
"S",1850,"04",2.6
"S",1850,"05",5.9
"S",1850,"06",9.8
"S",1850,"07",10.4
"S",1850,"08",11.7
"S",1850,"09",7.1
"S",1850,"10",1
"S",1850,"11",-0.8
"S",1850,"12",-3.4
"S",1851,"01",-4.1
"S",1851,"02",-5.4
"S",1851,"03",-3.5
"S",1851,"04",3.3
"S",1851,"05",2.5
"S",1851,"06",9.8
"S",1851,"07",10.4
"S",1851,"08",10.8
"S",1851,"09",4.7
"S",1851,"10",5.8
"S",1851,"11",-7.4
"S",1851,"12",-8
"S",1852,"01",-4.7
"S",1852,"02",-5.4
"S",1852,"03",-5.6
"S",1852,"04",0.3
"S",1852,"05",7
"S",1852,"06",10.2
"S",1852,"07",12.2
"S",1852,"08",11.4
"S",1852,"09",7.9
"S",1852,"10",3.2
"S",1852,"11",3.7
"S",1852,"12",-1.1
"S",1853,"01",-3.7
"S",1853,"02",-7.3
"S",1853,"03",-5.9
"S",1853,"04",-0.8
"S",1853,"05",6.7
"S",1853,"06",9.4
"S",1853,"07",12.9
"S",1853,"08",12
"S",1853,"09",8.5
"S",1853,"10",4.7
"S",1853,"11",-1.1
"S",1853,"12",-8
"S",1854,"01",-6
"S",1854,"02",-8.5
"S",1854,"03",-3.6
"S",1854,"04",3.1
"S",1854,"05",7.1
"S",1854,"06",9.3
"S",1854,"07",12.4
"S",1854,"08",10.7
"S",1854,"09",8.7
"S",1854,"10",5.6
"S",1854,"11",-4.7
"S",1854,"12",-4.7
"S",1855,"01",-10
"S",1855,"02",-4.8
"S",1855,"03",-2.5
"S",1855,"04",1
"S",1855,"05",5.7
"S",1855,"06",9.7
"S",1855,"07",11.8
"S",1855,"08",12.7
"S",1855,"09",8.5
"S",1855,"10",7.8
"S",1855,"11",-2.3
"S",1855,"12",-10.7
"S",1856,"01",-3.5
"S",1856,"02",-3.2
"S",1856,"03",-2.5
"S",1856,"04",4.6
"S",1856,"05",6.1
"S",1856,"06",11.6
"S",1856,"07",9.8
"S",1856,"08",12.8
"S",1856,"09",6.6
"S",1856,"10",6.2
"S",1856,"11",-6.1
"S",1856,"12",-6
"S",1857,"01",-9.2
"S",1857,"02",-7.7
"S",1857,"03",-3.8
"S",1857,"04",1.1
"S",1857,"05",6.7
"S",1857,"06",9.1
"S",1857,"07",12.7
"S",1857,"08",12.5
"S",1857,"09",10.2
"S",1857,"10",7.5
"S",1857,"11",-0.2
"S",1857,"12",-4.4
"S",1858,"01",-10.1
"S",1858,"02",-8.5
"S",1858,"03",-3.9
"S",1858,"04",3
"S",1858,"05",5
"S",1858,"06",12.3
"S",1858,"07",10.7
"S",1858,"08",10.2
"S",1858,"09",10.4
"S",1858,"10",6.1
"S",1858,"11",-4.1
"S",1858,"12",-5.1
"S",1859,"01",-6.1
"S",1859,"02",-5.3
"S",1859,"03",-1
"S",1859,"04",2.2
"S",1859,"05",6.8
"S",1859,"06",10.2
"S",1859,"07",15.6
"S",1859,"08",14.3
"S",1859,"09",7.8
"S",1859,"10",6.1
"S",1859,"11",-2.4
"S",1859,"12",-7.5
"S",1860,"01",-3.6
"S",1860,"02",-9.5
"S",1860,"03",-5.2
"S",1860,"04",0.9
"S",1860,"05",6.7
"S",1860,"06",10.1
"S",1860,"07",8.8
"S",1860,"08",10.6
"S",1860,"09",8.7
"S",1860,"10",3.9
"S",1860,"11",-3.5
"S",1860,"12",-5.1
"S",1861,"01",-8
"S",1861,"02",-1.9
"S",1861,"03",-2.4
"S",1861,"04",0.6
"S",1861,"05",5.5
"S",1861,"06",10.5
"S",1861,"07",11.8
"S",1861,"08",14.1
"S",1861,"09",8.7
"S",1861,"10",6.1
"S",1861,"11",-1
"S",1861,"12",-6.2
"S",1862,"01",-6.7
"S",1862,"02",-4.3
"S",1862,"03",1.5
"S",1862,"04",4.4
"S",1862,"05",8.7
"S",1862,"06",9.6
"S",1862,"07",12.6
"S",1862,"08",11.2
"S",1862,"09",9.5
"S",1862,"10",6.6
"S",1862,"11",0.5
"S",1862,"12",-4.3
"S",1863,"01",-2.5
"S",1863,"02",-4.5
"S",1863,"03",-1.2
"S",1863,"04",2.7
"S",1863,"05",8
"S",1863,"06",9.9
"S",1863,"07",11.1
"S",1863,"08",13.1
"S",1863,"09",8.4
"S",1863,"10",6.7
"S",1863,"11",-0.6
"S",1863,"12",-3.9
"S",1864,"01",-9.5
"S",1864,"02",-6
"S",1864,"03",-1.1
"S",1864,"04",-0.6
"S",1864,"05",5.3
"S",1864,"06",8.9
"S",1864,"07",10.5
"S",1864,"08",9.8
"S",1864,"09",8.1
"S",1864,"10",2.3
"S",1864,"11",-2
"S",1864,"12",-5.5
"S",1865,"01",-5.6
"S",1865,"02",-9.7
"S",1865,"03",-6.6
"S",1865,"04",4.9
"S",1865,"05",9.9
"S",1865,"06",8.5
"S",1865,"07",14.6
"S",1865,"08",11.6
"S",1865,"09",10
"S",1865,"10",4.8
"S",1865,"11",0.9
"S",1865,"12",-5.1
"S",1866,"01",-3.3
"S",1866,"02",-2.1
"S",1866,"03",-1.6
"S",1866,"04",3.8
"S",1866,"05",4.1
"S",1866,"06",11.2
"S",1866,"07",10.5
"S",1866,"08",9.5
"S",1866,"09",9.6
"S",1866,"10",3.6
"S",1866,"11",-1.7
"S",1866,"12",-3.7
"S",1867,"01",-5.6
"S",1867,"02",-2.5
"S",1867,"03",-2.1
"S",1867,"04",2.2
"S",1867,"05",6.9
"S",1867,"06",9.7
"S",1867,"07",10.6
"S",1867,"08",12.4
"S",1867,"09",9.7
"S",1867,"10",3
"S",1867,"11",-3.4
"S",1867,"12",-7.7
"S",1868,"01",-8.1
"S",1868,"02",-4.1
"S",1868,"03",-3.7
"S",1868,"04",1.2
"S",1868,"05",11.1
"S",1868,"06",11.4
"S",1868,"07",11.7
"S",1868,"08",12.4
"S",1868,"09",10.9
"S",1868,"10",5.2
"S",1868,"11",-3
"S",1868,"12",-0.7
"S",1869,"01",-7.5
"S",1869,"02",-0.1
"S",1869,"03",-3.9
"S",1869,"04",3.7
"S",1869,"05",9.1
"S",1869,"06",7.5
"S",1869,"07",13.9
"S",1869,"08",9.9
"S",1869,"09",9.8
"S",1869,"10",1.6
"S",1869,"11",-1.8
"S",1869,"12",-4.3
"S",1870,"01",-8.7
"S",1870,"02",-7.4
"S",1870,"03",-5.1
"S",1870,"04",0.3
"S",1870,"05",8.2
"S",1870,"06",10.2
"S",1870,"07",13.4
"S",1870,"08",9.9
"S",1870,"09",6.6
"S",1870,"10",2.5
"S",1870,"11",-0.1
"S",1870,"12",-6.9
"S",1871,"01",-9
"S",1871,"02",-4.8
"S",1871,"03",-0.7
"S",1871,"04",2.4
"S",1871,"05",4.9
"S",1871,"06",7.4
"S",1871,"07",12.8
"S",1871,"08",11.7
"S",1871,"09",10.6
"S",1871,"10",2.3
"S",1871,"11",-2.9
"S",1871,"12",-11
"S",1872,"01",-4.9
"S",1872,"02",-3.4
"S",1872,"03",-0.1
"S",1872,"04",3.2
"S",1872,"05",7.6
"S",1872,"06",9.9
"S",1872,"07",12.9
"S",1872,"08",10.7
"S",1872,"09",10.2
"S",1872,"10",7.4
"S",1872,"11",0.7
"S",1872,"12",-1.7
"S",1873,"01",-3.2
"S",1873,"02",-5.5
"S",1873,"03",1.6
"S",1873,"04",2
"S",1873,"05",4.5
"S",1873,"06",9.6
"S",1873,"07",13.9
"S",1873,"08",13.5
"S",1873,"09",8.2
"S",1873,"10",6.9
"S",1873,"11",-0.5
"S",1873,"12",-4.8
"S",1874,"01",-4.7
"S",1874,"02",-5.8
"S",1874,"03",-2.6
"S",1874,"04",4.3
"S",1874,"05",3.2
"S",1874,"06",10.6
"S",1874,"07",14.3
"S",1874,"08",10.3
"S",1874,"09",10.6
"S",1874,"10",5.9
"S",1874,"11",-4
"S",1874,"12",-6.8
"S",1875,"01",-5.2
"S",1875,"02",-10.1
"S",1875,"03",-5.3
"S",1875,"04",1.1
"S",1875,"05",8.2
"S",1875,"06",11.7
"S",1875,"07",11.6
"S",1875,"08",12.8
"S",1875,"09",8.4
"S",1875,"10",2.9
"S",1875,"11",-2.3
"S",1875,"12",-7.7
"S",1876,"01",-5.5
"S",1876,"02",-5.6
"S",1876,"03",-1.6
"S",1876,"04",3.3
"S",1876,"05",3.4
"S",1876,"06",10.4
"S",1876,"07",12.2
"S",1876,"08",12.2
"S",1876,"09",7.6
"S",1876,"10",7.2
"S",1876,"11",-2.8
"S",1876,"12",-1.7
"S",1877,"01",-2.4
"S",1877,"02",-3.4
"S",1877,"03",-3.1
"S",1877,"04",1.7
"S",1877,"05",4.4
"S",1877,"06",12.5
"S",1877,"07",11.1
"S",1877,"08",13.5
"S",1877,"09",6.5
"S",1877,"10",2.4
"S",1877,"11",-0.2
"S",1877,"12",-5.7
"S",1878,"01",-8
"S",1878,"02",-3.8
"S",1878,"03",-3.9
"S",1878,"04",2.6
"S",1878,"05",8
"S",1878,"06",9.8
"S",1878,"07",11
"S",1878,"08",11.5
"S",1878,"09",9.2
"S",1878,"10",5.2
"S",1878,"11",-2.8
"S",1878,"12",-7.6
"S",1879,"01",-6.1
"S",1879,"02",-3.8
"S",1879,"03",-2.4
"S",1879,"04",1.6
"S",1879,"05",3.9
"S",1879,"06",10.8
"S",1879,"07",9.3
"S",1879,"08",13.3
"S",1879,"09",9.9
"S",1879,"10",2.8
"S",1879,"11",-3.9
"S",1879,"12",-11.8
"S",1880,"01",-9.5
"S",1880,"02",-4.1
"S",1880,"03",0
"S",1880,"04",4.1
"S",1880,"05",5.3
"S",1880,"06",8.8
"S",1880,"07",13.3
"S",1880,"08",10.4
"S",1880,"09",9.2
"S",1880,"10",5.3
"S",1880,"11",-0.1
"S",1880,"12",-1.8
"S",1881,"01",-8.8
"S",1881,"02",-4
"S",1881,"03",-1.7
"S",1881,"04",1
"S",1881,"05",5.3
"S",1881,"06",9.4
"S",1881,"07",13.8
"S",1881,"08",12.2
"S",1881,"09",7.7
"S",1881,"10",1.2
"S",1881,"11",1.1
"S",1881,"12",-3.3
"S",1882,"01",-2.7
"S",1882,"02",-3.8
"S",1882,"03",0.9
"S",1882,"04",2.2
"S",1882,"05",7.4
"S",1882,"06",8.1
"S",1882,"07",11.1
"S",1882,"08",9.3
"S",1882,"09",8.1
"S",1882,"10",5.2
"S",1882,"11",-1.7
"S",1882,"12",-3.5
"S",1883,"01",-4.7
"S",1883,"02",-3.1
"S",1883,"03",-5.7
"S",1883,"04",0.6
"S",1883,"05",6.2
"S",1883,"06",9.3
"S",1883,"07",10.9
"S",1883,"08",10.7
"S",1883,"09",8.1
"S",1883,"10",3.1
"S",1883,"11",-1.3
"S",1883,"12",-6.3
"S",1884,"01",-4.6
"S",1884,"02",-3.7
"S",1884,"03",-0.8
"S",1884,"04",2
"S",1884,"05",7.9
"S",1884,"06",6.1
"S",1884,"07",12
"S",1884,"08",11.3
"S",1884,"09",8.8
"S",1884,"10",1.9
"S",1884,"11",-4
"S",1884,"12",-4.5
"S",1885,"01",-8.6
"S",1885,"02",-2.2
"S",1885,"03",-2.4
"S",1885,"04",4
"S",1885,"05",4.6
"S",1885,"06",11.3
"S",1885,"07",12.1
"S",1885,"08",10.6
"S",1885,"09",8.9
"S",1885,"10",2.6
"S",1885,"11",-0.9
"S",1885,"12",-6.1
"S",1886,"01",-7.3
"S",1886,"02",-6.4
"S",1886,"03",-3.8
"S",1886,"04",3.8
"S",1886,"05",7.3
"S",1886,"06",8.2
"S",1886,"07",12.1
"S",1886,"08",11.4
"S",1886,"09",10.8
"S",1886,"10",5.8
"S",1886,"11",-0.1
"S",1886,"12",-4.3
"S",1887,"01",-7.5
"S",1887,"02",-7
"S",1887,"03",-3
"S",1887,"04",2.5
"S",1887,"05",4.3
"S",1887,"06",10.3
"S",1887,"07",13.9
"S",1887,"08",11.2
"S",1887,"09",8.9
"S",1887,"10",0.1
"S",1887,"11",-0.8
"S",1887,"12",-6.8
"S",1888,"01",-8.1
"S",1888,"02",-6.3
"S",1888,"03",-3.2
"S",1888,"04",0.8
"S",1888,"05",7.3
"S",1888,"06",10.7
"S",1888,"07",9.3
"S",1888,"08",10.2
"S",1888,"09",8.8
"S",1888,"10",1.4
"S",1888,"11",-0.9
"S",1888,"12",-3
"S",1889,"01",-7.2
"S",1889,"02",-8.1
"S",1889,"03",-5.4
"S",1889,"04",0.4
"S",1889,"05",8.9
"S",1889,"06",11.6
"S",1889,"07",11
"S",1889,"08",10
"S",1889,"09",6
"S",1889,"10",4.5
"S",1889,"11",-1
"S",1889,"12",-7.1
"S",1890,"01",-2.7
"S",1890,"02",-7.6
"S",1890,"03",-1.9
"S",1890,"04",1.4
"S",1890,"05",7.9
"S",1890,"06",8.2
"S",1890,"07",10.7
"S",1890,"08",11.9
"S",1890,"09",7.3
"S",1890,"10",1.7
"S",1890,"11",-2.7
"S",1890,"12",-8.9
"S",1891,"01",-11.4
"S",1891,"02",-6.9
"S",1891,"03",-1.9
"S",1891,"04",-0.6
"S",1891,"05",7.8
"S",1891,"06",9.9
"S",1891,"07",10.7
"S",1891,"08",10.1
"S",1891,"09",9.4
"S",1891,"10",5.9
"S",1891,"11",-2.1
"S",1891,"12",-3.8
"S",1892,"01",-6.2
"S",1892,"02",-3.6
"S",1892,"03",-3.6
"S",1892,"04",2.4
"S",1892,"05",6.6
"S",1892,"06",9.6
"S",1892,"07",10.8
"S",1892,"08",13.1
"S",1892,"09",9.7
"S",1892,"10",3.7
"S",1892,"11",-0.5
"S",1892,"12",-6.6
"S",1893,"01",-11.2
"S",1893,"02",-4.5
"S",1893,"03",-1.7
"S",1893,"04",3.6
"S",1893,"05",5.7
"S",1893,"06",9.1
"S",1893,"07",11.8
"S",1893,"08",12
"S",1893,"09",8.5
"S",1893,"10",5.9
"S",1893,"11",-2.2
"S",1893,"12",-5.3
"S",1894,"01",-6.9
"S",1894,"02",-5.2
"S",1894,"03",-1.4
"S",1894,"04",4.4
"S",1894,"05",6.6
"S",1894,"06",8.4
"S",1894,"07",12.5
"S",1894,"08",10.9
"S",1894,"09",7.1
"S",1894,"10",3.5
"S",1894,"11",0
"S",1894,"12",-7
"S",1895,"01",-8.5
"S",1895,"02",-10.7
"S",1895,"03",-3.1
"S",1895,"04",2.7
"S",1895,"05",5.7
"S",1895,"06",9.7
"S",1895,"07",12.9
"S",1895,"08",11
"S",1895,"09",10.9
"S",1895,"10",3.7
"S",1895,"11",1.2
"S",1895,"12",-4.4
"S",1896,"01",-6.9
"S",1896,"02",-5.8
"S",1896,"03",-0.5
"S",1896,"04",-0.8
"S",1896,"05",4.5
"S",1896,"06",9.9
"S",1896,"07",12.1
"S",1896,"08",8.8
"S",1896,"09",7.6
"S",1896,"10",5
"S",1896,"11",-2.3
"S",1896,"12",-3.9
"S",1897,"01",-5.4
"S",1897,"02",-2.1
"S",1897,"03",0.2
"S",1897,"04",2.1
"S",1897,"05",3.7
"S",1897,"06",10.6
"S",1897,"07",11.8
"S",1897,"08",11.6
"S",1897,"09",8.5
"S",1897,"10",2.7
"S",1897,"11",-0.4
"S",1897,"12",-4.7
"S",1898,"01",-1.7
"S",1898,"02",-5.5
"S",1898,"03",-1.8
"S",1898,"04",3.1
"S",1898,"05",6.9
"S",1898,"06",8.6
"S",1898,"07",10.1
"S",1898,"08",12.9
"S",1898,"09",9.8
"S",1898,"10",6
"S",1898,"11",2.1
"S",1898,"12",-3.9
"S",1899,"01",-3.4
"S",1899,"02",-3
"S",1899,"03",-1.3
"S",1899,"04",2
"S",1899,"05",5.4
"S",1899,"06",9
"S",1899,"07",11.4
"S",1899,"08",11.7
"S",1899,"09",7.3
"S",1899,"10",4.5
"S",1899,"11",0.6
"S",1899,"12",-7.4
"S",1900,"01",-4
"S",1900,"02",-1.8
"S",1900,"03",-4.5
"S",1900,"04",0.4
"S",1900,"05",5.7
"S",1900,"06",10.4
"S",1900,"07",13
"S",1900,"08",10.9
"S",1900,"09",10.6
"S",1900,"10",4.8
"S",1900,"11",1.2
"S",1900,"12",-2.4
"S",1901,"01",-7.3
"S",1901,"02",-9.7
"S",1901,"03",-2.6
"S",1901,"04",2.3
"S",1901,"05",6.2
"S",1901,"06",10.6
"S",1901,"07",11.6
"S",1901,"08",10.7
"S",1901,"09",9.4
"S",1901,"10",4.6
"S",1901,"11",-2.5
"S",1901,"12",-3.4
"S",1902,"01",-3.6
"S",1902,"02",-3.5
"S",1902,"03",-1.9
"S",1902,"04",4.1
"S",1902,"05",2.4
"S",1902,"06",8.3
"S",1902,"07",12.1
"S",1902,"08",11.5
"S",1902,"09",8.7
"S",1902,"10",3.6
"S",1902,"11",-1.5
"S",1902,"12",-4.7
"S",1903,"01",-6.5
"S",1903,"02",-2.9
"S",1903,"03",-0.1
"S",1903,"04",-0.9
"S",1903,"05",7
"S",1903,"06",9.2
"S",1903,"07",11
"S",1903,"08",11.6
"S",1903,"09",8.8
"S",1903,"10",5.1
"S",1903,"11",-0.7
"S",1903,"12",-4.7
"S",1904,"01",-5.2
"S",1904,"02",-3.8
"S",1904,"03",-0.4
"S",1904,"04",3.5
"S",1904,"05",7.2
"S",1904,"06",10.7
"S",1904,"07",13.6
"S",1904,"08",12
"S",1904,"09",6.5
"S",1904,"10",3.8
"S",1904,"11",-1.9
"S",1904,"12",-4.1
"S",1905,"01",-8.2
"S",1905,"02",-5.5
"S",1905,"03",-0.9
"S",1905,"04",1
"S",1905,"05",5.9
"S",1905,"06",10.7
"S",1905,"07",14.3
"S",1905,"08",12
"S",1905,"09",10.2
"S",1905,"10",-0.9
"S",1905,"11",-0.5
"S",1905,"12",-3.9
"S",1906,"01",-5.5
"S",1906,"02",-5.7
"S",1906,"03",-2.9
"S",1906,"04",2
"S",1906,"05",6.3
"S",1906,"06",8.4
"S",1906,"07",11.7
"S",1906,"08",11.8
"S",1906,"09",6.7
"S",1906,"10",6.1
"S",1906,"11",1
"S",1906,"12",-7.6
"S",1907,"01",-6.9
"S",1907,"02",-8
"S",1907,"03",-4.8
"S",1907,"04",-0.1
"S",1907,"05",8
"S",1907,"06",10.2
"S",1907,"07",10.2
"S",1907,"08",12.3
"S",1907,"09",9.9
"S",1907,"10",7.6
"S",1907,"11",-0.2
"S",1907,"12",-4.1
"S",1908,"01",-6.7
"S",1908,"02",-5.3
"S",1908,"03",-2.7
"S",1908,"04",-0.5
"S",1908,"05",8.7
"S",1908,"06",11.5
"S",1908,"07",11.1
"S",1908,"08",9.5
"S",1908,"09",7.1
"S",1908,"10",4.8
"S",1908,"11",-3.1
"S",1908,"12",-4.8
"S",1909,"01",-8.8
"S",1909,"02",-8
"S",1909,"03",-3
"S",1909,"04",3.2
"S",1909,"05",5.1
"S",1909,"06",8.5
"S",1909,"07",9.8
"S",1909,"08",10.7
"S",1909,"09",8.2
"S",1909,"10",6
"S",1909,"11",-3
"S",1909,"12",-3.1
"S",1910,"01",-4.9
"S",1910,"02",-3.8
"S",1910,"03",-1.1
"S",1910,"04",1.6
"S",1910,"05",5.4
"S",1910,"06",10.3
"S",1910,"07",9.7
"S",1910,"08",10.6
"S",1910,"09",6.3
"S",1910,"10",5.4
"S",1910,"11",-2.6
"S",1910,"12",-1.3
"S",1911,"01",-8
"S",1911,"02",-5.8
"S",1911,"03",-0.6
"S",1911,"04",1.4
"S",1911,"05",6.4
"S",1911,"06",9.1
"S",1911,"07",13.6
"S",1911,"08",13.4
"S",1911,"09",10
"S",1911,"10",5.2
"S",1911,"11",1.3
"S",1911,"12",-2.2
"S",1912,"01",-4.5
"S",1912,"02",-1.2
"S",1912,"03",0.2
"S",1912,"04",0.3
"S",1912,"05",6.7
"S",1912,"06",10.2
"S",1912,"07",11.4
"S",1912,"08",9.1
"S",1912,"09",3
"S",1912,"10",2.6
"S",1912,"11",-4.4
"S",1912,"12",-2.9
"S",1913,"01",-5
"S",1913,"02",-6
"S",1913,"03",0.7
"S",1913,"04",2.5
"S",1913,"05",6.2
"S",1913,"06",9
"S",1913,"07",8.4
"S",1913,"08",9.6
"S",1913,"09",8.1
"S",1913,"10",6.6
"S",1913,"11",1
"S",1913,"12",-4.2
"S",1914,"01",-9.3
"S",1914,"02",-2.1
"S",1914,"03",-0.7
"S",1914,"04",3.8
"S",1914,"05",5.6
"S",1914,"06",8
"S",1914,"07",10.3
"S",1914,"08",11.9
"S",1914,"09",7.5
"S",1914,"10",4
"S",1914,"11",-1.1
"S",1914,"12",-1.9
"S",1915,"01",-5.9
"S",1915,"02",-4.6
"S",1915,"03",-2.7
"S",1915,"04",1.9
"S",1915,"05",8.8
"S",1915,"06",11.6
"S",1915,"07",11
"S",1915,"08",9.7
"S",1915,"09",6.9
"S",1915,"10",1.5
"S",1915,"11",-3.7
"S",1915,"12",-0.7
"S",1916,"01",-2.3
"S",1916,"02",-3.5
"S",1916,"03",0.9
"S",1916,"04",2.6
"S",1916,"05",7.6
"S",1916,"06",7.9
"S",1916,"07",11
"S",1916,"08",10.8
"S",1916,"09",6.4
"S",1916,"10",4.1
"S",1916,"11",0.3
"S",1916,"12",-2.4
"S",1917,"01",-7.1
"S",1917,"02",-6.5
"S",1917,"03",-2.9
"S",1917,"04",-1.4
"S",1917,"05",9.2
"S",1917,"06",12.1
"S",1917,"07",12
"S",1917,"08",11.8
"S",1917,"09",10.8
"S",1917,"10",2.8
"S",1917,"11",-1.6
"S",1917,"12",-7.2
"S",1918,"01",-4.1
"S",1918,"02",-3.8
"S",1918,"03",-0.6
"S",1918,"04",3.8
"S",1918,"05",7.8
"S",1918,"06",7
"S",1918,"07",10.9
"S",1918,"08",10.3
"S",1918,"09",9.7
"S",1918,"10",2.6
"S",1918,"11",-1.3
"S",1918,"12",-2.2
"S",1919,"01",-4.5
"S",1919,"02",-5.8
"S",1919,"03",-1.4
"S",1919,"04",-0.2
"S",1919,"05",4
"S",1919,"06",9
"S",1919,"07",8.6
"S",1919,"08",12.2
"S",1919,"09",10.1
"S",1919,"10",1.1
"S",1919,"11",-3.4
"S",1919,"12",-4.4
"S",1920,"01",-2.5
"S",1920,"02",-2.3
"S",1920,"03",1
"S",1920,"04",3.7
"S",1920,"05",9.4
"S",1920,"06",8.8
"S",1920,"07",12.1
"S",1920,"08",9.7
"S",1920,"09",9.1
"S",1920,"10",4.6
"S",1920,"11",-0.4
"S",1920,"12",-3.7
"S",1921,"01",-1.9
"S",1921,"02",-4.6
"S",1921,"03",0.8
"S",1921,"04",0.7
"S",1921,"05",8.5
"S",1921,"06",8.6
"S",1921,"07",13.5
"S",1921,"08",12.5
"S",1921,"09",9.6
"S",1921,"10",6.6
"S",1921,"11",-3.3
"S",1921,"12",-3.9
"S",1922,"01",-6.8
"S",1922,"02",-5.6
"S",1922,"03",-0.1
"S",1922,"04",1.2
"S",1922,"05",7.6
"S",1922,"06",10.3
"S",1922,"07",11
"S",1922,"08",11.8
"S",1922,"09",7
"S",1922,"10",2.4
"S",1922,"11",-3.5
"S",1922,"12",-4.5
"S",1923,"01",-5.5
"S",1923,"02",-3.2
"S",1923,"03",-0.6
"S",1923,"04",2.3
"S",1923,"05",7.7
"S",1923,"06",6.2
"S",1923,"07",13.5
"S",1923,"08",12.4
"S",1923,"09",8.1
"S",1923,"10",6.5
"S",1923,"11",0.2
"S",1923,"12",-5.5
"S",1924,"01",-7
"S",1924,"02",-7.3
"S",1924,"03",-2.4
"S",1924,"04",2
"S",1924,"05",8.2
"S",1924,"06",9.4
"S",1924,"07",11.4
"S",1924,"08",8.6
"S",1924,"09",9.7
"S",1924,"10",4.8
"S",1924,"11",-0.1
"S",1924,"12",-2.4
"S",1925,"01",-3.5
"S",1925,"02",-2.3
"S",1925,"03",-3.9
"S",1925,"04",2.3
"S",1925,"05",7
"S",1925,"06",9.6
"S",1925,"07",11.2
"S",1925,"08",10.6
"S",1925,"09",6.4
"S",1925,"10",4.8
"S",1925,"11",-1.7
"S",1925,"12",-6.2
"S",1926,"01",-5.4
"S",1926,"02",0.4
"S",1926,"03",-1.2
"S",1926,"04",3.9
"S",1926,"05",5.3
"S",1926,"06",7
"S",1926,"07",10.6
"S",1926,"08",10.6
"S",1926,"09",10.3
"S",1926,"10",5.1
"S",1926,"11",3.9
"S",1926,"12",-5
"S",1927,"01",-4.7
"S",1927,"02",-5.6
"S",1927,"03",0.2
"S",1927,"04",2.1
"S",1927,"05",7.2
"S",1927,"06",10.6
"S",1927,"07",12
"S",1927,"08",11.4
"S",1927,"09",9
"S",1927,"10",3.7
"S",1927,"11",0.7
"S",1927,"12",-4.5
"S",1928,"01",-3.9
"S",1928,"02",-3.1
"S",1928,"03",-0.4
"S",1928,"04",3.2
"S",1928,"05",4.1
"S",1928,"06",9.5
"S",1928,"07",14.6
"S",1928,"08",12.7
"S",1928,"09",8.3
"S",1928,"10",4.8
"S",1928,"11",0.6
"S",1928,"12",-6.3
"S",1929,"01",-10.3
"S",1929,"02",-11.8
"S",1929,"03",-1.8
"S",1929,"04",-0.1
"S",1929,"05",7.4
"S",1929,"06",10.1
"S",1929,"07",12.9
"S",1929,"08",12.1
"S",1929,"09",10.4
"S",1929,"10",5.2
"S",1929,"11",0.6
"S",1929,"12",-2.3
"S",1930,"01",-2
"S",1930,"02",-4.9
"S",1930,"03",0.6
"S",1930,"04",3.3
"S",1930,"05",5.6
"S",1930,"06",12.8
"S",1930,"07",11.4
"S",1930,"08",11.1
"S",1930,"09",9
"S",1930,"10",3.9
"S",1930,"11",1.6
"S",1930,"12",-4.4
"S",1931,"01",-5.8
"S",1931,"02",-6.5
"S",1931,"03",-3.9
"S",1931,"04",0.8
"S",1931,"05",9.4
"S",1931,"06",11.7
"S",1931,"07",11.7
"S",1931,"08",10.3
"S",1931,"09",4.3
"S",1931,"10",3.2
"S",1931,"11",1.2
"S",1931,"12",-5.9
"S",1932,"01",-3.1
"S",1932,"02",-9
"S",1932,"03",-3.6
"S",1932,"04",1.2
"S",1932,"05",6.8
"S",1932,"06",8.5
"S",1932,"07",12
"S",1932,"08",14
"S",1932,"09",12.5
"S",1932,"10",4.2
"S",1932,"11",0.4
"S",1932,"12",-1.2
"S",1933,"01",-7.4
"S",1933,"02",-5.6
"S",1933,"03",-0.7
"S",1933,"04",1.3
"S",1933,"05",4.3
"S",1933,"06",7.2
"S",1933,"07",12
"S",1933,"08",11.8
"S",1933,"09",9
"S",1933,"10",4.7
"S",1933,"11",-0.8
"S",1933,"12",-7.6
"S",1934,"01",-5.4
"S",1934,"02",-4.8
"S",1934,"03",-0.2
"S",1934,"04",5.1
"S",1934,"05",8
"S",1934,"06",9.5
"S",1934,"07",12.7
"S",1934,"08",10.9
"S",1934,"09",10.3
"S",1934,"10",4
"S",1934,"11",0
"S",1934,"12",0
"S",1935,"01",-8.5
"S",1935,"02",-4.6
"S",1935,"03",-3.5
"S",1935,"04",0.9
"S",1935,"05",5.2
"S",1935,"06",12.1
"S",1935,"07",12.3
"S",1935,"08",11
"S",1935,"09",9.1
"S",1935,"10",4.9
"S",1935,"11",0.7
"S",1935,"12",-5.1
"S",1936,"01",-2
"S",1936,"02",-4.1
"S",1936,"03",1.1
"S",1936,"04",2.4
"S",1936,"05",6.9
"S",1936,"06",9.3
"S",1936,"07",11.7
"S",1936,"08",10.5
"S",1936,"09",8.8
"S",1936,"10",0.4
"S",1936,"11",-0.6
"S",1936,"12",-3.9
"S",1937,"01",-4.5
"S",1937,"02",-3.2
"S",1937,"03",-1.6
"S",1937,"04",1.6
"S",1937,"05",8.6
"S",1937,"06",11.4
"S",1937,"07",12.1
"S",1937,"08",10.6
"S",1937,"09",8.3
"S",1937,"10",5.5
"S",1937,"11",-1.6
"S",1937,"12",-6.3
"S",1938,"01",-6.5
"S",1938,"02",-5.1
"S",1938,"03",0.4
"S",1938,"04",-1.5
"S",1938,"05",5.5
"S",1938,"06",11.7
"S",1938,"07",11.6
"S",1938,"08",11.1
"S",1938,"09",8.9
"S",1938,"10",5.3
"S",1938,"11",1.8
"S",1938,"12",-5.3
"S",1939,"01",-3.4
"S",1939,"02",-2.4
"S",1939,"03",-4.9
"S",1939,"04",4.4
"S",1939,"05",4.5
"S",1939,"06",10.2
"S",1939,"07",11.6
"S",1939,"08",11.9
"S",1939,"09",8
"S",1939,"10",3.1
"S",1939,"11",1.1
"S",1939,"12",-5.8
"S",1940,"01",-9.7
"S",1940,"02",-5.4
"S",1940,"03",-2.5
"S",1940,"04",2.5
"S",1940,"05",5.9
"S",1940,"06",9.4
"S",1940,"07",10.6
"S",1940,"08",9.6
"S",1940,"09",8.8
"S",1940,"10",4.8
"S",1940,"11",0.5
"S",1940,"12",-10
"S",1941,"01",-6.6
"S",1941,"02",-3.9
"S",1941,"03",-0.5
"S",1941,"04",1
"S",1941,"05",4
"S",1941,"06",10.6
"S",1941,"07",12.3
"S",1941,"08",10.6
"S",1941,"09",7.6
"S",1941,"10",3.1
"S",1941,"11",-1.7
"S",1941,"12",-5.1
"S",1942,"01",-10.5
"S",1942,"02",-7.6
"S",1942,"03",0.7
"S",1942,"04",1.9
"S",1942,"05",7.1
"S",1942,"06",10
"S",1942,"07",11.4
"S",1942,"08",12
"S",1942,"09",11.7
"S",1942,"10",7.7
"S",1942,"11",-2.3
"S",1942,"12",-2.4
"S",1943,"01",-5.7
"S",1943,"02",-2.5
"S",1943,"03",1.1
"S",1943,"04",3
"S",1943,"05",7
"S",1943,"06",8.5
"S",1943,"07",11.9
"S",1943,"08",13.9
"S",1943,"09",10.4
"S",1943,"10",6.8
"S",1943,"11",-2.3
"S",1943,"12",-3.4
"S",1944,"01",-3.6
"S",1944,"02",-7.7
"S",1944,"03",-5.7
"S",1944,"04",3
"S",1944,"05",6.1
"S",1944,"06",8.7
"S",1944,"07",11.5
"S",1944,"08",14.5
"S",1944,"09",8.5
"S",1944,"10",3.7
"S",1944,"11",-2.3
"S",1944,"12",-6.5
"S",1945,"01",-10.8
"S",1945,"02",-2.4
"S",1945,"03",-0.6
"S",1945,"04",3.2
"S",1945,"05",8.4
"S",1945,"06",11.6
"S",1945,"07",13.3
"S",1945,"08",11.5
"S",1945,"09",8.9
"S",1945,"10",4.1
"S",1945,"11",-1.4
"S",1945,"12",-4.1
"S",1946,"01",-5.6
"S",1946,"02",-3.4
"S",1946,"03",0.4
"S",1946,"04",5.3
"S",1946,"05",9.1
"S",1946,"06",10.1
"S",1946,"07",13.1
"S",1946,"08",12.4
"S",1946,"09",10.8
"S",1946,"10",3.5
"S",1946,"11",-0.7
"S",1946,"12",-7.1
"S",1947,"01",-9.4
"S",1947,"02",-5.5
"S",1947,"03",0.1
"S",1947,"04",4.8
"S",1947,"05",9.2
"S",1947,"06",11.8
"S",1947,"07",13.5
"S",1947,"08",13.1
"S",1947,"09",12.2
"S",1947,"10",5.1
"S",1947,"11",1.4
"S",1947,"12",-4.9
"S",1948,"01",-1.6
"S",1948,"02",-4.6
"S",1948,"03",1.5
"S",1948,"04",3.5
"S",1948,"05",8.7
"S",1948,"06",9
"S",1948,"07",9.7
"S",1948,"08",11.9
"S",1948,"09",9.8
"S",1948,"10",5.4
"S",1948,"11",0.9
"S",1948,"12",-3.5
"S",1949,"01",-3.4
"S",1949,"02",-3.8
"S",1949,"03",-3.6
"S",1949,"04",5.3
"S",1949,"05",6.8
"S",1949,"06",9.2
"S",1949,"07",12
"S",1949,"08",11.5
"S",1949,"09",11.6
"S",1949,"10",6.7
"S",1949,"11",-0.9
"S",1949,"12",-2.6
"S",1950,"01",-5.6
"S",1950,"02",-2.1
"S",1950,"03",-0.2
"S",1950,"04",1.7
"S",1950,"05",8.7
"S",1950,"06",12.5
"S",1950,"07",14.2
"S",1950,"08",12.8
"S",1950,"09",8.7
"S",1950,"10",4.1
"S",1950,"11",-0.5
"S",1950,"12",-5.7
"S",1951,"01",-4.3
"S",1951,"02",-3.2
"S",1951,"03",-2.5
"S",1951,"04",1.8
"S",1951,"05",6.6
"S",1951,"06",10.1
"S",1951,"07",12.6
"S",1951,"08",12.9
"S",1951,"09",10.7
"S",1951,"10",3.5
"S",1951,"11",2.1
"S",1951,"12",-2.3
"S",1952,"01",-7.1
"S",1952,"02",-6.8
"S",1952,"03",-2.2
"S",1952,"04",5
"S",1952,"05",6.5
"S",1952,"06",11
"S",1952,"07",14.2
"S",1952,"08",13.2
"S",1952,"09",6.1
"S",1952,"10",3.2
"S",1952,"11",-3.2
"S",1952,"12",-5.2
"S",1953,"01",-7.3
"S",1953,"02",-5.9
"S",1953,"03",-0.7
"S",1953,"04",3.9
"S",1953,"05",6.9
"S",1953,"06",9.9
"S",1953,"07",12.9
"S",1953,"08",11.4
"S",1953,"09",10.2
"S",1953,"10",7.1
"S",1953,"11",0.3
"S",1953,"12",-1.7
"S",1954,"01",-8.6
"S",1954,"02",-6.8
"S",1954,"03",-0.1
"S",1954,"04",0.6
"S",1954,"05",5.2
"S",1954,"06",10.6
"S",1954,"07",9.5
"S",1954,"08",11
"S",1954,"09",9.6
"S",1954,"10",4.5
"S",1954,"11",-0.6
"S",1954,"12",-2.2
"S",1955,"01",-3.6
"S",1955,"02",-5.5
"S",1955,"03",-3.6
"S",1955,"04",1.1
"S",1955,"05",5.5
"S",1955,"06",9.6
"S",1955,"07",11.7
"S",1955,"08",10.7
"S",1955,"09",8.6
"S",1955,"10",3.3
"S",1955,"11",-1.4
"S",1955,"12",-1.5
"S",1956,"01",-4.3
"S",1956,"02",-14.2
"S",1956,"03",-2.1
"S",1956,"04",0.9
"S",1956,"05",6.7
"S",1956,"06",7.6
"S",1956,"07",12.2
"S",1956,"08",11.4
"S",1956,"09",10.8
"S",1956,"10",3.5
"S",1956,"11",-2.7
"S",1956,"12",-4
"S",1957,"01",-5.2
"S",1957,"02",-1.5
"S",1957,"03",2
"S",1957,"04",2.2
"S",1957,"05",3.6
"S",1957,"06",11.5
"S",1957,"07",12
"S",1957,"08",10.7
"S",1957,"09",7.9
"S",1957,"10",5.2
"S",1957,"11",0.6
"S",1957,"12",-3.4
"S",1958,"01",-5.7
"S",1958,"02",-2.6
"S",1958,"03",-5.6
"S",1958,"04",0.2
"S",1958,"05",10.1
"S",1958,"06",9.3
"S",1958,"07",12.7
"S",1958,"08",12.4
"S",1958,"09",10
"S",1958,"10",4.5
"S",1958,"11",0.2
"S",1958,"12",-3.2
"S",1959,"01",-5.8
"S",1959,"02",-2.6
"S",1959,"03",1.7
"S",1959,"04",3.5
"S",1959,"05",6.8
"S",1959,"06",9.6
"S",1959,"07",13
"S",1959,"08",11
"S",1959,"09",8.9
"S",1959,"10",4.5
"S",1959,"11",-0.7
"S",1959,"12",-2.7
"S",1960,"01",-5.6
"S",1960,"02",-3.6
"S",1960,"03",-0.2
"S",1960,"04",1.9
"S",1960,"05",7.5
"S",1960,"06",10.7
"S",1960,"07",10.3
"S",1960,"08",11.4
"S",1960,"09",7.6
"S",1960,"10",4.8
"S",1960,"11",0.7
"S",1960,"12",-3.6
"S",1961,"01",-5.9
"S",1961,"02",-1.8
"S",1961,"03",0
"S",1961,"04",6.1
"S",1961,"05",4.9
"S",1961,"06",11.3
"S",1961,"07",10.8
"S",1961,"08",11.6
"S",1961,"09",12.4
"S",1961,"10",6
"S",1961,"11",0.1
"S",1961,"12",-4.3
"S",1962,"01",-4.7
"S",1962,"02",-5.7
"S",1962,"03",-4.5
"S",1962,"04",2.5
"S",1962,"05",4.9
"S",1962,"06",8.2
"S",1962,"07",10.9
"S",1962,"08",13.2
"S",1962,"09",8.5
"S",1962,"10",5.1
"S",1962,"11",-1.3
"S",1962,"12",-7.8
"S",1963,"01",-10.4
"S",1963,"02",-8.8
"S",1963,"03",-2.7
"S",1963,"04",3.7
"S",1963,"05",6.2
"S",1963,"06",10.8
"S",1963,"07",13
"S",1963,"08",11.6
"S",1963,"09",10.1
"S",1963,"10",4.5
"S",1963,"11",2.8
"S",1963,"12",-6.1
"S",1964,"01",-6.3
"S",1964,"02",-3.3
"S",1964,"03",-2.1
"S",1964,"04",3.6
"S",1964,"05",8.1
"S",1964,"06",11.7
"S",1964,"07",12.5
"S",1964,"08",10.9
"S",1964,"09",8.9
"S",1964,"10",2.7
"S",1964,"11",0.7
"S",1964,"12",-4.4
"S",1965,"01",-4.2
"S",1965,"02",-9
"S",1965,"03",-2
"S",1965,"04",0.9
"S",1965,"05",5.1
"S",1965,"06",10.4
"S",1965,"07",11.1
"S",1965,"08",10.4
"S",1965,"09",8
"S",1965,"10",5.4
"S",1965,"11",-1.2
"S",1965,"12",-3.8
"S",1966,"01",-7.7
"S",1966,"02",0.4
"S",1966,"03",-2.7
"S",1966,"04",4.3
"S",1966,"05",6.8
"S",1966,"06",11.1
"S",1966,"07",10.5
"S",1966,"08",10.3
"S",1966,"09",10.4
"S",1966,"10",7.5
"S",1966,"11",-2.4
"S",1966,"12",-4.8
"S",1967,"01",-5.5
"S",1967,"02",-3.5
"S",1967,"03",-0.5
"S",1967,"04",1
"S",1967,"05",7
"S",1967,"06",9.3
"S",1967,"07",13.6
"S",1967,"08",12
"S",1967,"09",9.2
"S",1967,"10",7
"S",1967,"11",1.3
"S",1967,"12",-5.6
"S",1968,"01",-7.2
"S",1968,"02",-3
"S",1968,"03",-1.2
"S",1968,"04",4.3
"S",1968,"05",7
"S",1968,"06",10.4
"S",1968,"07",11.1
"S",1968,"08",10.5
"S",1968,"09",8.3
"S",1968,"10",6.4
"S",1968,"11",0.8
"S",1968,"12",-6
"S",1969,"01",-4.1
"S",1969,"02",-6.5
"S",1969,"03",-1.6
"S",1969,"04",2
"S",1969,"05",9
"S",1969,"06",8.5
"S",1969,"07",12.7
"S",1969,"08",10.4
"S",1969,"09",10.3
"S",1969,"10",6.6
"S",1969,"11",-0.3
"S",1969,"12",-8.3
"S",1970,"01",-4.1
"S",1970,"02",-5.8
"S",1970,"03",-4.1
"S",1970,"04",0
"S",1970,"05",4.6
"S",1970,"06",11.3
"S",1970,"07",11.6
"S",1970,"08",11.8
"S",1970,"09",9.7
"S",1970,"10",4.2
"S",1970,"11",1.7
"S",1970,"12",-4.7
"S",1971,"01",-4.7
"S",1971,"02",-5
"S",1971,"03",-5.1
"S",1971,"04",4.4
"S",1971,"05",8.3
"S",1971,"06",8.8
"S",1971,"07",12.9
"S",1971,"08",13.7
"S",1971,"09",7.2
"S",1971,"10",4.8
"S",1971,"11",-1.3
"S",1971,"12",-1.5
"S",1972,"01",-4.7
"S",1972,"02",-1.3
"S",1972,"03",1.3
"S",1972,"04",1.9
"S",1972,"05",6.3
"S",1972,"06",10
"S",1972,"07",11.6
"S",1972,"08",11.7
"S",1972,"09",5.6
"S",1972,"10",2.4
"S",1972,"11",-0.5
"S",1972,"12",-2.9
"S",1973,"01",-4.1
"S",1973,"02",-5.8
"S",1973,"03",-3.1
"S",1973,"04",-0.5
"S",1973,"05",7.9
"S",1973,"06",10.8
"S",1973,"07",11.4
"S",1973,"08",13.4
"S",1973,"09",10.1
"S",1973,"10",3.7
"S",1973,"11",-0.9
"S",1973,"12",-4.2
"S",1974,"01",-1.7
"S",1974,"02",-1.9
"S",1974,"03",1.4
"S",1974,"04",1.8
"S",1974,"05",5.9
"S",1974,"06",8.3
"S",1974,"07",11.4
"S",1974,"08",13.3
"S",1974,"09",8.9
"S",1974,"10",-0.7
"S",1974,"11",-0.9
"S",1974,"12",-2.1
"S",1975,"01",-1.6
"S",1975,"02",-3.4
"S",1975,"03",-1
"S",1975,"04",1.9
"S",1975,"05",7.7
"S",1975,"06",8.7
"S",1975,"07",11.9
"S",1975,"08",11.9
"S",1975,"09",11.8
"S",1975,"10",4
"S",1975,"11",-1.3
"S",1975,"12",-3.5
"S",1976,"01",-4.1
"S",1976,"02",-2.4
"S",1976,"03",-2.9
"S",1976,"04",2.2
"S",1976,"05",7.7
"S",1976,"06",11.3
"S",1976,"07",12.8
"S",1976,"08",9.4
"S",1976,"09",7.3
"S",1976,"10",6.9
"S",1976,"11",-0.4
"S",1976,"12",-6.1
"S",1977,"01",-4.3
"S",1977,"02",-2
"S",1977,"03",2.4
"S",1977,"04",1.1
"S",1977,"05",6.9
"S",1977,"06",10.4
"S",1977,"07",11.9
"S",1977,"08",10.9
"S",1977,"09",7.4
"S",1977,"10",6.8
"S",1977,"11",-0.8
"S",1977,"12",-2.6
"S",1978,"01",-4.8
"S",1978,"02",-5
"S",1978,"03",-0.6
"S",1978,"04",1.2
"S",1978,"05",5.2
"S",1978,"06",9.4
"S",1978,"07",10.7
"S",1978,"08",10.7
"S",1978,"09",8.2
"S",1978,"10",4.6
"S",1978,"11",-0.1
"S",1978,"12",-3.2
"S",1979,"01",-7.5
"S",1979,"02",-3.5
"S",1979,"03",-0.1
"S",1979,"04",0.4
"S",1979,"05",6.7
"S",1979,"06",11.1
"S",1979,"07",10.7
"S",1979,"08",10.7
"S",1979,"09",9.2
"S",1979,"10",6
"S",1979,"11",-1.7
"S",1979,"12",-1.8
"S",1980,"01",-6.7
"S",1980,"02",-2.5
"S",1980,"03",-1.1
"S",1980,"04",-0.8
"S",1980,"05",4.9
"S",1980,"06",8.9
"S",1980,"07",10.4
"S",1980,"08",13
"S",1980,"09",10
"S",1980,"10",3.7
"S",1980,"11",-1.6
"S",1980,"12",-5.8
"S",1981,"01",-8.3
"S",1981,"02",-6.8
"S",1981,"03",1.5
"S",1981,"04",4
"S",1981,"05",7.1
"S",1981,"06",10.9
"S",1981,"07",10.9
"S",1981,"08",12.2
"S",1981,"09",9.7
"S",1981,"10",4.5
"S",1981,"11",-1.5
"S",1981,"12",-5.5
"S",1982,"01",-4.1
"S",1982,"02",-4.8
"S",1982,"03",-2
"S",1982,"04",0.7
"S",1982,"05",7.6
"S",1982,"06",11.5
"S",1982,"07",13.6
"S",1982,"08",12.2
"S",1982,"09",11.6
"S",1982,"10",5
"S",1982,"11",1.5
"S",1982,"12",-2.8
"S",1983,"01",-2
"S",1983,"02",-7.1
"S",1983,"03",-0.1
"S",1983,"04",4.1
"S",1983,"05",7.2
"S",1983,"06",10.7
"S",1983,"07",15.9
"S",1983,"08",12.4
"S",1983,"09",9.5
"S",1983,"10",5.4
"S",1983,"11",-0.4
"S",1983,"12",-3.6
"S",1984,"01",-4.9
"S",1984,"02",-6.7
"S",1984,"03",-3.4
"S",1984,"04",1.1
"S",1984,"05",5.6
"S",1984,"06",9.4
"S",1984,"07",11.7
"S",1984,"08",11.5
"S",1984,"09",7.6
"S",1984,"10",6
"S",1984,"11",2.5
"S",1984,"12",-2.8
"S",1985,"01",-9.3
"S",1985,"02",-5.3
"S",1985,"03",-1.9
"S",1985,"04",2.1
"S",1985,"05",8.1
"S",1985,"06",8.6
"S",1985,"07",13.5
"S",1985,"08",12.1
"S",1985,"09",10.5
"S",1985,"10",5.4
"S",1985,"11",-3.3
"S",1985,"12",-0.9
"S",1986,"01",-5.8
"S",1986,"02",-8.9
"S",1986,"03",-0.9
"S",1986,"04",2.7
"S",1986,"05",9.7
"S",1986,"06",10.1
"S",1986,"07",11.8
"S",1986,"08",12.5
"S",1986,"09",9.3
"S",1986,"10",6.1
"S",1986,"11",0.8
"S",1986,"12",-4
"S",1987,"01",-8.1
"S",1987,"02",-3.4
"S",1987,"03",-5.5
"S",1987,"04",3.6
"S",1987,"05",4.6
"S",1987,"06",9.4
"S",1987,"07",13.1
"S",1987,"08",11.6
"S",1987,"09",12
"S",1987,"10",6.5
"S",1987,"11",0.3
"S",1987,"12",-1.8
"S",1988,"01",-1.3
"S",1988,"02",-4.1
"S",1988,"03",-3.2
"S",1988,"04",3.9
"S",1988,"05",8.6
"S",1988,"06",9.9
"S",1988,"07",13.6
"S",1988,"08",12.7
"S",1988,"09",8.8
"S",1988,"10",7.3
"S",1988,"11",-2.2
"S",1988,"12",-2.6
"S",1989,"01",-2.1
"S",1989,"02",-0.5
"S",1989,"03",2.2
"S",1989,"04",3.3
"S",1989,"05",7.1
"S",1989,"06",8.6
"S",1989,"07",12.5
"S",1989,"08",12.1
"S",1989,"09",9.1
"S",1989,"10",5.8
"S",1989,"11",-0.8
"S",1989,"12",-2
"S",1990,"01",-3
"S",1990,"02",0.3
"S",1990,"03",2
"S",1990,"04",1.6
"S",1990,"05",8.7
"S",1990,"06",10.1
"S",1990,"07",12.4
"S",1990,"08",13.1
"S",1990,"09",7.9
"S",1990,"10",7.1
"S",1990,"11",-0.4
"S",1990,"12",-5.5
"S",1991,"01",-3.8
"S",1991,"02",-6.1
"S",1991,"03",2.4
"S",1991,"04",1.3
"S",1991,"05",3.2
"S",1991,"06",9.8
"S",1991,"07",13.8
"S",1991,"08",12.9
"S",1991,"09",11.3
"S",1991,"10",3.9
"S",1991,"11",-0.5
"S",1991,"12",-4.8
"S",1992,"01",-3.4
"S",1992,"02",-2.9
"S",1992,"03",-0.6
"S",1992,"04",2.4
"S",1992,"05",9
"S",1992,"06",10.9
"S",1992,"07",14
"S",1992,"08",16.1
"S",1992,"09",9.8
"S",1992,"10",3.4
"S",1992,"11",1.7
"S",1992,"12",-2.8
"S",1993,"01",-2.2
"S",1993,"02",-3.9
"S",1993,"03",-2.2
"S",1993,"04",4.2
"S",1993,"05",10
"S",1993,"06",11.1
"S",1993,"07",11.4
"S",1993,"08",12.6
"S",1993,"09",8.5
"S",1993,"10",5.3
"S",1993,"11",-1.9
"S",1993,"12",-2.6
"S",1994,"01",-2.6
"S",1994,"02",-3.7
"S",1994,"03",3.3
"S",1994,"04",2
"S",1994,"05",8.3
"S",1994,"06",11.4
"S",1994,"07",15.4
"S",1994,"08",14.5
"S",1994,"09",10
"S",1994,"10",4.5
"S",1994,"11",3.7
"S",1994,"12",-1.9
"S",1995,"01",-6.3
"S",1995,"02",-1.1
"S",1995,"03",-2.6
"S",1995,"04",3.2
"S",1995,"05",7.8
"S",1995,"06",8.9
"S",1995,"07",15.2
"S",1995,"08",11.7
"S",1995,"09",7.3
"S",1995,"10",8.2
"S",1995,"11",-1.3
"S",1995,"12",-3.8
"S",1996,"01",-3.2
"S",1996,"02",-6
"S",1996,"03",-3.4
"S",1996,"04",3.1
"S",1996,"05",8.3
"S",1996,"06",12.1
"S",1996,"07",11.8
"S",1996,"08",11.8
"S",1996,"09",5.8
"S",1996,"10",4.7
"S",1996,"11",0.5
"S",1996,"12",-4.3
"S",1997,"01",-2.5
"S",1997,"02",-1.4
"S",1997,"03",1
"S",1997,"04",0.5
"S",1997,"05",8.2
"S",1997,"06",11
"S",1997,"07",11.4
"S",1997,"08",13
"S",1997,"09",10.9
"S",1997,"10",4
"S",1997,"11",0.8
"S",1997,"12",-2
"S",1998,"01",-3
"S",1998,"02",0
"S",1998,"03",-1.5
"S",1998,"04",3.4
"S",1998,"05",8.4
"S",1998,"06",12
"S",1998,"07",13
"S",1998,"08",13.3
"S",1998,"09",8.5
"S",1998,"10",4.7
"S",1998,"11",-3.3
"S",1998,"12",-3.8
"S",1999,"01",-2.9
"S",1999,"02",-6.2
"S",1999,"03",0.4
"S",1999,"04",3.3
"S",1999,"05",9.4
"S",1999,"06",10.3
"S",1999,"07",13.1
"S",1999,"08",12.7
"S",1999,"09",11.5
"S",1999,"10",5.9
"S",1999,"11",-2
"S",1999,"12",-4.2
"S",2000,"01",-5.6
"S",2000,"02",-2.5
"S",2000,"03",-0.2
"S",2000,"04",5.2
"S",2000,"05",9.9
"S",2000,"06",12.9
"S",2000,"07",10.7
"S",2000,"08",14
"S",2000,"09",9.8
"S",2000,"10",6.7
"S",2000,"11",1.4
"S",2000,"12",-0.9
"S",2001,"01",-3.7
"S",2001,"02",-2.7
"S",2001,"03",1.9
"S",2001,"04",1.5
"S",2001,"05",10.2
"S",2001,"06",9.8
"S",2001,"07",13.4
"S",2001,"08",14.4
"S",2001,"09",6.3
"S",2001,"10",8.7
"S",2001,"11",-1.4
"S",2001,"12",-6.6
"S",2002,"01",-4
"S",2002,"02",-0.3
"S",2002,"03",1.6
"S",2002,"04",2.9
"S",2002,"05",9.6
"S",2002,"06",13.9
"S",2002,"07",13.5
"S",2002,"08",12.9
"S",2002,"09",7.7
"S",2002,"10",4.9
"S",2002,"11",2.3
"S",2002,"12",-1.7
"S",2003,"01",-5.3
"S",2003,"02",-6.7
"S",2003,"03",0.7
"S",2003,"04",2.6
"S",2003,"05",10.3
"S",2003,"06",15.6
"S",2003,"07",14.1
"S",2003,"08",16.4
"S",2003,"09",9
"S",2003,"10",2
"S",2003,"11",2.2
"S",2003,"12",-2.3
"S",2004,"01",-5.6
"S",2004,"02",-3.2
"S",2004,"03",-1.3
"S",2004,"04",3.8
"S",2004,"05",6.1
"S",2004,"06",10.6
"S",2004,"07",12.6
"S",2004,"08",13.4
"S",2004,"09",9.4
"S",2004,"10",7.3
"S",2004,"11",-0.5
"S",2004,"12",-2.8
"S",2005,"01",-5.5
"S",2005,"02",-7.4
"S",2005,"03",-1.1
"S",2005,"04",3.6
"S",2005,"05",8.7
"S",2005,"06",12
"S",2005,"07",12.9
"S",2005,"08",10.9
"S",2005,"09",10
"S",2005,"10",6.7
"S",2005,"11",-0.8
"S",2005,"12",-5.9
"S",2006,"01",-6.4
"S",2006,"02",-5.2
"S",2006,"03",-3.1
"S",2006,"04",3.7
"S",2006,"05",7.8
"S",2006,"06",11.9
"S",2006,"07",16.2
"S",2006,"08",9.9
"S",2006,"09",12.3
"S",2006,"10",7.9
"S",2006,"11",1.9
"S",2006,"12",-1
"S",2007,"01",-1.2
"S",2007,"02",-0.7
"S",2007,"03",0.6
"S",2007,"04",7.7
"S",2007,"05",9.5
"S",2007,"06",12.8
"S",2007,"07",13.7
"S",2007,"08",12.5
"S",2007,"09",7.4
"S",2007,"10",4.4
"S",2007,"11",-1.5
"S",2007,"12",-3.8
"S",2008,"01",-1.8
"S",2008,"02",-1.2
"S",2008,"03",-1.5
"S",2008,"04",2.6
"S",2008,"05",9.5
"S",2008,"06",12.7
"S",2008,"07",12.9
"S",2008,"08",13.5
"S",2008,"09",8
"S",2008,"10",6
"S",2008,"11",0.8
"S",2008,"12",-3.1
"S",2009,"01",-5.3
"S",2009,"02",-4.7
"S",2009,"03",-1.6
"S",2009,"04",6.3
"S",2009,"05",10
"S",2009,"06",10.5
"S",2009,"07",13.6
"S",2009,"08",14.6
"S",2009,"09",10.9
"S",2009,"10",4.4
"S",2009,"11",2.3
"S",2009,"12",-4.5
"S",2010,"01",-6.1
"S",2010,"02",-4.5
"S",2010,"03",-1.1
"S",2010,"04",4
"S",2010,"05",6.8
"S",2010,"06",11.7
"S",2010,"07",15
"S",2010,"08",12.4
"S",2010,"09",8.3
"S",2010,"10",4.1
"S",2010,"11",0.8
"S",2010,"12",-5.5
"S",2011,"01",-4.2
"S",2011,"02",-2.4
"S",2011,"03",1
"S",2011,"04",6.3
"S",2011,"05",9.3
"S",2011,"06",11.7
"S",2011,"07",11.8
"S",2011,"08",14.6
"S",2011,"09",11.7
"S",2011,"10",5
"S",2011,"11",2.9
"S",2011,"12",-2.7
"S",2012,"01",-4.6
"S",2012,"02",-8.4
"S",2012,"03",2.3
"S",2012,"04",3.8
"S",2012,"05",9
"S",2012,"06",13
"S",2012,"07",13.6
"S",2012,"08",14.5
"S",2012,"09",10
"S",2012,"10",5.9
"S",2012,"11",2.1
"S",2012,"12",-4.2
"S",2013,"01",-3.6
"S",2013,"02",-6.3
"S",2013,"03",-1.6
"S",2013,"04",4.6
"S",2013,"05",6.9
"S",2013,"06",10.9
"S",2013,"07",15.3
"S",2013,"08",14.4
"S",2013,"09",9.4
"S",2013,"10",6.6
"S",2013,"11",-0.3
"S",2013,"12",-1
"S",2014,"01",-1.2
"S",2014,"02",-0.7
"S",2014,"03",2.2
"S",2014,"04",5
"S",2014,"05",7.3
"S",2014,"06",12.1
"S",2014,"07",13.2
"S",2014,"08",11.7
"S",2014,"09",9.9
"S",2014,"10",7.4
"S",2014,"11",4.5
"S",2014,"12",-1.8
"S",2015,"01",-2.9
"S",2015,"02",-3.9
"S",2015,"03",0.3
"S",2015,"04",3.7
"S",2015,"05",8.6
"S",2015,"06",12.6
"S",2015,"07",16.6
"S",2015,"08",15.5
"S",2015,"09",8.3
"S",2015,"10",5.3
"S",2015,"11",3.4
"S",2015,"12",1.2
"S",2016,"01",-3.1
"S",2016,"02",-0.9
"S",2016,"03",-0.2
"S",2016,"04",4.7
"S",2016,"05",7.8
"S",2016,"06",12
"S",2016,"07",14.4
"S",2016,"08",13.5
"S",2016,"09",11.6
"S",2016,"10",4.6
"S",2016,"11",0.8
"S",2016,"12",-1.2
"S",2017,"01",-7.1
"S",2017,"02",-0.6
"S",2017,"03",2.9
"S",2017,"04",3.1
"S",2017,"05",9.4
"S",2017,"06",14.4
"S",2017,"07",13.9
"S",2017,"08",14.8
"S",2017,"09",7.2
"S",2017,"10",6.6
"S",2017,"11",-0.5
"S",2017,"12",-4.1
"S",2018,"01",-1.9
"S",2018,"02",-6.8
"S",2018,"03",-1.1
"S",2018,"04",7.9
"S",2018,"05",11
"S",2018,"06",12.8
"S",2018,"07",14.6
"S",2018,"08",15.5
"S",2018,"09",11.4
"S",2018,"10",7.4
"S",2018,"11",2.7
"S",2018,"12",-2.4
"S",2019,"01",-6.1
"S",2019,"02",-0.7
"S",2019,"03",1.1
"S",2019,"04",4.8
"S",2019,"05",5
"S",2019,"06",16
"S",2019,"07",15
"S",2019,"08",14.5
"S",2019,"09",10.2
"S",2019,"10",7.8
"S",2019,"11",1.6
"S",2019,"12",-0.9
"S",2020,"01",-1.7
"S",2020,"02",-0.5
"S",2020,"03",0.1
"S",2020,"04",6.5
"S",2020,"05",7.9
"S",2020,"06",11.3
"S",2020,"07",14
"S",2020,"08",14.6
"S",2020,"09",11.1
"S",2020,"10",4.6
"S",2020,"11",2.6
"S",2020,"12",-2.1
"S",2021,"01",-5.7
"S",2021,"02",-0.5
"S",2021,"03",-0.7
"S",2021,"04",1.8
"S",2021,"05",6
"S",2021,"06",14.4
"S",2021,"07",14
"S",2021,"08",12.3
"S",2021,"09",11.3
"S",2021,"10",5.1
"S",2021,"11",0.8
"S",2021,"12",-2.5
"S",2022,"01",-2.7
"S",2022,"02",-2.1
"S",2022,"03",0.8
"S",2022,"04",3.5
"S",2022,"05",10.5
"S",2022,"06",14.6
"S",2022,"07",15.3
"S",2022,"08",14.6
"S",2022,"09",8.6
"S",2022,"10",9.4
"S",2022,"11",1.9
"S",2022,"12",-1.7
"S",2023,"01",-2.9
"S",2023,"02",-1.6
"S",2023,"03",1.2
"S",2023,"04",2.2
"S",2023,"05",8.4
"S",2023,"06",13.6
"S",2023,"07",15.1
"S",2023,"08",14.5
"S",2023,"09",13.1
"S",2023,"10",9
"S",2023,"11",0
"S",2023,"12",-1
"S",2024,"01",-2.5
"S",2024,"02",1.7
"S",2024,"03",2.9
"S",2024,"04",5.2
"S",2024,"05",9.3
"S",2024,"06",13.2
"S",2024,"07",15.8
"S",2024,"08",16.7
"S",2024,"09",9.8
"S",2024,"10",8.1
"S",2024,"11",1.4
"S",2024,"12",-2
"S",2025,"01",-2.1
"S",2025,"02",-0.9
"S",2025,"03",2.1
"S",2025,"04",6.1
"S",2025,"05",7.7
"S",2025,"06",15.8
"S",2025,"07",13.3
"S",2025,"08",14.4
"S",2025,"09",11.2
"S",2025,"10",4.6
"S",2025,"11",0.5
"S",2025,"12",-1.1
"St",1850,"01",-7.6
"St",1850,"02",-1
"St",1850,"03",-1.6
"St",1850,"04",5.8
"St",1850,"05",9.1
"St",1850,"06",12.8
"St",1850,"07",13.3
"St",1850,"08",14.6
"St",1850,"09",9.4
"St",1850,"10",3.8
"St",1850,"11",1.2
"St",1850,"12",-1.6
"St",1851,"01",-3.4
"St",1851,"02",-3.1
"St",1851,"03",-0.1
"St",1851,"04",5.8
"St",1851,"05",5.5
"St",1851,"06",12.3
"St",1851,"07",13.1
"St",1851,"08",13.2
"St",1851,"09",7.4
"St",1851,"10",7.9
"St",1851,"11",-3.9
"St",1851,"12",-5.2
"St",1852,"01",-3
"St",1852,"02",-2.8
"St",1852,"03",-2.8
"St",1852,"04",2.4
"St",1852,"05",9.4
"St",1852,"06",13.5
"St",1852,"07",15
"St",1852,"08",13.9
"St",1852,"09",10.4
"St",1852,"10",4.9
"St",1852,"11",4.8
"St",1852,"12",0.3
"St",1853,"01",-2.4
"St",1853,"02",-4.6
"St",1853,"03",-2.5
"St",1853,"04",2.3
"St",1853,"05",9.2
"St",1853,"06",12.6
"St",1853,"07",15.8
"St",1853,"08",14.8
"St",1853,"09",10.7
"St",1853,"10",6.8
"St",1853,"11",-0.2
"St",1853,"12",-6.8
"St",1854,"01",-4.3
"St",1854,"02",-5
"St",1854,"03",-0.4
"St",1854,"04",5.4
"St",1854,"05",10.4
"St",1854,"06",12.2
"St",1854,"07",14.9
"St",1854,"08",13
"St",1854,"09",10.4
"St",1854,"10",7
"St",1854,"11",-2.6
"St",1854,"12",-2.7
"St",1855,"01",-7.2
"St",1855,"02",-3.9
"St",1855,"03",0.2
"St",1855,"04",3.7
"St",1855,"05",8.6
"St",1855,"06",13.3
"St",1855,"07",14.9
"St",1855,"08",15.4
"St",1855,"09",10.2
"St",1855,"10",9.6
"St",1855,"11",0.1
"St",1855,"12",-9
"St",1856,"01",-2.5
"St",1856,"02",-0.9
"St",1856,"03",-1.1
"St",1856,"04",6.9
"St",1856,"05",9.4
"St",1856,"06",14.7
"St",1856,"07",13
"St",1856,"08",15.7
"St",1856,"09",9.4
"St",1856,"10",7.7
"St",1856,"11",-4.1
"St",1856,"12",-4.9
"St",1857,"01",-6.5
"St",1857,"02",-5.8
"St",1857,"03",-1.4
"St",1857,"04",4.4
"St",1857,"05",9.3
"St",1857,"06",12.6
"St",1857,"07",16.1
"St",1857,"08",15.4
"St",1857,"09",12.1
"St",1857,"10",9.2
"St",1857,"11",0.8
"St",1857,"12",-2.9
"St",1858,"01",-8.9
"St",1858,"02",-8.4
"St",1858,"03",-1.8
"St",1858,"04",5.3
"St",1858,"05",8.5
"St",1858,"06",14.9
"St",1858,"07",14.3
"St",1858,"08",13.1
"St",1858,"09",12.5
"St",1858,"10",8.4
"St",1858,"11",-2.7
"St",1858,"12",-3.4
"St",1859,"01",-4.8
"St",1859,"02",-1.7
"St",1859,"03",2
"St",1859,"04",5.1
"St",1859,"05",9.5
"St",1859,"06",13.1
"St",1859,"07",18.1
"St",1859,"08",16.7
"St",1859,"09",10.3
"St",1859,"10",8.2
"St",1859,"11",-0.5
"St",1859,"12",-6.3
"St",1860,"01",-3
"St",1860,"02",-6.3
"St",1860,"03",-2.3
"St",1860,"04",3.7
"St",1860,"05",10
"St",1860,"06",13.3
"St",1860,"07",12.1
"St",1860,"08",13.7
"St",1860,"09",11.2
"St",1860,"10",5.8
"St",1860,"11",-1.6
"St",1860,"12",-4
"St",1861,"01",-6.4
"St",1861,"02",-0.5
"St",1861,"03",0.2
"St",1861,"04",3
"St",1861,"05",8.3
"St",1861,"06",13.7
"St",1861,"07",14.9
"St",1861,"08",17
"St",1861,"09",12
"St",1861,"10",7.3
"St",1861,"11",1
"St",1861,"12",-4.7
"St",1862,"01",-5.7
"St",1862,"02",-3
"St",1862,"03",3.4
"St",1862,"04",7.6
"St",1862,"05",11.3
"St",1862,"06",12.8
"St",1862,"07",15.3
"St",1862,"08",13.8
"St",1862,"09",11.7
"St",1862,"10",8.4
"St",1862,"11",1.5
"St",1862,"12",-3.5
"St",1863,"01",-0.9
"St",1863,"02",-1.6
"St",1863,"03",2.1
"St",1863,"04",5.5
"St",1863,"05",10.9
"St",1863,"06",12.9
"St",1863,"07",13.8
"St",1863,"08",15.8
"St",1863,"09",11.5
"St",1863,"10",8.2
"St",1863,"11",1.3
"St",1863,"12",-2
"St",1864,"01",-9
"St",1864,"02",-3.8
"St",1864,"03",1.4
"St",1864,"04",1.9
"St",1864,"05",7.8
"St",1864,"06",12.3
"St",1864,"07",13.1
"St",1864,"08",12.2
"St",1864,"09",10.9
"St",1864,"10",4.4
"St",1864,"11",-0.2
"St",1864,"12",-4.6
"St",1865,"01",-3.9
"St",1865,"02",-7.2
"St",1865,"03",-3.8
"St",1865,"04",7.5
"St",1865,"05",13.2
"St",1865,"06",11.6
"St",1865,"07",17
"St",1865,"08",14.5
"St",1865,"09",11.9
"St",1865,"10",6.7
"St",1865,"11",2.7
"St",1865,"12",-3
"St",1866,"01",-2.2
"St",1866,"02",0.2
"St",1866,"03",1.5
"St",1866,"04",6.9
"St",1866,"05",7.3
"St",1866,"06",14.4
"St",1866,"07",13.8
"St",1866,"08",12.3
"St",1866,"09",12.3
"St",1866,"10",4.5
"St",1866,"11",0.6
"St",1866,"12",-2.8
"St",1867,"01",-3.5
"St",1867,"02",-0.3
"St",1867,"03",0
"St",1867,"04",5.5
"St",1867,"05",9.8
"St",1867,"06",12.9
"St",1867,"07",13.4
"St",1867,"08",14.5
"St",1867,"09",12.1
"St",1867,"10",5.5
"St",1867,"11",-0.9
"St",1867,"12",-5.4
"St",1868,"01",-5.7
"St",1868,"02",-1.4
"St",1868,"03",-0.5
"St",1868,"04",4.5
"St",1868,"05",13.8
"St",1868,"06",13.9
"St",1868,"07",14.5
"St",1868,"08",14.6
"St",1868,"09",13.3
"St",1868,"10",8
"St",1868,"11",-0.3
"St",1868,"12",0.3
"St",1869,"01",-5.9
"St",1869,"02",1.8
"St",1869,"03",-0.8
"St",1869,"04",7.3
"St",1869,"05",12.8
"St",1869,"06",11.1
"St",1869,"07",16.2
"St",1869,"08",13
"St",1869,"09",12
"St",1869,"10",3.6
"St",1869,"11",-0.1
"St",1869,"12",-2.3
"St",1870,"01",-6
"St",1870,"02",-5.8
"St",1870,"03",-2.6
"St",1870,"04",3.5
"St",1870,"05",11.1
"St",1870,"06",13
"St",1870,"07",15.7
"St",1870,"08",12.6
"St",1870,"09",9.1
"St",1870,"10",5
"St",1870,"11",1.9
"St",1870,"12",-5.9
"St",1871,"01",-6.6
"St",1871,"02",-3.8
"St",1871,"03",0.6
"St",1871,"04",5
"St",1871,"05",6.9
"St",1871,"06",10.5
"St",1871,"07",15.2
"St",1871,"08",14.1
"St",1871,"09",11.8
"St",1871,"10",4.2
"St",1871,"11",-0.4
"St",1871,"12",-8.4
"St",1872,"01",-3.9
"St",1872,"02",-1.8
"St",1872,"03",2
"St",1872,"04",6.4
"St",1872,"05",10.9
"St",1872,"06",12.6
"St",1872,"07",15.1
"St",1872,"08",13.4
"St",1872,"09",12
"St",1872,"10",8.9
"St",1872,"11",2.2
"St",1872,"12",0
"St",1873,"01",-1.7
"St",1873,"02",-3.2
"St",1873,"03",3.2
"St",1873,"04",4
"St",1873,"05",7.3
"St",1873,"06",12.3
"St",1873,"07",16.1
"St",1873,"08",15.8
"St",1873,"09",10.1
"St",1873,"10",8.8
"St",1873,"11",1.3
"St",1873,"12",-2.8
"St",1874,"01",-3.6
"St",1874,"02",-3.3
"St",1874,"03",-0.4
"St",1874,"04",6.7
"St",1874,"05",6
"St",1874,"06",13.3
"St",1874,"07",17
"St",1874,"08",13.1
"St",1874,"09",12.7
"St",1874,"10",6.9
"St",1874,"11",-2.8
"St",1874,"12",-4.8
"St",1875,"01",-3.6
"St",1875,"02",-7.7
"St",1875,"03",-3.3
"St",1875,"04",4
"St",1875,"05",10.9
"St",1875,"06",14.9
"St",1875,"07",14.4
"St",1875,"08",15.2
"St",1875,"09",10.1
"St",1875,"10",4.9
"St",1875,"11",-0.3
"St",1875,"12",-6
"St",1876,"01",-6.2
"St",1876,"02",-3.4
"St",1876,"03",1.2
"St",1876,"04",6.4
"St",1876,"05",6.2
"St",1876,"06",13.3
"St",1876,"07",14.8
"St",1876,"08",14.4
"St",1876,"09",9.9
"St",1876,"10",8.2
"St",1876,"11",-1.9
"St",1876,"12",-0.5
"St",1877,"01",-1.1
"St",1877,"02",-1.1
"St",1877,"03",-0.3
"St",1877,"04",4.1
"St",1877,"05",7.5
"St",1877,"06",14.8
"St",1877,"07",14.5
"St",1877,"08",16.1
"St",1877,"09",8.4
"St",1877,"10",4
"St",1877,"11",1.5
"St",1877,"12",-4
"St",1878,"01",-5.5
"St",1878,"02",-1.5
"St",1878,"03",-0.1
"St",1878,"04",5.4
"St",1878,"05",10.3
"St",1878,"06",12.7
"St",1878,"07",13.8
"St",1878,"08",14.7
"St",1878,"09",11.8
"St",1878,"10",7.3
"St",1878,"11",-0.2
"St",1878,"12",-5.9
"St",1879,"01",-5.2
"St",1879,"02",-1.6
"St",1879,"03",-0.3
"St",1879,"04",4.7
"St",1879,"05",7.2
"St",1879,"06",13.9
"St",1879,"07",12.4
"St",1879,"08",15.8
"St",1879,"09",12.3
"St",1879,"10",5
"St",1879,"11",-2.2
"St",1879,"12",-9.5
"St",1880,"01",-7.3
"St",1880,"02",-3.7
"St",1880,"03",1
"St",1880,"04",7.1
"St",1880,"05",8.2
"St",1880,"06",12.1
"St",1880,"07",16.1
"St",1880,"08",13.2
"St",1880,"09",11.4
"St",1880,"10",7.1
"St",1880,"11",1.8
"St",1880,"12",-0.1
"St",1881,"01",-7.8
"St",1881,"02",-3.3
"St",1881,"03",0.8
"St",1881,"04",3.2
"St",1881,"05",8.5
"St",1881,"06",12.5
"St",1881,"07",16.3
"St",1881,"08",14.7
"St",1881,"09",9.9
"St",1881,"10",3.2
"St",1881,"11",1.4
"St",1881,"12",-2.1
"St",1882,"01",-1.7
"St",1882,"02",-1.6
"St",1882,"03",4.5
"St",1882,"04",4.9
"St",1882,"05",10.4
"St",1882,"06",11.4
"St",1882,"07",14.5
"St",1882,"08",12.7
"St",1882,"09",10.8
"St",1882,"10",7.3
"St",1882,"11",0.5
"St",1882,"12",-1.9
"St",1883,"01",-4.5
"St",1883,"02",-1.8
"St",1883,"03",-3.2
"St",1883,"04",3.3
"St",1883,"05",9.5
"St",1883,"06",13
"St",1883,"07",14.1
"St",1883,"08",13.8
"St",1883,"09",10.4
"St",1883,"10",5.9
"St",1883,"11",0.4
"St",1883,"12",-4.3
"St",1884,"01",-3.1
"St",1884,"02",-1.6
"St",1884,"03",1.9
"St",1884,"04",4.8
"St",1884,"05",10.5
"St",1884,"06",9.7
"St",1884,"07",15.1
"St",1884,"08",13.7
"St",1884,"09",11
"St",1884,"10",4.2
"St",1884,"11",-1.8
"St",1884,"12",-2.3
"St",1885,"01",-6.7
"St",1885,"02",-1.1
"St",1885,"03",0.9
"St",1885,"04",6.5
"St",1885,"05",7.8
"St",1885,"06",13.8
"St",1885,"07",15.4
"St",1885,"08",13.2
"St",1885,"09",11.4
"St",1885,"10",5.2
"St",1885,"11",1.4
"St",1885,"12",-4.5
"St",1886,"01",-4.9
"St",1886,"02",-3.8
"St",1886,"03",-2.2
"St",1886,"04",6.5
"St",1886,"05",10
"St",1886,"06",11.6
"St",1886,"07",14.8
"St",1886,"08",14.1
"St",1886,"09",12.6
"St",1886,"10",7.6
"St",1886,"11",1.5
"St",1886,"12",-2.3
"St",1887,"01",-5.5
"St",1887,"02",-5.2
"St",1887,"03",-0.9
"St",1887,"04",5.2
"St",1887,"05",7.9
"St",1887,"06",13
"St",1887,"07",16.4
"St",1887,"08",14
"St",1887,"09",11.5
"St",1887,"10",2.7
"St",1887,"11",1
"St",1887,"12",-4.6
"St",1888,"01",-6.4
"St",1888,"02",-4.7
"St",1888,"03",-0.4
"St",1888,"04",4.1
"St",1888,"05",10.1
"St",1888,"06",13.5
"St",1888,"07",12.6
"St",1888,"08",13.4
"St",1888,"09",11.2
"St",1888,"10",3.8
"St",1888,"11",-0.4
"St",1888,"12",-2.1
"St",1889,"01",-5.6
"St",1889,"02",-5.3
"St",1889,"03",-1.9
"St",1889,"04",4.2
"St",1889,"05",12.1
"St",1889,"06",14.7
"St",1889,"07",14
"St",1889,"08",13.1
"St",1889,"09",8.4
"St",1889,"10",7
"St",1889,"11",0.4
"St",1889,"12",-6
"St",1890,"01",-2.1
"St",1890,"02",-5.6
"St",1890,"03",1.1
"St",1890,"04",4.5
"St",1890,"05",10.7
"St",1890,"06",11.7
"St",1890,"07",14.1
"St",1890,"08",15.7
"St",1890,"09",9.8
"St",1890,"10",4.4
"St",1890,"11",-0.3
"St",1890,"12",-7.5
"St",1891,"01",-9.2
"St",1891,"02",-5.1
"St",1891,"03",0.6
"St",1891,"04",2.6
"St",1891,"05",10.7
"St",1891,"06",12.6
"St",1891,"07",13.9
"St",1891,"08",13
"St",1891,"09",11.3
"St",1891,"10",7.7
"St",1891,"11",0.1
"St",1891,"12",-2.1
"St",1892,"01",-5.1
"St",1892,"02",-2.4
"St",1892,"03",-1.9
"St",1892,"04",5.4
"St",1892,"05",9.5
"St",1892,"06",12.8
"St",1892,"07",13.7
"St",1892,"08",15.4
"St",1892,"09",12
"St",1892,"10",5.4
"St",1892,"11",-0.1
"St",1892,"12",-5.3
"St",1893,"01",-9.5
"St",1893,"02",-2.2
"St",1893,"03",1.2
"St",1893,"04",5.8
"St",1893,"05",8.8
"St",1893,"06",12.1
"St",1893,"07",14.6
"St",1893,"08",14.4
"St",1893,"09",10.8
"St",1893,"10",7.4
"St",1893,"11",-0.6
"St",1893,"12",-3.5
"St",1894,"01",-5.8
"St",1894,"02",-2.1
"St",1894,"03",1.4
"St",1894,"04",7.5
"St",1894,"05",9.6
"St",1894,"06",11.6
"St",1894,"07",15.5
"St",1894,"08",13.5
"St",1894,"09",9.4
"St",1894,"10",6
"St",1894,"11",1.4
"St",1894,"12",-5.3
"St",1895,"01",-6.3
"St",1895,"02",-8.1
"St",1895,"03",-1.3
"St",1895,"04",4.9
"St",1895,"05",8.6
"St",1895,"06",13
"St",1895,"07",15.5
"St",1895,"08",13.5
"St",1895,"09",12.5
"St",1895,"10",5.5
"St",1895,"11",2.4
"St",1895,"12",-3.1
"St",1896,"01",-6.3
"St",1896,"02",-3.7
"St",1896,"03",2
"St",1896,"04",2.7
"St",1896,"05",7.7
"St",1896,"06",12.7
"St",1896,"07",14.9
"St",1896,"08",11.8
"St",1896,"09",10.4
"St",1896,"10",7.1
"St",1896,"11",-0.4
"St",1896,"12",-3
"St",1897,"01",-4.2
"St",1897,"02",-0.7
"St",1897,"03",3.3
"St",1897,"04",5.2
"St",1897,"05",7.4
"St",1897,"06",13.5
"St",1897,"07",14.8
"St",1897,"08",14.2
"St",1897,"09",11.2
"St",1897,"10",4.7
"St",1897,"11",0.1
"St",1897,"12",-3.9
"St",1898,"01",-1.4
"St",1898,"02",-2.8
"St",1898,"03",1
"St",1898,"04",6.1
"St",1898,"05",9.7
"St",1898,"06",11.8
"St",1898,"07",13.2
"St",1898,"08",15.1
"St",1898,"09",11.8
"St",1898,"10",7.7
"St",1898,"11",4
"St",1898,"12",-1.6
"St",1899,"01",-1.2
"St",1899,"02",-1.1
"St",1899,"03",0.4
"St",1899,"04",5.2
"St",1899,"05",8.7
"St",1899,"06",12
"St",1899,"07",14.4
"St",1899,"08",14.1
"St",1899,"09",10.2
"St",1899,"10",5.9
"St",1899,"11",2.5
"St",1899,"12",-6.3
"St",1900,"01",-2.3
"St",1900,"02",0.2
"St",1900,"03",-2
"St",1900,"04",3.6
"St",1900,"05",8.6
"St",1900,"06",13.4
"St",1900,"07",16.1
"St",1900,"08",13.6
"St",1900,"09",12.6
"St",1900,"10",6.9
"St",1900,"11",3.2
"St",1900,"12",-1.4
"St",1901,"01",-6.8
"St",1901,"02",-7.1
"St",1901,"03",-0.2
"St",1901,"04",5.2
"St",1901,"05",9.5
"St",1901,"06",13.7
"St",1901,"07",15.1
"St",1901,"08",14
"St",1901,"09",10.8
"St",1901,"10",6.9
"St",1901,"11",-0.4
"St",1901,"12",-1.2
"St",1902,"01",-1.2
"St",1902,"02",-1.9
"St",1902,"03",0.6
"St",1902,"04",5.9
"St",1902,"05",5.6
"St",1902,"06",11.5
"St",1902,"07",14.3
"St",1902,"08",13.9
"St",1902,"09",10.8
"St",1902,"10",5.6
"St",1902,"11",-1.1
"St",1902,"12",-4.3
"St",1903,"01",-5.5
"St",1903,"02",-0.4
"St",1903,"03",2.5
"St",1903,"04",2
"St",1903,"05",9.7
"St",1903,"06",12.3
"St",1903,"07",14.1
"St",1903,"08",13.9
"St",1903,"09",10.8
"St",1903,"10",6.8
"St",1903,"11",1.6
"St",1903,"12",-2.5
"St",1904,"01",-4.3
"St",1904,"02",-1.5
"St",1904,"03",1.4
"St",1904,"04",6.1
"St",1904,"05",10
"St",1904,"06",13.5
"St",1904,"07",16.2
"St",1904,"08",14.5
"St",1904,"09",9.1
"St",1904,"10",6
"St",1904,"11",0.3
"St",1904,"12",-2.1
"St",1905,"01",-6.9
"St",1905,"02",-2.9
"St",1905,"03",1.8
"St",1905,"04",3.6
"St",1905,"05",8.9
"St",1905,"06",13.2
"St",1905,"07",16.5
"St",1905,"08",14.8
"St",1905,"09",12.5
"St",1905,"10",1.4
"St",1905,"11",1.1
"St",1905,"12",-1.9
"St",1906,"01",-3.9
"St",1906,"02",-3
"St",1906,"03",0.4
"St",1906,"04",4.9
"St",1906,"05",9.5
"St",1906,"06",11.8
"St",1906,"07",14.3
"St",1906,"08",13.9
"St",1906,"09",9.1
"St",1906,"10",6.9
"St",1906,"11",2.9
"St",1906,"12",-5.4
"St",1907,"01",-5.9
"St",1907,"02",-5.3
"St",1907,"03",-1.9
"St",1907,"04",2.6
"St",1907,"05",10.9
"St",1907,"06",13.4
"St",1907,"07",13.3
"St",1907,"08",14.3
"St",1907,"09",11.2
"St",1907,"10",9.8
"St",1907,"11",0.7
"St",1907,"12",-2.3
"St",1908,"01",-5
"St",1908,"02",-2.5
"St",1908,"03",-0.7
"St",1908,"04",2.9
"St",1908,"05",12.1
"St",1908,"06",14.5
"St",1908,"07",14.2
"St",1908,"08",12.5
"St",1908,"09",8.9
"St",1908,"10",5.9
"St",1908,"11",-2.3
"St",1908,"12",-3.9
"St",1909,"01",-7
"St",1909,"02",-6.2
"St",1909,"03",-0.7
"St",1909,"04",6
"St",1909,"05",8.2
"St",1909,"06",11.9
"St",1909,"07",13.1
"St",1909,"08",13.9
"St",1909,"09",10.7
"St",1909,"10",7.9
"St",1909,"11",-0.5
"St",1909,"12",-1.4
"St",1910,"01",-3.5
"St",1910,"02",-1
"St",1910,"03",1.3
"St",1910,"04",4.3
"St",1910,"05",8.6
"St",1910,"06",12.9
"St",1910,"07",12.8
"St",1910,"08",13.3
"St",1910,"09",9
"St",1910,"10",6.8
"St",1910,"11",-0.4
"St",1910,"12",0.1
"St",1911,"01",-5.4
"St",1911,"02",-3.4
"St",1911,"03",1.3
"St",1911,"04",4.3
"St",1911,"05",9.1
"St",1911,"06",12
"St",1911,"07",15.6
"St",1911,"08",15.4
"St",1911,"09",11.9
"St",1911,"10",6.4
"St",1911,"11",3.3
"St",1911,"12",-0.9
"St",1912,"01",-4.1
"St",1912,"02",0.2
"St",1912,"03",3.2
"St",1912,"04",3
"St",1912,"05",9.6
"St",1912,"06",13.2
"St",1912,"07",14.4
"St",1912,"08",12.1
"St",1912,"09",5.6
"St",1912,"10",4.2
"St",1912,"11",-2.5
"St",1912,"12",-1.3
"St",1913,"01",-4.1
"St",1913,"02",-3.8
"St",1913,"03",3.1
"St",1913,"04",5
"St",1913,"05",8.9
"St",1913,"06",12.4
"St",1913,"07",11.6
"St",1913,"08",12.3
"St",1913,"09",10.2
"St",1913,"10",7.6
"St",1913,"11",2.9
"St",1913,"12",-2.5
"St",1914,"01",-7.8
"St",1914,"02",-1.8
"St",1914,"03",1.6
"St",1914,"04",6.4
"St",1914,"05",8.6
"St",1914,"06",11.5
"St",1914,"07",13.3
"St",1914,"08",14
"St",1914,"09",9.3
"St",1914,"10",5.3
"St",1914,"11",0.2
"St",1914,"12",-0.7
"St",1915,"01",-3.6
"St",1915,"02",-2.7
"St",1915,"03",-0.2
"St",1915,"04",4.8
"St",1915,"05",10.7
"St",1915,"06",14.1
"St",1915,"07",13.9
"St",1915,"08",12.5
"St",1915,"09",8.7
"St",1915,"10",3.6
"St",1915,"11",-1.7
"St",1915,"12",0.6
"St",1916,"01",-0.7
"St",1916,"02",-2
"St",1916,"03",3.4
"St",1916,"04",5.1
"St",1916,"05",10.2
"St",1916,"06",11.5
"St",1916,"07",14.1
"St",1916,"08",13.6
"St",1916,"09",8.9
"St",1916,"10",5.9
"St",1916,"11",2.4
"St",1916,"12",-0.1
"St",1917,"01",-4.7
"St",1917,"02",-5.8
"St",1917,"03",-1.1
"St",1917,"04",2.3
"St",1917,"05",11.2
"St",1917,"06",14.7
"St",1917,"07",15
"St",1917,"08",15
"St",1917,"09",12.6
"St",1917,"10",5.5
"St",1917,"11",0.6
"St",1917,"12",-4.8
"St",1918,"01",-2.9
"St",1918,"02",-2.2
"St",1918,"03",1.3
"St",1918,"04",6.6
"St",1918,"05",10.5
"St",1918,"06",10.4
"St",1918,"07",14
"St",1918,"08",13.3
"St",1918,"09",11.8
"St",1918,"10",5.1
"St",1918,"11",-0.2
"St",1918,"12",-0.9
"St",1919,"01",-1.9
"St",1919,"02",-3.3
"St",1919,"03",1.5
"St",1919,"04",3.1
"St",1919,"05",6.5
"St",1919,"06",12.2
"St",1919,"07",11.9
"St",1919,"08",14.5
"St",1919,"09",12.3
"St",1919,"10",3.6
"St",1919,"11",-1.2
"St",1919,"12",-2.5
"St",1920,"01",-0.7
"St",1920,"02",-0.1
"St",1920,"03",3.8
"St",1920,"04",7
"St",1920,"05",11.9
"St",1920,"06",11.5
"St",1920,"07",15
"St",1920,"08",12.5
"St",1920,"09",11.4
"St",1920,"10",5
"St",1920,"11",-1
"St",1920,"12",-2.1
"St",1921,"01",-0.3
"St",1921,"02",-2.7
"St",1921,"03",2.4
"St",1921,"04",3.6
"St",1921,"05",10.9
"St",1921,"06",12
"St",1921,"07",16.1
"St",1921,"08",15.2
"St",1921,"09",11.1
"St",1921,"10",7.9
"St",1921,"11",-1.3
"St",1921,"12",-3.2
"St",1922,"01",-5.4
"St",1922,"02",-4.2
"St",1922,"03",2.4
"St",1922,"04",3.8
"St",1922,"05",10.3
"St",1922,"06",13.5
"St",1922,"07",14.5
"St",1922,"08",14.5
"St",1922,"09",9.3
"St",1922,"10",4.2
"St",1922,"11",-1.1
"St",1922,"12",-2.4
"St",1923,"01",-2.9
"St",1923,"02",-1.9
"St",1923,"03",1.5
"St",1923,"04",4.2
"St",1923,"05",10.6
"St",1923,"06",9.6
"St",1923,"07",15.6
"St",1923,"08",14.6
"St",1923,"09",10.4
"St",1923,"10",8.5
"St",1923,"11",2
"St",1923,"12",-3.4
"St",1924,"01",-5.1
"St",1924,"02",-4.8
"St",1924,"03",-0.2
"St",1924,"04",4.7
"St",1924,"05",11.2
"St",1924,"06",12.6
"St",1924,"07",14.3
"St",1924,"08",11.7
"St",1924,"09",11.8
"St",1924,"10",6.2
"St",1924,"11",0.7
"St",1924,"12",-1.9
"St",1925,"01",-2.2
"St",1925,"02",0.2
"St",1925,"03",-1
"St",1925,"04",5.1
"St",1925,"05",10.1
"St",1925,"06",12.2
"St",1925,"07",14.2
"St",1925,"08",13.7
"St",1925,"09",8.7
"St",1925,"10",6.4
"St",1925,"11",0.5
"St",1925,"12",-4.7
"St",1926,"01",-4.4
"St",1926,"02",1.5
"St",1926,"03",1
"St",1926,"04",6.2
"St",1926,"05",8.3
"St",1926,"06",10.7
"St",1926,"07",13.6
"St",1926,"08",13.4
"St",1926,"09",12.2
"St",1926,"10",6.9
"St",1926,"11",5.9
"St",1926,"12",-2.7
"St",1927,"01",-2.3
"St",1927,"02",-3.3
"St",1927,"03",2.9
"St",1927,"04",5.1
"St",1927,"05",9.3
"St",1927,"06",13.7
"St",1927,"07",15.2
"St",1927,"08",14.3
"St",1927,"09",11.3
"St",1927,"10",6
"St",1927,"11",1.8
"St",1927,"12",-4
"St",1928,"01",-3
"St",1928,"02",-1.5
"St",1928,"03",-0.1
"St",1928,"04",5.7
"St",1928,"05",6.9
"St",1928,"06",12.4
"St",1928,"07",16.7
"St",1928,"08",15.4
"St",1928,"09",10.6
"St",1928,"10",6.5
"St",1928,"11",2.9
"St",1928,"12",-3.7
"St",1929,"01",-8.1
"St",1929,"02",-10.6
"St",1929,"03",-0.1
"St",1929,"04",2.5
"St",1929,"05",10.5
"St",1929,"06",12.8
"St",1929,"07",15.3
"St",1929,"08",15
"St",1929,"09",12.1
"St",1929,"10",7.1
"St",1929,"11",2.5
"St",1929,"12",-0.9
"St",1930,"01",-1.9
"St",1930,"02",-3.3
"St",1930,"03",2.7
"St",1930,"04",6
"St",1930,"05",9
"St",1930,"06",15
"St",1930,"07",14.1
"St",1930,"08",13.7
"St",1930,"09",11.5
"St",1930,"10",6
"St",1930,"11",3.4
"St",1930,"12",-2.3
"St",1931,"01",-3.4
"St",1931,"02",-3.5
"St",1931,"03",-1.8
"St",1931,"04",3.3
"St",1931,"05",12
"St",1931,"06",14.7
"St",1931,"07",15.1
"St",1931,"08",13.3
"St",1931,"09",7
"St",1931,"10",5.1
"St",1931,"11",1.6
"St",1931,"12",-4.1
"St",1932,"01",-2.3
"St",1932,"02",-7
"St",1932,"03",-2.6
"St",1932,"04",4.2
"St",1932,"05",9.9
"St",1932,"06",11.7
"St",1932,"07",15.2
"St",1932,"08",16.6
"St",1932,"09",14.4
"St",1932,"10",6.4
"St",1932,"11",1.9
"St",1932,"12",-1.2
"St",1933,"01",-5.8
"St",1933,"02",-3.1
"St",1933,"03",1.3
"St",1933,"04",4
"St",1933,"05",7.9
"St",1933,"06",10.5
"St",1933,"07",14.8
"St",1933,"08",14.4
"St",1933,"09",10.9
"St",1933,"10",6.5
"St",1933,"11",0.5
"St",1933,"12",-6.7
"St",1934,"01",-3.7
"St",1934,"02",-2.3
"St",1934,"03",2.8
"St",1934,"04",7.5
"St",1934,"05",11.1
"St",1934,"06",12.6
"St",1934,"07",15.6
"St",1934,"08",13.9
"St",1934,"09",12.6
"St",1934,"10",6.1
"St",1934,"11",2
"St",1934,"12",1.7
"St",1935,"01",-6.2
"St",1935,"02",-2.4
"St",1935,"03",-0.8
"St",1935,"04",4.3
"St",1935,"05",8
"St",1935,"06",14.9
"St",1935,"07",15
"St",1935,"08",13.8
"St",1935,"09",11.1
"St",1935,"10",7.7
"St",1935,"11",2
"St",1935,"12",-3.3
"St",1936,"01",-0.2
"St",1936,"02",-1.7
"St",1936,"03",3.1
"St",1936,"04",5.5
"St",1936,"05",9.9
"St",1936,"06",12.6
"St",1936,"07",15.1
"St",1936,"08",13.2
"St",1936,"09",10.9
"St",1936,"10",2.6
"St",1936,"11",1
"St",1936,"12",-2.2
"St",1937,"01",-4.4
"St",1937,"02",-0.9
"St",1937,"03",1.6
"St",1937,"04",4.4
"St",1937,"05",11.4
"St",1937,"06",14.2
"St",1937,"07",14.8
"St",1937,"08",13.6
"St",1937,"09",10.8
"St",1937,"10",7
"St",1937,"11",0.7
"St",1937,"12",-4
"St",1938,"01",-4.3
"St",1938,"02",-3
"St",1938,"03",3.7
"St",1938,"04",1.7
"St",1938,"05",8.3
"St",1938,"06",14.6
"St",1938,"07",14.6
"St",1938,"08",14
"St",1938,"09",10.6
"St",1938,"10",7.4
"St",1938,"11",3.1
"St",1938,"12",-4.4
"St",1939,"01",-2
"St",1939,"02",-0.3
"St",1939,"03",-2
"St",1939,"04",7.6
"St",1939,"05",7.7
"St",1939,"06",13.2
"St",1939,"07",14.6
"St",1939,"08",14.3
"St",1939,"09",10.4
"St",1939,"10",4.9
"St",1939,"11",2.3
"St",1939,"12",-4.6
"St",1940,"01",-9
"St",1940,"02",-5.3
"St",1940,"03",-0.6
"St",1940,"04",5.3
"St",1940,"05",8.4
"St",1940,"06",12.8
"St",1940,"07",13.7
"St",1940,"08",12.1
"St",1940,"09",11
"St",1940,"10",6.2
"St",1940,"11",2.8
"St",1940,"12",-7.7
"St",1941,"01",-5.8
"St",1941,"02",-2.6
"St",1941,"03",1.5
"St",1941,"04",3.9
"St",1941,"05",6.8
"St",1941,"06",13.2
"St",1941,"07",14.7
"St",1941,"08",13.1
"St",1941,"09",9.5
"St",1941,"10",5
"St",1941,"11",-1.2
"St",1941,"12",-3.3
"St",1942,"01",-10.1
"St",1942,"02",-5.8
"St",1942,"03",0.8
"St",1942,"04",4
"St",1942,"05",10.1
"St",1942,"06",13
"St",1942,"07",14.1
"St",1942,"08",14.5
"St",1942,"09",14.3
"St",1942,"10",8.9
"St",1942,"11",0.1
"St",1942,"12",-1.1
"St",1943,"01",-5.9
"St",1943,"02",-0.2
"St",1943,"03",2.6
"St",1943,"04",6.4
"St",1943,"05",9.6
"St",1943,"06",11.6
"St",1943,"07",14.7
"St",1943,"08",16.4
"St",1943,"09",12.9
"St",1943,"10",8.3
"St",1943,"11",-0.3
"St",1943,"12",-1.7
"St",1944,"01",-1.3
"St",1944,"02",-4.4
"St",1944,"03",-2.3
"St",1944,"04",6
"St",1944,"05",8.9
"St",1944,"06",11.7
"St",1944,"07",14.4
"St",1944,"08",16.6
"St",1944,"09",10.6
"St",1944,"10",6.1
"St",1944,"11",0.2
"St",1944,"12",-4.3
"St",1945,"01",-8.3
"St",1945,"02",-0.6
"St",1945,"03",2.7
"St",1945,"04",6.1
"St",1945,"05",11.4
"St",1945,"06",14.3
"St",1945,"07",16
"St",1945,"08",14.2
"St",1945,"09",11.2
"St",1945,"10",6.1
"St",1945,"11",0.6
"St",1945,"12",-2.3
"St",1946,"01",-5
"St",1946,"02",-1.2
"St",1946,"03",2.7
"St",1946,"04",8
"St",1946,"05",11.7
"St",1946,"06",13.5
"St",1946,"07",16
"St",1946,"08",15.5
"St",1946,"09",12.9
"St",1946,"10",4.2
"St",1946,"11",0.8
"St",1946,"12",-5.5
"St",1947,"01",-8.7
"St",1947,"02",-4.9
"St",1947,"03",1.6
"St",1947,"04",7.7
"St",1947,"05",11.1
"St",1947,"06",14.7
"St",1947,"07",16.3
"St",1947,"08",15.4
"St",1947,"09",14.3
"St",1947,"10",5.4
"St",1947,"11",3
"St",1947,"12",-2.5
"St",1948,"01",-0.8
"St",1948,"02",-3.2
"St",1948,"03",3.2
"St",1948,"04",6.6
"St",1948,"05",11.2
"St",1948,"06",12.1
"St",1948,"07",12.8
"St",1948,"08",14.6
"St",1948,"09",12.1
"St",1948,"10",7.3
"St",1948,"11",2
"St",1948,"12",-3
"St",1949,"01",-1.6
"St",1949,"02",-1
"St",1949,"03",-1.1
"St",1949,"04",7.9
"St",1949,"05",9.7
"St",1949,"06",11.7
"St",1949,"07",14.8
"St",1949,"08",13.9
"St",1949,"09",13.1
"St",1949,"10",8.1
"St",1949,"11",1.4
"St",1949,"12",-1.3
"St",1950,"01",-5.4
"St",1950,"02",-0.9
"St",1950,"03",2.8
"St",1950,"04",5.1
"St",1950,"05",11.6
"St",1950,"06",15.2
"St",1950,"07",17.1
"St",1950,"08",15.6
"St",1950,"09",11.4
"St",1950,"10",5.7
"St",1950,"11",1.3
"St",1950,"12",-2.9
"St",1951,"01",-2.1
"St",1951,"02",-0.8
"St",1951,"03",0.2
"St",1951,"04",5.2
"St",1951,"05",9.3
"St",1951,"06",13.4
"St",1951,"07",14.9
"St",1951,"08",15.6
"St",1951,"09",13.1
"St",1951,"10",4.9
"St",1951,"11",3.7
"St",1951,"12",-0.9
"St",1952,"01",-4.7
"St",1952,"02",-4.2
"St",1952,"03",-0.8
"St",1952,"04",7.9
"St",1952,"05",9.2
"St",1952,"06",13.7
"St",1952,"07",16.7
"St",1952,"08",16
"St",1952,"09",8.6
"St",1952,"10",5.4
"St",1952,"11",-0.7
"St",1952,"12",-3.5
"St",1953,"01",-4.6
"St",1953,"02",-2.9
"St",1953,"03",1.7
"St",1953,"04",6.4
"St",1953,"05",9.7
"St",1953,"06",13.2
"St",1953,"07",15.6
"St",1953,"08",13.7
"St",1953,"09",12.4
"St",1953,"10",8.6
"St",1953,"11",1.4
"St",1953,"12",-1.3
"St",1954,"01",-7.9
"St",1954,"02",-6.6
"St",1954,"03",2.2
"St",1954,"04",3.7
"St",1954,"05",8.7
"St",1954,"06",14.1
"St",1954,"07",12.7
"St",1954,"08",13.6
"St",1954,"09",12.3
"St",1954,"10",6.3
"St",1954,"11",0.6
"St",1954,"12",-0.2
"St",1955,"01",-3.3
"St",1955,"02",-3.1
"St",1955,"03",-1.3
"St",1955,"04",3.9
"St",1955,"05",8.5
"St",1955,"06",12.2
"St",1955,"07",14.7
"St",1955,"08",13.5
"St",1955,"09",11.1
"St",1955,"10",5.5
"St",1955,"11",0.5
"St",1955,"12",-0.3
"St",1956,"01",-2.7
"St",1956,"02",-10.9
"St",1956,"03",-0.9
"St",1956,"04",4
"St",1956,"05",9.9
"St",1956,"06",11.4
"St",1956,"07",15.2
"St",1956,"08",14.2
"St",1956,"09",12.6
"St",1956,"10",6
"St",1956,"11",-1.1
"St",1956,"12",-2.5
"St",1957,"01",-4.1
"St",1957,"02",0.5
"St",1957,"03",3.8
"St",1957,"04",5.1
"St",1957,"05",7
"St",1957,"06",14.8
"St",1957,"07",15.1
"St",1957,"08",13.4
"St",1957,"09",10.4
"St",1957,"10",6.9
"St",1957,"11",2.6
"St",1957,"12",-1.9
"St",1958,"01",-4
"St",1958,"02",-0.2
"St",1958,"03",-2.9
"St",1958,"04",3.1
"St",1958,"05",13.5
"St",1958,"06",12.5
"St",1958,"07",15.6
"St",1958,"08",15
"St",1958,"09",11.8
"St",1958,"10",7.1
"St",1958,"11",2.7
"St",1958,"12",-1.2
"St",1959,"01",-3.2
"St",1959,"02",-1.8
"St",1959,"03",4
"St",1959,"04",6.2
"St",1959,"05",9.6
"St",1959,"06",12.7
"St",1959,"07",15.8
"St",1959,"08",13.9
"St",1959,"09",10.5
"St",1959,"10",5.7
"St",1959,"11",1.4
"St",1959,"12",-0.7
"St",1960,"01",-4.1
"St",1960,"02",-2.4
"St",1960,"03",1.6
"St",1960,"04",5.2
"St",1960,"05",9.9
"St",1960,"06",13.6
"St",1960,"07",13.4
"St",1960,"08",14.4
"St",1960,"09",10
"St",1960,"10",7.2
"St",1960,"11",3
"St",1960,"12",-1.3
"St",1961,"01",-4.9
"St",1961,"02",0.2
"St",1961,"03",3.6
"St",1961,"04",8.6
"St",1961,"05",8.4
"St",1961,"06",14.3
"St",1961,"07",13.5
"St",1961,"08",14.5
"St",1961,"09",14.1
"St",1961,"10",8.1
"St",1961,"11",1.8
"St",1961,"12",-4
"St",1962,"01",-3.3
"St",1962,"02",-3.1
"St",1962,"03",-2
"St",1962,"04",5.6
"St",1962,"05",8.3
"St",1962,"06",11.2
"St",1962,"07",13.4
"St",1962,"08",15.9
"St",1962,"09",10.5
"St",1962,"10",6.8
"St",1962,"11",0.5
"St",1962,"12",-6.5
"St",1963,"01",-8.8
"St",1963,"02",-7
"St",1963,"03",-0.2
"St",1963,"04",6.4
"St",1963,"05",9.4
"St",1963,"06",13.8
"St",1963,"07",15.8
"St",1963,"08",14.5
"St",1963,"09",12.5
"St",1963,"10",6.5
"St",1963,"11",4.8
"St",1963,"12",-5.9
"St",1964,"01",-6.7
"St",1964,"02",-2.1
"St",1964,"03",-0.5
"St",1964,"04",6.5
"St",1964,"05",10.4
"St",1964,"06",14.8
"St",1964,"07",15.3
"St",1964,"08",13.7
"St",1964,"09",11.4
"St",1964,"10",5.2
"St",1964,"11",3
"St",1964,"12",-2.6
"St",1965,"01",-3
"St",1965,"02",-6.5
"St",1965,"03",0.7
"St",1965,"04",4
"St",1965,"05",8.3
"St",1965,"06",13.3
"St",1965,"07",14
"St",1965,"08",12.9
"St",1965,"09",10.9
"St",1965,"10",6.5
"St",1965,"11",-0.1
"St",1965,"12",-2.2
"St",1966,"01",-6.2
"St",1966,"02",2.5
"St",1966,"03",0.3
"St",1966,"04",7.4
"St",1966,"05",9.9
"St",1966,"06",14
"St",1966,"07",13.8
"St",1966,"08",13.4
"St",1966,"09",12.3
"St",1966,"10",9.7
"St",1966,"11",-0.3
"St",1966,"12",-2.6
"St",1967,"01",-3.9
"St",1967,"02",-1.5
"St",1967,"03",2.4
"St",1967,"04",4.5
"St",1967,"05",10.3
"St",1967,"06",12.9
"St",1967,"07",16.5
"St",1967,"08",14.6
"St",1967,"09",12.1
"St",1967,"10",8.7
"St",1967,"11",2.5
"St",1967,"12",-3.4
"St",1968,"01",-5.7
"St",1968,"02",-1.3
"St",1968,"03",1.7
"St",1968,"04",7.3
"St",1968,"05",10.2
"St",1968,"06",13.3
"St",1968,"07",14.4
"St",1968,"08",13.3
"St",1968,"09",10.8
"St",1968,"10",7.9
"St",1968,"11",2.5
"St",1968,"12",-5.3
"St",1969,"01",-3.7
"St",1969,"02",-4.4
"St",1969,"03",-0.4
"St",1969,"04",4.8
"St",1969,"05",12.1
"St",1969,"06",12
"St",1969,"07",15.3
"St",1969,"08",13.1
"St",1969,"09",12
"St",1969,"10",7.9
"St",1969,"11",2.4
"St",1969,"12",-6.1
"St",1970,"01",-3.6
"St",1970,"02",-3.3
"St",1970,"03",-1.2
"St",1970,"04",3.6
"St",1970,"05",7.6
"St",1970,"06",14.1
"St",1970,"07",14.4
"St",1970,"08",14.7
"St",1970,"09",11.7
"St",1970,"10",5.8
"St",1970,"11",3.6
"St",1970,"12",-3.1
"St",1971,"01",-4.1
"St",1971,"02",-2
"St",1971,"03",-2
"St",1971,"04",6.6
"St",1971,"05",11.1
"St",1971,"06",12
"St",1971,"07",15.5
"St",1971,"08",16.2
"St",1971,"09",9.2
"St",1971,"10",6
"St",1971,"11",0.9
"St",1971,"12",-0.2
"St",1972,"01",-4.5
"St",1972,"02",-0.3
"St",1972,"03",3.2
"St",1972,"04",5.1
"St",1972,"05",9.3
"St",1972,"06",13.3
"St",1972,"07",14.8
"St",1972,"08",14.2
"St",1972,"09",7.9
"St",1972,"10",4.3
"St",1972,"11",1.4
"St",1972,"12",-2.4
"St",1973,"01",-3.1
"St",1973,"02",-2.7
"St",1973,"03",0.2
"St",1973,"04",3
"St",1973,"05",10.8
"St",1973,"06",13.5
"St",1973,"07",14.5
"St",1973,"08",15.4
"St",1973,"09",12.2
"St",1973,"10",5.2
"St",1973,"11",0.4
"St",1973,"12",-2.9
"St",1974,"01",-0.9
"St",1974,"02",0.4
"St",1974,"03",3.4
"St",1974,"04",4.5
"St",1974,"05",8.9
"St",1974,"06",11.3
"St",1974,"07",14.3
"St",1974,"08",16
"St",1974,"09",11.2
"St",1974,"10",2.1
"St",1974,"11",1
"St",1974,"12",-0.2
"St",1975,"01",-0.1
"St",1975,"02",-1.8
"St",1975,"03",1.7
"St",1975,"04",5
"St",1975,"05",11
"St",1975,"06",11.9
"St",1975,"07",15
"St",1975,"08",14.5
"St",1975,"09",13.9
"St",1975,"10",6.2
"St",1975,"11",0.1
"St",1975,"12",-2
"St",1976,"01",-2.4
"St",1976,"02",-1.9
"St",1976,"03",-1.3
"St",1976,"04",5.2
"St",1976,"05",10.3
"St",1976,"06",13.9
"St",1976,"07",15.8
"St",1976,"08",12.1
"St",1976,"09",9.9
"St",1976,"10",8
"St",1976,"11",2.2
"St",1976,"12",-3.9
"St",1977,"01",-2.7
"St",1977,"02",0.3
"St",1977,"03",4.8
"St",1977,"04",4.3
"St",1977,"05",10
"St",1977,"06",13.7
"St",1977,"07",14.7
"St",1977,"08",13.8
"St",1977,"09",9.7
"St",1977,"10",8.5
"St",1977,"11",1.8
"St",1977,"12",-2.3
"St",1978,"01",-3.2
"St",1978,"02",-3.2
"St",1978,"03",2.3
"St",1978,"04",3.9
"St",1978,"05",8.2
"St",1978,"06",12.3
"St",1978,"07",13.3
"St",1978,"08",13.2
"St",1978,"09",10.8
"St",1978,"10",6.6
"St",1978,"11",0.3
"St",1978,"12",-2.6
"St",1979,"01",-6.1
"St",1979,"02",-2.3
"St",1979,"03",2.4
"St",1979,"04",3.7
"St",1979,"05",10.1
"St",1979,"06",14.6
"St",1979,"07",13.4
"St",1979,"08",13.5
"St",1979,"09",11.7
"St",1979,"10",6.3
"St",1979,"11",1.1
"St",1979,"12",0.1
"St",1980,"01",-5.5
"St",1980,"02",-0.9
"St",1980,"03",0.9
"St",1980,"04",2.7
"St",1980,"05",7.5
"St",1980,"06",12.2
"St",1980,"07",13.5
"St",1980,"08",15.2
"St",1980,"09",11.9
"St",1980,"10",6
"St",1980,"11",-0.1
"St",1980,"12",-3.3
"St",1981,"01",-6
"St",1981,"02",-3.4
"St",1981,"03",4
"St",1981,"04",6.1
"St",1981,"05",10
"St",1981,"06",13.9
"St",1981,"07",14.1
"St",1981,"08",14.7
"St",1981,"09",12
"St",1981,"10",7.1
"St",1981,"11",1
"St",1981,"12",-3.8
"St",1982,"01",-4.2
"St",1982,"02",-3.7
"St",1982,"03",0.8
"St",1982,"04",3.4
"St",1982,"05",10.3
"St",1982,"06",14.1
"St",1982,"07",16
"St",1982,"08",14.9
"St",1982,"09",13.8
"St",1982,"10",7.2
"St",1982,"11",2.8
"St",1982,"12",-0.6
"St",1983,"01",0
"St",1983,"02",-4.8
"St",1983,"03",2.5
"St",1983,"04",7.1
"St",1983,"05",10.7
"St",1983,"06",13.4
"St",1983,"07",18.3
"St",1983,"08",15.1
"St",1983,"09",11.8
"St",1983,"10",7.1
"St",1983,"11",0
"St",1983,"12",-2.1
"St",1984,"01",-3.4
"St",1984,"02",-3.8
"St",1984,"03",-0.3
"St",1984,"04",4.2
"St",1984,"05",8.5
"St",1984,"06",12.5
"St",1984,"07",14.2
"St",1984,"08",14.1
"St",1984,"09",10.6
"St",1984,"10",7.9
"St",1984,"11",2.7
"St",1984,"12",-1.6
"St",1985,"01",-8
"St",1985,"02",-4.2
"St",1985,"03",0.3
"St",1985,"04",5.2
"St",1985,"05",10.8
"St",1985,"06",11.6
"St",1985,"07",16
"St",1985,"08",15
"St",1985,"09",12.5
"St",1985,"10",6.8
"St",1985,"11",-1.2
"St",1985,"12",0.5
"St",1986,"01",-3.9
"St",1986,"02",-7.3
"St",1986,"03",0.2
"St",1986,"04",5.9
"St",1986,"05",12.7
"St",1986,"06",13
"St",1986,"07",14.6
"St",1986,"08",15.3
"St",1986,"09",11.2
"St",1986,"10",7.4
"St",1986,"11",2.2
"St",1986,"12",-3.3
"St",1987,"01",-6.8
"St",1987,"02",-2.4
"St",1987,"03",-3.7
"St",1987,"04",6.3
"St",1987,"05",8.3
"St",1987,"06",12.8
"St",1987,"07",16.1
"St",1987,"08",14
"St",1987,"09",14.3
"St",1987,"10",7.8
"St",1987,"11",2
"St",1987,"12",-0.5
"St",1988,"01",-0.5
"St",1988,"02",-1.5
"St",1988,"03",-0.1
"St",1988,"04",5.9
"St",1988,"05",10.9
"St",1988,"06",12.9
"St",1988,"07",16.4
"St",1988,"08",15.4
"St",1988,"09",11.4
"St",1988,"10",8.4
"St",1988,"11",-1.2
"St",1988,"12",-1.3
"St",1989,"01",-1.5
"St",1989,"02",1.3
"St",1989,"03",4.4
"St",1989,"04",6.3
"St",1989,"05",9.8
"St",1989,"06",11.9
"St",1989,"07",15.4
"St",1989,"08",14.8
"St",1989,"09",11.4
"St",1989,"10",7.5
"St",1989,"11",0.4
"St",1989,"12",-0.7
"St",1990,"01",-2
"St",1990,"02",2.3
"St",1990,"03",4.6
"St",1990,"04",4.6
"St",1990,"05",11.4
"St",1990,"06",13.1
"St",1990,"07",15
"St",1990,"08",15.5
"St",1990,"09",10
"St",1990,"10",8
"St",1990,"11",1.6
"St",1990,"12",-3.5
"St",1991,"01",-2.8
"St",1991,"02",-4.8
"St",1991,"03",3.8
"St",1991,"04",4.1
"St",1991,"05",6.7
"St",1991,"06",13
"St",1991,"07",16.4
"St",1991,"08",15.5
"St",1991,"09",12.9
"St",1991,"10",5.5
"St",1991,"11",1.4
"St",1991,"12",-3.7
"St",1992,"01",-1.4
"St",1992,"02",-0.3
"St",1992,"03",2
"St",1992,"04",5.6
"St",1992,"05",11.1
"St",1992,"06",13.9
"St",1992,"07",16.6
"St",1992,"08",18.9
"St",1992,"09",12.1
"St",1992,"10",5.5
"St",1992,"11",3
"St",1992,"12",-1.9
"St",1993,"01",-1.5
"St",1993,"02",-2.4
"St",1993,"03",0.8
"St",1993,"04",6.5
"St",1993,"05",12.5
"St",1993,"06",14.1
"St",1993,"07",14.5
"St",1993,"08",15.4
"St",1993,"09",10.9
"St",1993,"10",7.4
"St",1993,"11",-0.7
"St",1993,"12",-1.2
"St",1994,"01",-0.4
"St",1994,"02",-1.9
"St",1994,"03",5.3
"St",1994,"04",5.2
"St",1994,"05",10.8
"St",1994,"06",14.4
"St",1994,"07",17.8
"St",1994,"08",17
"St",1994,"09",12.8
"St",1994,"10",5.7
"St",1994,"11",4.9
"St",1994,"12",-0.7
"St",1995,"01",-4.2
"St",1995,"02",1
"St",1995,"03",0.2
"St",1995,"04",6.3
"St",1995,"05",10.5
"St",1995,"06",12.4
"St",1995,"07",17.7
"St",1995,"08",14.5
"St",1995,"09",10.1
"St",1995,"10",9.1
"St",1995,"11",0.2
"St",1995,"12",-2.9
"St",1996,"01",-3.4
"St",1996,"02",-5
"St",1996,"03",-1.8
"St",1996,"04",5.7
"St",1996,"05",11.4
"St",1996,"06",14.7
"St",1996,"07",14.2
"St",1996,"08",14.6
"St",1996,"09",8.4
"St",1996,"10",7.1
"St",1996,"11",3.1
"St",1996,"12",-3.9
"St",1997,"01",-2.3
"St",1997,"02",0.6
"St",1997,"03",2.8
"St",1997,"04",3.4
"St",1997,"05",11.3
"St",1997,"06",13.9
"St",1997,"07",14.5
"St",1997,"08",15.4
"St",1997,"09",12.6
"St",1997,"10",5.3
"St",1997,"11",2.1
"St",1997,"12",-0.8
"St",1998,"01",-1.3
"St",1998,"02",2.2
"St",1998,"03",1
"St",1998,"04",6.6
"St",1998,"05",10.8
"St",1998,"06",15
"St",1998,"07",15.7
"St",1998,"08",16.1
"St",1998,"09",10.8
"St",1998,"10",7.2
"St",1998,"11",-1
"St",1998,"12",-3.4
"St",1999,"01",-2.2
"St",1999,"02",-3
"St",1999,"03",3.2
"St",1999,"04",6.7
"St",1999,"05",11.8
"St",1999,"06",13.6
"St",1999,"07",16
"St",1999,"08",15.1
"St",1999,"09",13.7
"St",1999,"10",7.7
"St",1999,"11",-0.1
"St",1999,"12",-2.8
"St",2000,"01",-4.3
"St",2000,"02",0.4
"St",2000,"03",2.7
"St",2000,"04",8.7
"St",2000,"05",12.5
"St",2000,"06",15.6
"St",2000,"07",14
"St",2000,"08",16.9
"St",2000,"09",11.9
"St",2000,"10",9.1
"St",2000,"11",4.1
"St",2000,"12",0.1
"St",2001,"01",-2.1
"St",2001,"02",-0.2
"St",2001,"03",4.1
"St",2001,"04",4.9
"St",2001,"05",12.6
"St",2001,"06",13
"St",2001,"07",16.3
"St",2001,"08",17.2
"St",2001,"09",9.4
"St",2001,"10",10.4
"St",2001,"11",0.5
"St",2001,"12",-5.2
"St",2002,"01",-2.3
"St",2002,"02",1.9
"St",2002,"03",3.9
"St",2002,"04",5.6
"St",2002,"05",12.5
"St",2002,"06",16.3
"St",2002,"07",16.6
"St",2002,"08",15.7
"St",2002,"09",10.4
"St",2002,"10",6.9
"St",2002,"11",4.5
"St",2002,"12",-1.3
"St",2003,"01",-4
"St",2003,"02",-4.9
"St",2003,"03",2.9
"St",2003,"04",5.1
"St",2003,"05",13.2
"St",2003,"06",18
"St",2003,"07",17.1
"St",2003,"08",19
"St",2003,"09",11.2
"St",2003,"10",4.3
"St",2003,"11",3.9
"St",2003,"12",-1.4
"St",2004,"01",-4.4
"St",2004,"02",-0.9
"St",2004,"03",0.6
"St",2004,"04",6.4
"St",2004,"05",9.1
"St",2004,"06",13.5
"St",2004,"07",15.4
"St",2004,"08",15.9
"St",2004,"09",11.5
"St",2004,"10",8.9
"St",2004,"11",2
"St",2004,"12",-1.5
"St",2005,"01",-3
"St",2005,"02",-5
"St",2005,"03",0.8
"St",2005,"04",6.2
"St",2005,"05",11.6
"St",2005,"06",14.6
"St",2005,"07",15.7
"St",2005,"08",13.8
"St",2005,"09",12.3
"St",2005,"10",8
"St",2005,"11",1.2
"St",2005,"12",-3.7
"St",2006,"01",-5.5
"St",2006,"02",-3.2
"St",2006,"03",-0.3
"St",2006,"04",6.8
"St",2006,"05",10.3
"St",2006,"06",14.8
"St",2006,"07",18.5
"St",2006,"08",13
"St",2006,"09",13.9
"St",2006,"10",9.4
"St",2006,"11",3.8
"St",2006,"12",0.3
"St",2007,"01",1
"St",2007,"02",1.6
"St",2007,"03",3.2
"St",2007,"04",9.5
"St",2007,"05",12.3
"St",2007,"06",15.7
"St",2007,"07",16.8
"St",2007,"08",15.5
"St",2007,"09",9.9
"St",2007,"10",6.2
"St",2007,"11",0.6
"St",2007,"12",-2.8
"St",2008,"01",-0.4
"St",2008,"02",0.9
"St",2008,"03",1.6
"St",2008,"04",5.9
"St",2008,"05",11.9
"St",2008,"06",15.3
"St",2008,"07",16
"St",2008,"08",16
"St",2008,"09",10.5
"St",2008,"10",8
"St",2008,"11",2.8
"St",2008,"12",-1.2
"St",2009,"01",-3.9
"St",2009,"02",-2.3
"St",2009,"03",1.5
"St",2009,"04",8.9
"St",2009,"05",12.5
"St",2009,"06",13.4
"St",2009,"07",16.5
"St",2009,"08",17
"St",2009,"09",13.1
"St",2009,"10",6.6
"St",2009,"11",3.9
"St",2009,"12",-2.4
"St",2010,"01",-4.6
"St",2010,"02",-2.6
"St",2010,"03",1.6
"St",2010,"04",6.5
"St",2010,"05",10.4
"St",2010,"06",14.8
"St",2010,"07",18
"St",2010,"08",15.2
"St",2010,"09",10.5
"St",2010,"10",5.4
"St",2010,"11",3.4
"St",2010,"12",-4.2
"St",2011,"01",-2.6
"St",2011,"02",-1.4
"St",2011,"03",2.7
"St",2011,"04",8.6
"St",2011,"05",11.6
"St",2011,"06",14.7
"St",2011,"07",15.1
"St",2011,"08",17
"St",2011,"09",14.4
"St",2011,"10",6.6
"St",2011,"11",2.4
"St",2011,"12",-0.8
"St",2012,"01",-2.5
"St",2012,"02",-5.7
"St",2012,"03",5
"St",2012,"04",6.6
"St",2012,"05",11.8
"St",2012,"06",15.9
"St",2012,"07",16.7
"St",2012,"08",17.3
"St",2012,"09",12.5
"St",2012,"10",7.6
"St",2012,"11",4
"St",2012,"12",-2.6
"St",2013,"01",-2.1
"St",2013,"02",-3.2
"St",2013,"03",0
"St",2013,"04",7.5
"St",2013,"05",10.1
"St",2013,"06",14.1
"St",2013,"07",18
"St",2013,"08",17.1
"St",2013,"09",11.6
"St",2013,"10",8.4
"St",2013,"11",2.4
"St",2013,"12",0.1
"St",2014,"01",0.2
"St",2014,"02",0.7
"St",2014,"03",4.9
"St",2014,"04",8.1
"St",2014,"05",10.2
"St",2014,"06",14.7
"St",2014,"07",16.2
"St",2014,"08",14.5
"St",2014,"09",12
"St",2014,"10",9.4
"St",2014,"11",5.8
"St",2014,"12",-0.2
"St",2015,"01",-0.8
"St",2015,"02",-1.3
"St",2015,"03",2.6
"St",2015,"04",6.7
"St",2015,"05",11.5
"St",2015,"06",15.3
"St",2015,"07",18.8
"St",2015,"08",18
"St",2015,"09",11.3
"St",2015,"10",7
"St",2015,"11",4.7
"St",2015,"12",1.6
"St",2016,"01",-2
"St",2016,"02",1.7
"St",2016,"03",2.5
"St",2016,"04",7.5
"St",2016,"05",10.8
"St",2016,"06",14.9
"St",2016,"07",17.2
"St",2016,"08",15.8
"St",2016,"09",14
"St",2016,"10",6.5
"St",2016,"11",2.4
"St",2016,"12",-0.6
"St",2017,"01",-6.2
"St",2017,"02",0.6
"St",2017,"03",5.3
"St",2017,"04",6.2
"St",2017,"05",12.1
"St",2017,"06",16.8
"St",2017,"07",17.1
"St",2017,"08",17.6
"St",2017,"09",10.1
"St",2017,"10",8.5
"St",2017,"11",2
"St",2017,"12",-1.9
"St",2018,"01",0
"St",2018,"02",-4.4
"St",2018,"03",0.4
"St",2018,"04",10.6
"St",2018,"05",13.5
"St",2018,"06",15.7
"St",2018,"07",17.3
"St",2018,"08",18
"St",2018,"09",13.6
"St",2018,"10",9.2
"St",2018,"11",4
"St",2018,"12",-0.8
"St",2019,"01",-3.5
"St",2019,"02",1.6
"St",2019,"03",4
"St",2019,"04",7.3
"St",2019,"05",8.3
"St",2019,"06",18.6
"St",2019,"07",17.7
"St",2019,"08",17.6
"St",2019,"09",12.7
"St",2019,"10",9.4
"St",2019,"11",4.1
"St",2019,"12",0.3
"St",2020,"01",-0.8
"St",2020,"02",2.1
"St",2020,"03",2.7
"St",2020,"04",8.2
"St",2020,"05",10.4
"St",2020,"06",14.3
"St",2020,"07",16.5
"St",2020,"08",17.3
"St",2020,"09",13.1
"St",2020,"10",7.2
"St",2020,"11",3.3
"St",2020,"12",-0.6
"St",2021,"01",-3.1
"St",2021,"02",0.9
"St",2021,"03",1.8
"St",2021,"04",4.4
"St",2021,"05",8.8
"St",2021,"06",17.2
"St",2021,"07",17.6
"St",2021,"08",15.2
"St",2021,"09",13.1
"St",2021,"10",6.7
"St",2021,"11",2.6
"St",2021,"12",-1.2
"St",2022,"01",-1
"St",2022,"02",0.7
"St",2022,"03",2.2
"St",2022,"04",5.7
"St",2022,"05",13.1
"St",2022,"06",17.3
"St",2022,"07",18.1
"St",2022,"08",17.5
"St",2022,"09",11.1
"St",2022,"10",10.8
"St",2022,"11",3.7
"St",2022,"12",-0.4
"St",2023,"01",-0.5
"St",2023,"02",0.3
"St",2023,"03",3.8
"St",2023,"04",4.9
"St",2023,"05",10.8
"St",2023,"06",15.7
"St",2023,"07",17.7
"St",2023,"08",16.9
"St",2023,"09",15.1
"St",2023,"10",10.9
"St",2023,"11",2.4
"St",2023,"12",0.4
"St",2024,"01",-1.2
"St",2024,"02",3.9
"St",2024,"03",5.2
"St",2024,"04",8.3
"St",2024,"05",12
"St",2024,"06",16.1
"St",2024,"07",18.8
"St",2024,"08",19.4
"St",2024,"09",12.4
"St",2024,"10",9.5
"St",2024,"11",2.3
"St",2024,"12",-0.3
"St",2025,"01",-0.7
"St",2025,"02",-0.2
"St",2025,"03",4.3
"St",2025,"04",8.5
"St",2025,"05",10.5
"St",2025,"06",18.2
"St",2025,"07",16.5
"St",2025,"08",16.9
"St",2025,"09",13.7
"St",2025,"10",6.9
"St",2025,"11",2.2
"St",2025,"12",0.2
"T",1850,"01",-10.1
"T",1850,"02",-4
"T",1850,"03",-5.5
"T",1850,"04",0.6
"T",1850,"05",3.7
"T",1850,"06",8.1
"T",1850,"07",9
"T",1850,"08",10
"T",1850,"09",5.9
"T",1850,"10",-0.5
"T",1850,"11",-2.4
"T",1850,"12",-4.7
"T",1851,"01",-5.2
"T",1851,"02",-6.6
"T",1851,"03",-5.2
"T",1851,"04",0.9
"T",1851,"05",0.6
"T",1851,"06",8.4
"T",1851,"07",9
"T",1851,"08",9.4
"T",1851,"09",3.4
"T",1851,"10",4.3
"T",1851,"11",-8.3
"T",1851,"12",-9.1
"T",1852,"01",-5.6
"T",1852,"02",-6.8
"T",1852,"03",-7.2
"T",1852,"04",-1.3
"T",1852,"05",5.1
"T",1852,"06",8.4
"T",1852,"07",10.8
"T",1852,"08",9.7
"T",1852,"09",6.6
"T",1852,"10",2
"T",1852,"11",2.4
"T",1852,"12",-2
"T",1853,"01",-4.8
"T",1853,"02",-8.9
"T",1853,"03",-7.4
"T",1853,"04",-2.3
"T",1853,"05",4.8
"T",1853,"06",7.6
"T",1853,"07",11.5
"T",1853,"08",10.6
"T",1853,"09",7.2
"T",1853,"10",3.2
"T",1853,"11",-2.1
"T",1853,"12",-8.8
"T",1854,"01",-6.8
"T",1854,"02",-9.5
"T",1854,"03",-5
"T",1854,"04",1.5
"T",1854,"05",5
"T",1854,"06",7.4
"T",1854,"07",10.9
"T",1854,"08",9.1
"T",1854,"09",7.5
"T",1854,"10",4.3
"T",1854,"11",-5.7
"T",1854,"12",-6.1
"T",1855,"01",-11.2
"T",1855,"02",-5.6
"T",1855,"03",-4.4
"T",1855,"04",-0.7
"T",1855,"05",3.6
"T",1855,"06",7.8
"T",1855,"07",10.2
"T",1855,"08",11.4
"T",1855,"09",7.4
"T",1855,"10",6.6
"T",1855,"11",-3.5
"T",1855,"12",-11.4
"T",1856,"01",-4.3
"T",1856,"02",-4.2
"T",1856,"03",-3.8
"T",1856,"04",2.5
"T",1856,"05",4
"T",1856,"06",10
"T",1856,"07",8.4
"T",1856,"08",11.1
"T",1856,"09",5.3
"T",1856,"10",4.8
"T",1856,"11",-7.2
"T",1856,"12",-6.7
"T",1857,"01",-10.3
"T",1857,"02",-8.3
"T",1857,"03",-5
"T",1857,"04",-0.7
"T",1857,"05",5.1
"T",1857,"06",7.5
"T",1857,"07",11.2
"T",1857,"08",10.9
"T",1857,"09",9.1
"T",1857,"10",6
"T",1857,"11",-1.4
"T",1857,"12",-5.3
"T",1858,"01",-11
"T",1858,"02",-9.3
"T",1858,"03",-5
"T",1858,"04",1.7
"T",1858,"05",3.3
"T",1858,"06",10.7
"T",1858,"07",9
"T",1858,"08",8.8
"T",1858,"09",9.1
"T",1858,"10",4.5
"T",1858,"11",-5.1
"T",1858,"12",-6.6
"T",1859,"01",-6.9
"T",1859,"02",-6.5
"T",1859,"03",-2.7
"T",1859,"04",0.5
"T",1859,"05",5
"T",1859,"06",8.5
"T",1859,"07",14
"T",1859,"08",12.7
"T",1859,"09",6.2
"T",1859,"10",4.6
"T",1859,"11",-3.7
"T",1859,"12",-8.2
"T",1860,"01",-4.3
"T",1860,"02",-10.5
"T",1860,"03",-6.5
"T",1860,"04",-1.1
"T",1860,"05",4.9
"T",1860,"06",8.2
"T",1860,"07",7.2
"T",1860,"08",8.8
"T",1860,"09",7.1
"T",1860,"10",2.4
"T",1860,"11",-4.6
"T",1860,"12",-6.4
"T",1861,"01",-8.6
"T",1861,"02",-3
"T",1861,"03",-4
"T",1861,"04",-1
"T",1861,"05",4.2
"T",1861,"06",8.5
"T",1861,"07",10.2
"T",1861,"08",12.4
"T",1861,"09",7
"T",1861,"10",4.8
"T",1861,"11",-2.6
"T",1861,"12",-7.1
"T",1862,"01",-7.4
"T",1862,"02",-5.3
"T",1862,"03",0
"T",1862,"04",2.4
"T",1862,"05",6.9
"T",1862,"06",7.8
"T",1862,"07",11
"T",1862,"08",9.6
"T",1862,"09",8.1
"T",1862,"10",5.1
"T",1862,"11",-1
"T",1862,"12",-5.4
"T",1863,"01",-4
"T",1863,"02",-5.8
"T",1863,"03",-3
"T",1863,"04",1
"T",1863,"05",6.1
"T",1863,"06",8.1
"T",1863,"07",9.6
"T",1863,"08",11.3
"T",1863,"09",6.5
"T",1863,"10",5.3
"T",1863,"11",-2
"T",1863,"12",-5.2
"T",1864,"01",-10.5
"T",1864,"02",-7.2
"T",1864,"03",-2.6
"T",1864,"04",-1.8
"T",1864,"05",3.9
"T",1864,"06",7
"T",1864,"07",9.1
"T",1864,"08",8.4
"T",1864,"09",6.6
"T",1864,"10",1
"T",1864,"11",-3.1
"T",1864,"12",-6.4
"T",1865,"01",-6.6
"T",1865,"02",-10.4
"T",1865,"03",-8
"T",1865,"04",3.7
"T",1865,"05",8.1
"T",1865,"06",7
"T",1865,"07",12.8
"T",1865,"08",9.9
"T",1865,"09",9.1
"T",1865,"10",3.4
"T",1865,"11",-0.3
"T",1865,"12",-6
"T",1866,"01",-4.3
"T",1866,"02",-3.3
"T",1866,"03",-3.3
"T",1866,"04",1.8
"T",1866,"05",2.3
"T",1866,"06",9.4
"T",1866,"07",9.1
"T",1866,"08",8
"T",1866,"09",8
"T",1866,"10",2.7
"T",1866,"11",-3.3
"T",1866,"12",-4.5
"T",1867,"01",-6.4
"T",1867,"02",-3.5
"T",1867,"03",-3.4
"T",1867,"04",0.4
"T",1867,"05",5.2
"T",1867,"06",8
"T",1867,"07",9
"T",1867,"08",10.8
"T",1867,"09",8.3
"T",1867,"10",1.5
"T",1867,"11",-4.7
"T",1867,"12",-8.9
"T",1868,"01",-9.8
"T",1868,"02",-5.1
"T",1868,"03",-5.5
"T",1868,"04",-0.6
"T",1868,"05",8.9
"T",1868,"06",9.5
"T",1868,"07",10.1
"T",1868,"08",10.5
"T",1868,"09",9.2
"T",1868,"10",3.3
"T",1868,"11",-4.5
"T",1868,"12",-1.8
"T",1869,"01",-8.2
"T",1869,"02",-1.6
"T",1869,"03",-5.8
"T",1869,"04",1.7
"T",1869,"05",6.8
"T",1869,"06",5.6
"T",1869,"07",12.4
"T",1869,"08",8.1
"T",1869,"09",8.3
"T",1869,"10",0.5
"T",1869,"11",-3.4
"T",1869,"12",-5.5
"T",1870,"01",-10.1
"T",1870,"02",-7.9
"T",1870,"03",-6.3
"T",1870,"04",-1.2
"T",1870,"05",6.3
"T",1870,"06",8.4
"T",1870,"07",11.9
"T",1870,"08",8.1
"T",1870,"09",5
"T",1870,"10",1
"T",1870,"11",-1.3
"T",1870,"12",-7.3
"T",1871,"01",-9.9
"T",1871,"02",-5.5
"T",1871,"03",-1.9
"T",1871,"04",0.6
"T",1871,"05",3.5
"T",1871,"06",5.5
"T",1871,"07",11.2
"T",1871,"08",10
"T",1871,"09",9.4
"T",1871,"10",1.1
"T",1871,"11",-4.2
"T",1871,"12",-11.6
"T",1872,"01",-5.8
"T",1872,"02",-4.3
"T",1872,"03",-1.9
"T",1872,"04",1.5
"T",1872,"05",5.5
"T",1872,"06",8.2
"T",1872,"07",11.6
"T",1872,"08",9
"T",1872,"09",8.9
"T",1872,"10",5.8
"T",1872,"11",-0.5
"T",1872,"12",-2.9
"T",1873,"01",-4.2
"T",1873,"02",-6.7
"T",1873,"03",0
"T",1873,"04",0.3
"T",1873,"05",2.9
"T",1873,"06",7.9
"T",1873,"07",12.3
"T",1873,"08",11.8
"T",1873,"09",7
"T",1873,"10",5.4
"T",1873,"11",-2.1
"T",1873,"12",-5.9
"T",1874,"01",-5.5
"T",1874,"02",-7
"T",1874,"03",-4.1
"T",1874,"04",2.5
"T",1874,"05",1.6
"T",1874,"06",9
"T",1874,"07",12.8
"T",1874,"08",8.7
"T",1874,"09",9.2
"T",1874,"10",4.5
"T",1874,"11",-5.4
"T",1874,"12",-7.8
"T",1875,"01",-6.3
"T",1875,"02",-11.1
"T",1875,"03",-6.6
"T",1875,"04",-0.7
"T",1875,"05",6.4
"T",1875,"06",9.7
"T",1875,"07",9.9
"T",1875,"08",11.2
"T",1875,"09",7.2
"T",1875,"10",1.7
"T",1875,"11",-3.6
"T",1875,"12",-8.8
"T",1876,"01",-6.5
"T",1876,"02",-6.6
"T",1876,"03",-3.3
"T",1876,"04",1.1
"T",1876,"05",2.1
"T",1876,"06",8.6
"T",1876,"07",10.8
"T",1876,"08",10.6
"T",1876,"09",6.2
"T",1876,"10",5.9
"T",1876,"11",-3.9
"T",1876,"12",-2.8
"T",1877,"01",-3.6
"T",1877,"02",-4.8
"T",1877,"03",-4.9
"T",1877,"04",0.2
"T",1877,"05",2.7
"T",1877,"06",11
"T",1877,"07",9.5
"T",1877,"08",12.1
"T",1877,"09",5.4
"T",1877,"10",1
"T",1877,"11",-1.6
"T",1877,"12",-7
"T",1878,"01",-8.8
"T",1878,"02",-4.5
"T",1878,"03",-5.7
"T",1878,"04",0.7
"T",1878,"05",6.2
"T",1878,"06",7.8
"T",1878,"07",9.5
"T",1878,"08",9.7
"T",1878,"09",7.8
"T",1878,"10",3.6
"T",1878,"11",-4.3
"T",1878,"12",-8.7
"T",1879,"01",-7
"T",1879,"02",-5
"T",1879,"03",-3.9
"T",1879,"04",-0.7
"T",1879,"05",1.7
"T",1879,"06",9
"T",1879,"07",7.7
"T",1879,"08",11.7
"T",1879,"09",8.3
"T",1879,"10",1.3
"T",1879,"11",-5.2
"T",1879,"12",-12.3
"T",1880,"01",-10.3
"T",1880,"02",-4.5
"T",1880,"03",-1.3
"T",1880,"04",2.1
"T",1880,"05",3.7
"T",1880,"06",6.9
"T",1880,"07",11.8
"T",1880,"08",8.7
"T",1880,"09",7.6
"T",1880,"10",3.8
"T",1880,"11",-1.8
"T",1880,"12",-3
"T",1881,"01",-9.8
"T",1881,"02",-4.9
"T",1881,"03",-2.9
"T",1881,"04",-0.4
"T",1881,"05",3.6
"T",1881,"06",7.6
"T",1881,"07",12.4
"T",1881,"08",10.7
"T",1881,"09",6.1
"T",1881,"10",-0.2
"T",1881,"11",0.2
"T",1881,"12",-4.6
"T",1882,"01",-3.6
"T",1882,"02",-5.1
"T",1882,"03",-0.8
"T",1882,"04",0.3
"T",1882,"05",5.5
"T",1882,"06",6.5
"T",1882,"07",9.4
"T",1882,"08",7.8
"T",1882,"09",6.2
"T",1882,"10",3.8
"T",1882,"11",-3.4
"T",1882,"12",-4.7
"T",1883,"01",-6.1
"T",1883,"02",-4.2
"T",1883,"03",-7.2
"T",1883,"04",-1.1
"T",1883,"05",4.2
"T",1883,"06",7.2
"T",1883,"07",9.1
"T",1883,"08",9.1
"T",1883,"09",6.6
"T",1883,"10",1.5
"T",1883,"11",-2.9
"T",1883,"12",-7.4
"T",1884,"01",-5.8
"T",1884,"02",-5.1
"T",1884,"03",-2.4
"T",1884,"04",0.2
"T",1884,"05",6.1
"T",1884,"06",4.4
"T",1884,"07",10.3
"T",1884,"08",9.8
"T",1884,"09",7.5
"T",1884,"10",0.6
"T",1884,"11",-5.5
"T",1884,"12",-5.7
"T",1885,"01",-9.4
"T",1885,"02",-3.3
"T",1885,"03",-4
"T",1885,"04",1.8
"T",1885,"05",2.6
"T",1885,"06",9.7
"T",1885,"07",10.4
"T",1885,"08",9.1
"T",1885,"09",7.3
"T",1885,"10",1.2
"T",1885,"11",-2.4
"T",1885,"12",-7.2
"T",1886,"01",-8.2
"T",1886,"02",-7.8
"T",1886,"03",-5.1
"T",1886,"04",1.5
"T",1886,"05",5
"T",1886,"06",6.3
"T",1886,"07",10.5
"T",1886,"08",9.8
"T",1886,"09",9.5
"T",1886,"10",4.3
"T",1886,"11",-1.4
"T",1886,"12",-5.8
"T",1887,"01",-8.6
"T",1887,"02",-7.9
"T",1887,"03",-4.3
"T",1887,"04",0.2
"T",1887,"05",2.2
"T",1887,"06",8.7
"T",1887,"07",12.2
"T",1887,"08",9.7
"T",1887,"09",7.5
"T",1887,"10",-1.4
"T",1887,"11",-2.4
"T",1887,"12",-7.9
"T",1888,"01",-9
"T",1888,"02",-7.5
"T",1888,"03",-4.9
"T",1888,"04",-1.4
"T",1888,"05",5.3
"T",1888,"06",8.9
"T",1888,"07",7.7
"T",1888,"08",8.7
"T",1888,"09",7.2
"T",1888,"10",0
"T",1888,"11",-1.7
"T",1888,"12",-4
"T",1889,"01",-8.3
"T",1889,"02",-9.2
"T",1889,"03",-6.8
"T",1889,"04",-1.6
"T",1889,"05",6.6
"T",1889,"06",9.6
"T",1889,"07",9.3
"T",1889,"08",8.5
"T",1889,"09",5
"T",1889,"10",3
"T",1889,"11",-1.8
"T",1889,"12",-8.3
"T",1890,"01",-3.7
"T",1890,"02",-8.7
"T",1890,"03",-3.6
"T",1890,"04",-0.7
"T",1890,"05",5.9
"T",1890,"06",6.6
"T",1890,"07",8.8
"T",1890,"08",9.8
"T",1890,"09",6.2
"T",1890,"10",0.3
"T",1890,"11",-4.2
"T",1890,"12",-9.8
"T",1891,"01",-12.2
"T",1891,"02",-7.5
"T",1891,"03",-3.7
"T",1891,"04",-2.4
"T",1891,"05",5.5
"T",1891,"06",8.2
"T",1891,"07",9
"T",1891,"08",8.5
"T",1891,"09",7.8
"T",1891,"10",4.6
"T",1891,"11",-3.4
"T",1891,"12",-5
"T",1892,"01",-7.3
"T",1892,"02",-5.1
"T",1892,"03",-5.2
"T",1892,"04",0.5
"T",1892,"05",4.8
"T",1892,"06",7.8
"T",1892,"07",9.2
"T",1892,"08",11.3
"T",1892,"09",8.7
"T",1892,"10",2.6
"T",1892,"11",-1.6
"T",1892,"12",-7.4
"T",1893,"01",-12
"T",1893,"02",-5.7
"T",1893,"03",-3.2
"T",1893,"04",2
"T",1893,"05",3.8
"T",1893,"06",7.5
"T",1893,"07",10.2
"T",1893,"08",10.4
"T",1893,"09",7.2
"T",1893,"10",4.6
"T",1893,"11",-3.5
"T",1893,"12",-6.2
"T",1894,"01",-7.6
"T",1894,"02",-6.5
"T",1894,"03",-3.2
"T",1894,"04",2.3
"T",1894,"05",4.6
"T",1894,"06",7
"T",1894,"07",10.8
"T",1894,"08",9.3
"T",1894,"09",5.5
"T",1894,"10",2.2
"T",1894,"11",-1.5
"T",1894,"12",-8.1
"T",1895,"01",-9.6
"T",1895,"02",-11.5
"T",1895,"03",-4.4
"T",1895,"04",0.9
"T",1895,"05",3.8
"T",1895,"06",7.8
"T",1895,"07",11.1
"T",1895,"08",9.3
"T",1895,"09",9.5
"T",1895,"10",2.4
"T",1895,"11",0
"T",1895,"12",-5.5
"T",1896,"01",-7.7
"T",1896,"02",-6.6
"T",1896,"03",-2
"T",1896,"04",-2.7
"T",1896,"05",2.7
"T",1896,"06",8.1
"T",1896,"07",10.5
"T",1896,"08",7
"T",1896,"09",6.1
"T",1896,"10",3.7
"T",1896,"11",-3.6
"T",1896,"12",-5
"T",1897,"01",-6.5
"T",1897,"02",-3
"T",1897,"03",-1.7
"T",1897,"04",0.4
"T",1897,"05",2
"T",1897,"06",9
"T",1897,"07",10.2
"T",1897,"08",10
"T",1897,"09",6.9
"T",1897,"10",1.6
"T",1897,"11",-1.3
"T",1897,"12",-5.5
"T",1898,"01",-2.5
"T",1898,"02",-6.7
"T",1898,"03",-3.7
"T",1898,"04",1.2
"T",1898,"05",4.9
"T",1898,"06",6.9
"T",1898,"07",8.6
"T",1898,"08",11.3
"T",1898,"09",8.5
"T",1898,"10",4.7
"T",1898,"11",0.7
"T",1898,"12",-5
"T",1899,"01",-4.4
"T",1899,"02",-4.1
"T",1899,"03",-2.7
"T",1899,"04",0.1
"T",1899,"05",3.7
"T",1899,"06",7.4
"T",1899,"07",9.7
"T",1899,"08",10.2
"T",1899,"09",5.9
"T",1899,"10",3.3
"T",1899,"11",-0.4
"T",1899,"12",-8.2
"T",1900,"01",-5
"T",1900,"02",-3.1
"T",1900,"03",-6
"T",1900,"04",-1.2
"T",1900,"05",4.1
"T",1900,"06",8.8
"T",1900,"07",11.5
"T",1900,"08",9.1
"T",1900,"09",9.1
"T",1900,"10",3.5
"T",1900,"11",-0.5
"T",1900,"12",-3.5
"T",1901,"01",-7.9
"T",1901,"02",-11.1
"T",1901,"03",-4.4
"T",1901,"04",0.6
"T",1901,"05",4.2
"T",1901,"06",8.7
"T",1901,"07",9.7
"T",1901,"08",8.9
"T",1901,"09",8
"T",1901,"10",3
"T",1901,"11",-3.6
"T",1901,"12",-4.4
"T",1902,"01",-5
"T",1902,"02",-4.5
"T",1902,"03",-3.5
"T",1902,"04",2.6
"T",1902,"05",0.9
"T",1902,"06",6.5
"T",1902,"07",10.8
"T",1902,"08",10
"T",1902,"09",7.3
"T",1902,"10",2.2
"T",1902,"11",-2.3
"T",1902,"12",-5.5
"T",1903,"01",-7
"T",1903,"02",-4
"T",1903,"03",-1.9
"T",1903,"04",-2.7
"T",1903,"05",5
"T",1903,"06",7.2
"T",1903,"07",9.3
"T",1903,"08",10.5
"T",1903,"09",7.4
"T",1903,"10",3.6
"T",1903,"11",-2.4
"T",1903,"12",-5.9
"T",1904,"01",-6.2
"T",1904,"02",-5.3
"T",1904,"03",-2.2
"T",1904,"04",1.8
"T",1904,"05",5.7
"T",1904,"06",9
"T",1904,"07",12
"T",1904,"08",10.2
"T",1904,"09",4.8
"T",1904,"10",2.4
"T",1904,"11",-3.3
"T",1904,"12",-5.2
"T",1905,"01",-9.3
"T",1905,"02",-6.9
"T",1905,"03",-2.7
"T",1905,"04",-0.5
"T",1905,"05",4
"T",1905,"06",8.9
"T",1905,"07",12.6
"T",1905,"08",10.1
"T",1905,"09",8.5
"T",1905,"10",-2.5
"T",1905,"11",-1.8
"T",1905,"12",-5
"T",1906,"01",-6.6
"T",1906,"02",-7
"T",1906,"03",-4.5
"T",1906,"04",-0.1
"T",1906,"05",4.5
"T",1906,"06",6.8
"T",1906,"07",10.2
"T",1906,"08",10.5
"T",1906,"09",5.6
"T",1906,"10",5.1
"T",1906,"11",-0.5
"T",1906,"12",-8.7
"T",1907,"01",-7.9
"T",1907,"02",-9.2
"T",1907,"03",-6.4
"T",1907,"04",-1.7
"T",1907,"05",6
"T",1907,"06",8.4
"T",1907,"07",8.7
"T",1907,"08",10.8
"T",1907,"09",8.7
"T",1907,"10",6.1
"T",1907,"11",-1.1
"T",1907,"12",-5.2
"T",1908,"01",-7.5
"T",1908,"02",-6.6
"T",1908,"03",-4.5
"T",1908,"04",-2.4
"T",1908,"05",6.9
"T",1908,"06",9.7
"T",1908,"07",9.5
"T",1908,"08",8
"T",1908,"09",6
"T",1908,"10",3.6
"T",1908,"11",-4.1
"T",1908,"12",-5.7
"T",1909,"01",-9.8
"T",1909,"02",-9
"T",1909,"03",-4.7
"T",1909,"04",1.5
"T",1909,"05",3.6
"T",1909,"06",6.7
"T",1909,"07",8.3
"T",1909,"08",9.2
"T",1909,"09",6.7
"T",1909,"10",4.7
"T",1909,"11",-4.3
"T",1909,"12",-3.9
"T",1910,"01",-6.1
"T",1910,"02",-5.2
"T",1910,"03",-2.9
"T",1910,"04",-0.2
"T",1910,"05",3.4
"T",1910,"06",8.6
"T",1910,"07",8.1
"T",1910,"08",9.1
"T",1910,"09",4.7
"T",1910,"10",4.2
"T",1910,"11",-4.4
"T",1910,"12",-2.6
"T",1911,"01",-8.7
"T",1911,"02",-7
"T",1911,"03",-2.4
"T",1911,"04",-0.4
"T",1911,"05",4.6
"T",1911,"06",7.3
"T",1911,"07",12.2
"T",1911,"08",11.9
"T",1911,"09",8.6
"T",1911,"10",4
"T",1911,"11",0
"T",1911,"12",-3.4
"T",1912,"01",-5.3
"T",1912,"02",-2.3
"T",1912,"03",-1.5
"T",1912,"04",-1.6
"T",1912,"05",5
"T",1912,"06",8.4
"T",1912,"07",9.7
"T",1912,"08",7.5
"T",1912,"09",1.8
"T",1912,"10",1.4
"T",1912,"11",-5.8
"T",1912,"12",-3.9
"T",1913,"01",-6
"T",1913,"02",-7.3
"T",1913,"03",-0.9
"T",1913,"04",0.6
"T",1913,"05",4.6
"T",1913,"06",7.3
"T",1913,"07",6.7
"T",1913,"08",8.1
"T",1913,"09",6.7
"T",1913,"10",5.3
"T",1913,"11",-0.5
"T",1913,"12",-5.4
"T",1914,"01",-10
"T",1914,"02",-2.8
"T",1914,"03",-2.2
"T",1914,"04",2.1
"T",1914,"05",3.7
"T",1914,"06",6.3
"T",1914,"07",8.7
"T",1914,"08",10.4
"T",1914,"09",6.2
"T",1914,"10",2.7
"T",1914,"11",-2.5
"T",1914,"12",-3.1
"T",1915,"01",-7.5
"T",1915,"02",-6.2
"T",1915,"03",-4.1
"T",1915,"04",-0.1
"T",1915,"05",7.1
"T",1915,"06",9.8
"T",1915,"07",9.4
"T",1915,"08",8.1
"T",1915,"09",5.6
"T",1915,"10",0.1
"T",1915,"11",-5
"T",1915,"12",-1.7
"T",1916,"01",-3.8
"T",1916,"02",-4.6
"T",1916,"03",-1
"T",1916,"04",0.8
"T",1916,"05",5.7
"T",1916,"06",6.2
"T",1916,"07",9.3
"T",1916,"08",9.1
"T",1916,"09",4.8
"T",1916,"10",2.6
"T",1916,"11",-1.2
"T",1916,"12",-3.8
"T",1917,"01",-8.5
"T",1917,"02",-7.1
"T",1917,"03",-4.6
"T",1917,"04",-3.2
"T",1917,"05",7.4
"T",1917,"06",10.2
"T",1917,"07",10.2
"T",1917,"08",10
"T",1917,"09",9.4
"T",1917,"10",1.4
"T",1917,"11",-3.2
"T",1917,"12",-8.4
"T",1918,"01",-4.8
"T",1918,"02",-5
"T",1918,"03",-2.5
"T",1918,"04",1.5
"T",1918,"05",5.6
"T",1918,"06",5.2
"T",1918,"07",9.5
"T",1918,"08",8.9
"T",1918,"09",8.4
"T",1918,"10",1.2
"T",1918,"11",-2.5
"T",1918,"12",-3.7
"T",1919,"01",-6.4
"T",1919,"02",-6.5
"T",1919,"03",-3.2
"T",1919,"04",-1.9
"T",1919,"05",2.4
"T",1919,"06",7.3
"T",1919,"07",6.9
"T",1919,"08",10.7
"T",1919,"09",8.5
"T",1919,"10",-0.3
"T",1919,"11",-4.9
"T",1919,"12",-5.6
"T",1920,"01",-3.8
"T",1920,"02",-3.7
"T",1920,"03",-0.6
"T",1920,"04",1.8
"T",1920,"05",7.9
"T",1920,"06",7.3
"T",1920,"07",10.6
"T",1920,"08",8.2
"T",1920,"09",7.6
"T",1920,"10",3.7
"T",1920,"11",-1.1
"T",1920,"12",-4.8
"T",1921,"01",-3.3
"T",1921,"02",-6.1
"T",1921,"03",-0.7
"T",1921,"04",-1.1
"T",1921,"05",6.5
"T",1921,"06",6.9
"T",1921,"07",11.8
"T",1921,"08",10.7
"T",1921,"09",8.3
"T",1921,"10",5.6
"T",1921,"11",-4.6
"T",1921,"12",-4.9
"T",1922,"01",-8
"T",1922,"02",-6.4
"T",1922,"03",-1.8
"T",1922,"04",-0.6
"T",1922,"05",6
"T",1922,"06",8.6
"T",1922,"07",9.5
"T",1922,"08",10.4
"T",1922,"09",5.6
"T",1922,"10",1.1
"T",1922,"11",-4.8
"T",1922,"12",-5.5
"T",1923,"01",-6.8
"T",1923,"02",-4.4
"T",1923,"03",-2
"T",1923,"04",0.7
"T",1923,"05",5.8
"T",1923,"06",4.5
"T",1923,"07",12
"T",1923,"08",11.1
"T",1923,"09",6.6
"T",1923,"10",5.1
"T",1923,"11",-1.2
"T",1923,"12",-6.7
"T",1924,"01",-8.1
"T",1924,"02",-8.5
"T",1924,"03",-3.7
"T",1924,"04",0.5
"T",1924,"05",6.6
"T",1924,"06",7.7
"T",1924,"07",10
"T",1924,"08",7
"T",1924,"09",8.2
"T",1924,"10",3.5
"T",1924,"11",-1.4
"T",1924,"12",-3.1
"T",1925,"01",-4.3
"T",1925,"02",-3.9
"T",1925,"03",-5.6
"T",1925,"04",0.5
"T",1925,"05",5.2
"T",1925,"06",8
"T",1925,"07",9.7
"T",1925,"08",9
"T",1925,"09",5
"T",1925,"10",3.7
"T",1925,"11",-2.9
"T",1925,"12",-7.1
"T",1926,"01",-6.5
"T",1926,"02",-0.9
"T",1926,"03",-2.8
"T",1926,"04",2.3
"T",1926,"05",3.5
"T",1926,"06",5.3
"T",1926,"07",9.1
"T",1926,"08",9.2
"T",1926,"09",9
"T",1926,"10",3.7
"T",1926,"11",2.4
"T",1926,"12",-6.3
"T",1927,"01",-6.1
"T",1927,"02",-6.9
"T",1927,"03",-1.6
"T",1927,"04",0.5
"T",1927,"05",5.7
"T",1927,"06",8.9
"T",1927,"07",10.4
"T",1927,"08",9.8
"T",1927,"09",7.5
"T",1927,"10",2.6
"T",1927,"11",-0.6
"T",1927,"12",-5.6
"T",1928,"01",-5.1
"T",1928,"02",-4.5
"T",1928,"03",-1.9
"T",1928,"04",1.4
"T",1928,"05",2.5
"T",1928,"06",8
"T",1928,"07",13.2
"T",1928,"08",11.2
"T",1928,"09",6.9
"T",1928,"10",3.5
"T",1928,"11",-1
"T",1928,"12",-7.6
"T",1929,"01",-11.3
"T",1929,"02",-11.9
"T",1929,"03",-2.8
"T",1929,"04",-1.6
"T",1929,"05",5.6
"T",1929,"06",8.7
"T",1929,"07",11.4
"T",1929,"08",10.4
"T",1929,"09",9.1
"T",1929,"10",3.8
"T",1929,"11",-0.9
"T",1929,"12",-3.8
"T",1930,"01",-2.7
"T",1930,"02",-6.2
"T",1930,"03",-1
"T",1930,"04",1.4
"T",1930,"05",3.8
"T",1930,"06",11.1
"T",1930,"07",9.6
"T",1930,"08",9.5
"T",1930,"09",7.5
"T",1930,"10",2.6
"T",1930,"11",-0.1
"T",1930,"12",-5.8
"T",1931,"01",-7.1
"T",1931,"02",-7.9
"T",1931,"03",-5
"T",1931,"04",-0.8
"T",1931,"05",7.5
"T",1931,"06",10.1
"T",1931,"07",9.9
"T",1931,"08",8.6
"T",1931,"09",3.1
"T",1931,"10",2.1
"T",1931,"11",0.2
"T",1931,"12",-6.9
"T",1932,"01",-4
"T",1932,"02",-10
"T",1932,"03",-4.8
"T",1932,"04",-0.7
"T",1932,"05",5
"T",1932,"06",7
"T",1932,"07",10.2
"T",1932,"08",12.5
"T",1932,"09",11.1
"T",1932,"10",2.7
"T",1932,"11",-0.9
"T",1932,"12",-2
"T",1933,"01",-8.3
"T",1933,"02",-6.8
"T",1933,"03",-2.1
"T",1933,"04",-0.1
"T",1933,"05",2.7
"T",1933,"06",5.4
"T",1933,"07",10.7
"T",1933,"08",10.4
"T",1933,"09",7.7
"T",1933,"10",3.5
"T",1933,"11",-2.2
"T",1933,"12",-8.5
"T",1934,"01",-6.7
"T",1934,"02",-6
"T",1934,"03",-2.2
"T",1934,"04",3.2
"T",1934,"05",6.1
"T",1934,"06",7.9
"T",1934,"07",11
"T",1934,"08",9.1
"T",1934,"09",8.7
"T",1934,"10",2.6
"T",1934,"11",-1.9
"T",1934,"12",-1.6
"T",1935,"01",-9.8
"T",1935,"02",-5.9
"T",1935,"03",-5.1
"T",1935,"04",-0.9
"T",1935,"05",3.4
"T",1935,"06",10.4
"T",1935,"07",10.8
"T",1935,"08",9.3
"T",1935,"09",7.7
"T",1935,"10",3.4
"T",1935,"11",-0.8
"T",1935,"12",-6.2
"T",1936,"01",-3.1
"T",1936,"02",-5.4
"T",1936,"03",-0.8
"T",1936,"04",0.4
"T",1936,"05",5.1
"T",1936,"06",7.6
"T",1936,"07",10
"T",1936,"08",9.2
"T",1936,"09",7.4
"T",1936,"10",-1.1
"T",1936,"11",-1.8
"T",1936,"12",-4.8
"T",1937,"01",-5.3
"T",1937,"02",-4.4
"T",1937,"03",-3.7
"T",1937,"04",-0.2
"T",1937,"05",6.7
"T",1937,"06",9.6
"T",1937,"07",10.4
"T",1937,"08",9
"T",1937,"09",6.6
"T",1937,"10",4.1
"T",1937,"11",-3.1
"T",1937,"12",-7.8
"T",1938,"01",-7.9
"T",1938,"02",-6.2
"T",1938,"03",-1.2
"T",1938,"04",-3.3
"T",1938,"05",3.6
"T",1938,"06",9.9
"T",1938,"07",10
"T",1938,"08",9.4
"T",1938,"09",7.4
"T",1938,"10",3.9
"T",1938,"11",0.6
"T",1938,"12",-6.3
"T",1939,"01",-4.6
"T",1939,"02",-3.4
"T",1939,"03",-6.6
"T",1939,"04",2.5
"T",1939,"05",2.6
"T",1939,"06",8.6
"T",1939,"07",9.9
"T",1939,"08",10.2
"T",1939,"09",6.3
"T",1939,"10",1.7
"T",1939,"11",-0.3
"T",1939,"12",-6.7
"T",1940,"01",-9.8
"T",1940,"02",-5.7
"T",1940,"03",-3.6
"T",1940,"04",0.6
"T",1940,"05",4.3
"T",1940,"06",7.4
"T",1940,"07",8.9
"T",1940,"08",8.2
"T",1940,"09",7.4
"T",1940,"10",3.3
"T",1940,"11",-1
"T",1940,"12",-11.1
"T",1941,"01",-7.5
"T",1941,"02",-5.2
"T",1941,"03",-2.1
"T",1941,"04",-0.9
"T",1941,"05",2.3
"T",1941,"06",8.8
"T",1941,"07",10.8
"T",1941,"08",9
"T",1941,"09",6.3
"T",1941,"10",1.6
"T",1941,"11",-2.7
"T",1941,"12",-6.3
"T",1942,"01",-11.2
"T",1942,"02",-8.5
"T",1942,"03",-0.1
"T",1942,"04",0.3
"T",1942,"05",5.3
"T",1942,"06",8.4
"T",1942,"07",9.9
"T",1942,"08",10.3
"T",1942,"09",9.9
"T",1942,"10",6.3
"T",1942,"11",-3.9
"T",1942,"12",-3.5
"T",1943,"01",-6.1
"T",1943,"02",-4
"T",1943,"03",-0.7
"T",1943,"04",1.3
"T",1943,"05",5.6
"T",1943,"06",7
"T",1943,"07",10.3
"T",1943,"08",12.3
"T",1943,"09",8.9
"T",1943,"10",5.6
"T",1943,"11",-3.7
"T",1943,"12",-4.8
"T",1944,"01",-5
"T",1944,"02",-8.9
"T",1944,"03",-7.4
"T",1944,"04",1.3
"T",1944,"05",4.5
"T",1944,"06",7
"T",1944,"07",10
"T",1944,"08",12.8
"T",1944,"09",7.1
"T",1944,"10",2.5
"T",1944,"11",-4.1
"T",1944,"12",-7.6
"T",1945,"01",-11.6
"T",1945,"02",-3.8
"T",1945,"03",-2.5
"T",1945,"04",1.6
"T",1945,"05",6.5
"T",1945,"06",9.9
"T",1945,"07",12
"T",1945,"08",9.9
"T",1945,"09",7.7
"T",1945,"10",2.9
"T",1945,"11",-2.8
"T",1945,"12",-5.5
"T",1946,"01",-6.9
"T",1946,"02",-4.9
"T",1946,"03",-1.1
"T",1946,"04",3.6
"T",1946,"05",7.2
"T",1946,"06",8.2
"T",1946,"07",11.4
"T",1946,"08",10.7
"T",1946,"09",9.5
"T",1946,"10",2.5
"T",1946,"11",-2
"T",1946,"12",-8
"T",1947,"01",-10.4
"T",1947,"02",-6.1
"T",1947,"03",-1.3
"T",1947,"04",3.3
"T",1947,"05",7.5
"T",1947,"06",10.1
"T",1947,"07",12.1
"T",1947,"08",11.8
"T",1947,"09",10.5
"T",1947,"10",4.4
"T",1947,"11",0.1
"T",1947,"12",-6.7
"T",1948,"01",-3
"T",1948,"02",-6
"T",1948,"03",0.3
"T",1948,"04",1.4
"T",1948,"05",6.8
"T",1948,"06",7.5
"T",1948,"07",8.2
"T",1948,"08",10.4
"T",1948,"09",8.3
"T",1948,"10",4.2
"T",1948,"11",-0.1
"T",1948,"12",-4.2
"T",1949,"01",-4.6
"T",1949,"02",-4.9
"T",1949,"03",-5.4
"T",1949,"04",3.8
"T",1949,"05",4.8
"T",1949,"06",7.9
"T",1949,"07",10.6
"T",1949,"08",10.1
"T",1949,"09",10.3
"T",1949,"10",5.7
"T",1949,"11",-2.4
"T",1949,"12",-3.8
"T",1950,"01",-6.6
"T",1950,"02",-3.2
"T",1950,"03",-1.9
"T",1950,"04",-0.4
"T",1950,"05",6.9
"T",1950,"06",10.8
"T",1950,"07",12.6
"T",1950,"08",11.2
"T",1950,"09",7.3
"T",1950,"10",3.3
"T",1950,"11",-1.8
"T",1950,"12",-7.1
"T",1951,"01",-5.5
"T",1951,"02",-4.9
"T",1951,"03",-4.3
"T",1951,"04",-0.1
"T",1951,"05",4.8
"T",1951,"06",8.3
"T",1951,"07",11.2
"T",1951,"08",11.2
"T",1951,"09",9.2
"T",1951,"10",2.5
"T",1951,"11",0.7
"T",1951,"12",-3.2
"T",1952,"01",-8.4
"T",1952,"02",-8
"T",1952,"03",-2.9
"T",1952,"04",3.3
"T",1952,"05",5.1
"T",1952,"06",9.6
"T",1952,"07",12.9
"T",1952,"08",11.6
"T",1952,"09",4.6
"T",1952,"10",1.9
"T",1952,"11",-4.7
"T",1952,"12",-6.5
"T",1953,"01",-9
"T",1953,"02",-7.5
"T",1953,"03",-2.3
"T",1953,"04",2
"T",1953,"05",5.5
"T",1953,"06",7.8
"T",1953,"07",11.2
"T",1953,"08",10.1
"T",1953,"09",8.8
"T",1953,"10",5.7
"T",1953,"11",-0.5
"T",1953,"12",-2.7
"T",1954,"01",-9.7
"T",1954,"02",-7.5
"T",1954,"03",-2
"T",1954,"04",-1
"T",1954,"05",3.4
"T",1954,"06",8.7
"T",1954,"07",7.9
"T",1954,"08",9.2
"T",1954,"09",8
"T",1954,"10",3.1
"T",1954,"11",-1.6
"T",1954,"12",-3.9
"T",1955,"01",-4.4
"T",1955,"02",-6.8
"T",1955,"03",-5
"T",1955,"04",-0.4
"T",1955,"05",3.7
"T",1955,"06",8.1
"T",1955,"07",10.2
"T",1955,"08",9
"T",1955,"09",7.1
"T",1955,"10",2
"T",1955,"11",-2.6
"T",1955,"12",-2.6
"T",1956,"01",-5.7
"T",1956,"02",-14.9
"T",1956,"03",-3.7
"T",1956,"04",-0.9
"T",1956,"05",5.1
"T",1956,"06",5.7
"T",1956,"07",10.6
"T",1956,"08",9.9
"T",1956,"09",9.5
"T",1956,"10",2
"T",1956,"11",-4.2
"T",1956,"12",-5.5
"T",1957,"01",-6.3
"T",1957,"02",-3.1
"T",1957,"03",0.5
"T",1957,"04",0.5
"T",1957,"05",2
"T",1957,"06",9.4
"T",1957,"07",10.2
"T",1957,"08",9
"T",1957,"09",6.5
"T",1957,"10",4.2
"T",1957,"11",-0.7
"T",1957,"12",-4.7
"T",1958,"01",-7
"T",1958,"02",-3.5
"T",1958,"03",-6.9
"T",1958,"04",-1.6
"T",1958,"05",8.2
"T",1958,"06",7.6
"T",1958,"07",11.1
"T",1958,"08",11
"T",1958,"09",8.9
"T",1958,"10",3.1
"T",1958,"11",-1.3
"T",1958,"12",-4.4
"T",1959,"01",-7.2
"T",1959,"02",-3.1
"T",1959,"03",0
"T",1959,"04",1.6
"T",1959,"05",5
"T",1959,"06",8
"T",1959,"07",11.5
"T",1959,"08",9.3
"T",1959,"09",7.9
"T",1959,"10",3.4
"T",1959,"11",-2.1
"T",1959,"12",-4.2
"T",1960,"01",-7
"T",1960,"02",-4.4
"T",1960,"03",-2
"T",1960,"04",0.1
"T",1960,"05",5.7
"T",1960,"06",9
"T",1960,"07",8.7
"T",1960,"08",9.7
"T",1960,"09",6
"T",1960,"10",2.9
"T",1960,"11",-1
"T",1960,"12",-5
"T",1961,"01",-6.8
"T",1961,"02",-3.2
"T",1961,"03",-1.6
"T",1961,"04",4.1
"T",1961,"05",3.3
"T",1961,"06",9.6
"T",1961,"07",9.3
"T",1961,"08",10.2
"T",1961,"09",11
"T",1961,"10",4.6
"T",1961,"11",-1.3
"T",1961,"12",-4.9
"T",1962,"01",-5.6
"T",1962,"02",-7
"T",1962,"03",-6.2
"T",1962,"04",0.4
"T",1962,"05",3.1
"T",1962,"06",6.7
"T",1962,"07",9.6
"T",1962,"08",11.7
"T",1962,"09",7.2
"T",1962,"10",3.9
"T",1962,"11",-3.1
"T",1962,"12",-8.5
"T",1963,"01",-11.6
"T",1963,"02",-9.5
"T",1963,"03",-3.9
"T",1963,"04",1.8
"T",1963,"05",4.4
"T",1963,"06",8.8
"T",1963,"07",11.4
"T",1963,"08",9.9
"T",1963,"09",8.5
"T",1963,"10",3.4
"T",1963,"11",1
"T",1963,"12",-6.7
"T",1964,"01",-6.5
"T",1964,"02",-4.5
"T",1964,"03",-3.3
"T",1964,"04",1.8
"T",1964,"05",6.5
"T",1964,"06",10
"T",1964,"07",11.1
"T",1964,"08",9.4
"T",1964,"09",7.5
"T",1964,"10",1.3
"T",1964,"11",-0.8
"T",1964,"12",-5.6
"T",1965,"01",-5.7
"T",1965,"02",-10.2
"T",1965,"03",-3.5
"T",1965,"04",-0.8
"T",1965,"05",3.4
"T",1965,"06",8.7
"T",1965,"07",9.4
"T",1965,"08",8.9
"T",1965,"09",6.1
"T",1965,"10",4.4
"T",1965,"11",-2.3
"T",1965,"12",-5.2
"T",1966,"01",-8.9
"T",1966,"02",-1
"T",1966,"03",-4.3
"T",1966,"04",2.4
"T",1966,"05",5
"T",1966,"06",9.4
"T",1966,"07",8.9
"T",1966,"08",8.5
"T",1966,"09",9
"T",1966,"10",5.8
"T",1966,"11",-3.9
"T",1966,"12",-6.3
"T",1967,"01",-6.9
"T",1967,"02",-4.9
"T",1967,"03",-2
"T",1967,"04",-0.7
"T",1967,"05",5.2
"T",1967,"06",7.5
"T",1967,"07",11.9
"T",1967,"08",10.4
"T",1967,"09",7.5
"T",1967,"10",5.8
"T",1967,"11",0.2
"T",1967,"12",-7.1
"T",1968,"01",-8.4
"T",1968,"02",-4.1
"T",1968,"03",-2.8
"T",1968,"04",2.5
"T",1968,"05",5.1
"T",1968,"06",8.5
"T",1968,"07",9.4
"T",1968,"08",8.8
"T",1968,"09",6.7
"T",1968,"10",5.2
"T",1968,"11",-0.8
"T",1968,"12",-7.3
"T",1969,"01",-5.4
"T",1969,"02",-8
"T",1969,"03",-2.9
"T",1969,"04",0.2
"T",1969,"05",7.2
"T",1969,"06",6.7
"T",1969,"07",11.2
"T",1969,"08",8.8
"T",1969,"09",8.7
"T",1969,"10",5.4
"T",1969,"11",-1.9
"T",1969,"12",-9.7
"T",1970,"01",-5.1
"T",1970,"02",-7.3
"T",1970,"03",-5.7
"T",1970,"04",-1.9
"T",1970,"05",3
"T",1970,"06",9.6
"T",1970,"07",9.9
"T",1970,"08",10.1
"T",1970,"09",8.5
"T",1970,"10",3.1
"T",1970,"11",0.1
"T",1970,"12",-6.1
"T",1971,"01",-5.9
"T",1971,"02",-6.4
"T",1971,"03",-6.8
"T",1971,"04",2.8
"T",1971,"05",6.5
"T",1971,"06",7
"T",1971,"07",11.3
"T",1971,"08",12.1
"T",1971,"09",5.9
"T",1971,"10",3.9
"T",1971,"11",-2.7
"T",1971,"12",-2.9
"T",1972,"01",-6
"T",1972,"02",-2.5
"T",1972,"03",-0.3
"T",1972,"04",0.3
"T",1972,"05",4.5
"T",1972,"06",8.1
"T",1972,"07",9.8
"T",1972,"08",10
"T",1972,"09",4
"T",1972,"10",1.4
"T",1972,"11",-1.6
"T",1972,"12",-3.7
"T",1973,"01",-5.2
"T",1973,"02",-7.2
"T",1973,"03",-4.6
"T",1973,"04",-2.3
"T",1973,"05",6.2
"T",1973,"06",9.3
"T",1973,"07",9.8
"T",1973,"08",12.1
"T",1973,"09",8.6
"T",1973,"10",2.5
"T",1973,"11",-2
"T",1973,"12",-5.3
"T",1974,"01",-2.9
"T",1974,"02",-3.4
"T",1974,"03",-0.6
"T",1974,"04",0.1
"T",1974,"05",4.3
"T",1974,"06",6.7
"T",1974,"07",10
"T",1974,"08",11.6
"T",1974,"09",7.4
"T",1974,"10",-2.4
"T",1974,"11",-2.4
"T",1974,"12",-3.6
"T",1975,"01",-2.8
"T",1975,"02",-4.7
"T",1975,"03",-2.9
"T",1975,"04",0.3
"T",1975,"05",5.7
"T",1975,"06",6.9
"T",1975,"07",10.4
"T",1975,"08",10.2
"T",1975,"09",10
"T",1975,"10",2.4
"T",1975,"11",-2.6
"T",1975,"12",-4.8
"T",1976,"01",-5.8
"T",1976,"02",-3.6
"T",1976,"03",-4
"T",1976,"04",0.5
"T",1976,"05",6
"T",1976,"06",9.7
"T",1976,"07",11.1
"T",1976,"08",7.9
"T",1976,"09",5.6
"T",1976,"10",5.4
"T",1976,"11",-2.2
"T",1976,"12",-7.3
"T",1977,"01",-5.4
"T",1977,"02",-3.7
"T",1977,"03",0.7
"T",1977,"04",-0.6
"T",1977,"05",4.9
"T",1977,"06",8.3
"T",1977,"07",10.1
"T",1977,"08",9
"T",1977,"09",5.9
"T",1977,"10",5.5
"T",1977,"11",-2.6
"T",1977,"12",-3.7
"T",1978,"01",-6.2
"T",1978,"02",-6.1
"T",1978,"03",-2.4
"T",1978,"04",-0.5
"T",1978,"05",3.4
"T",1978,"06",7.7
"T",1978,"07",9.2
"T",1978,"08",9.2
"T",1978,"09",6.9
"T",1978,"10",3.3
"T",1978,"11",-0.9
"T",1978,"12",-4.2
"T",1979,"01",-8.5
"T",1979,"02",-4.8
"T",1979,"03",-1.8
"T",1979,"04",-1.5
"T",1979,"05",4.8
"T",1979,"06",9
"T",1979,"07",9.3
"T",1979,"08",9.2
"T",1979,"09",7.7
"T",1979,"10",5
"T",1979,"11",-3.3
"T",1979,"12",-3.5
"T",1980,"01",-7.9
"T",1980,"02",-4.1
"T",1980,"03",-2.6
"T",1980,"04",-2.3
"T",1980,"05",3.2
"T",1980,"06",6.9
"T",1980,"07",8.8
"T",1980,"08",11.5
"T",1980,"09",8.8
"T",1980,"10",2.2
"T",1980,"11",-2.7
"T",1980,"12",-7
"T",1981,"01",-9.3
"T",1981,"02",-8.1
"T",1981,"03",-0.1
"T",1981,"04",2.4
"T",1981,"05",5.3
"T",1981,"06",9.1
"T",1981,"07",9.3
"T",1981,"08",10.6
"T",1981,"09",8.2
"T",1981,"10",3
"T",1981,"11",-2.9
"T",1981,"12",-6.8
"T",1982,"01",-4.6
"T",1982,"02",-5.7
"T",1982,"03",-3.7
"T",1982,"04",-0.8
"T",1982,"05",5.9
"T",1982,"06",10.1
"T",1982,"07",12.2
"T",1982,"08",10.4
"T",1982,"09",10.2
"T",1982,"10",3.3
"T",1982,"11",0.3
"T",1982,"12",-4.4
"T",1983,"01",-3.2
"T",1983,"02",-8.2
"T",1983,"03",-1.4
"T",1983,"04",2.1
"T",1983,"05",4.9
"T",1983,"06",9.2
"T",1983,"07",14.4
"T",1983,"08",10.7
"T",1983,"09",8.2
"T",1983,"10",4.2
"T",1983,"11",-1.4
"T",1983,"12",-4.7
"T",1984,"01",-6.5
"T",1984,"02",-8
"T",1984,"03",-5.2
"T",1984,"04",-0.6
"T",1984,"05",3.4
"T",1984,"06",7.8
"T",1984,"07",10.5
"T",1984,"08",10
"T",1984,"09",5.9
"T",1984,"10",4.4
"T",1984,"11",1.6
"T",1984,"12",-4.1
"T",1985,"01",-10.3
"T",1985,"02",-5.8
"T",1985,"03",-3.6
"T",1985,"04",0.3
"T",1985,"05",6.1
"T",1985,"06",6.9
"T",1985,"07",12.1
"T",1985,"08",10.4
"T",1985,"09",9.5
"T",1985,"10",4.5
"T",1985,"11",-4.6
"T",1985,"12",-2
"T",1986,"01",-7.3
"T",1986,"02",-9.8
"T",1986,"03",-2.3
"T",1986,"04",0.4
"T",1986,"05",7.8
"T",1986,"06",8.5
"T",1986,"07",10.3
"T",1986,"08",10.8
"T",1986,"09",8.2
"T",1986,"10",5
"T",1986,"11",-0.6
"T",1986,"12",-5.1
"T",1987,"01",-8.9
"T",1987,"02",-4.3
"T",1987,"03",-6.6
"T",1987,"04",1.8
"T",1987,"05",2.7
"T",1987,"06",7.4
"T",1987,"07",11.4
"T",1987,"08",10.2
"T",1987,"09",10.5
"T",1987,"10",5.2
"T",1987,"11",-1.2
"T",1987,"12",-2.9
"T",1988,"01",-2.7
"T",1988,"02",-5.6
"T",1988,"03",-4.7
"T",1988,"04",2.2
"T",1988,"05",6.7
"T",1988,"06",8.1
"T",1988,"07",11.9
"T",1988,"08",11
"T",1988,"09",7.4
"T",1988,"10",6
"T",1988,"11",-3.2
"T",1988,"12",-3.9
"T",1989,"01",-2.8
"T",1989,"02",-1.7
"T",1989,"03",0.7
"T",1989,"04",1.2
"T",1989,"05",5.6
"T",1989,"06",7
"T",1989,"07",10.9
"T",1989,"08",10.5
"T",1989,"09",7.7
"T",1989,"10",4.5
"T",1989,"11",-2
"T",1989,"12",-3
"T",1990,"01",-3.8
"T",1990,"02",-0.9
"T",1990,"03",0.4
"T",1990,"04",0
"T",1990,"05",7
"T",1990,"06",8.3
"T",1990,"07",10.9
"T",1990,"08",11.4
"T",1990,"09",6.6
"T",1990,"10",5.9
"T",1990,"11",-2.1
"T",1990,"12",-7.3
"T",1991,"01",-5
"T",1991,"02",-7.1
"T",1991,"03",1
"T",1991,"04",-0.5
"T",1991,"05",1.6
"T",1991,"06",8.1
"T",1991,"07",12.3
"T",1991,"08",11.6
"T",1991,"09",9.9
"T",1991,"10",2.6
"T",1991,"11",-1.8
"T",1991,"12",-5.7
"T",1992,"01",-4.5
"T",1992,"02",-4.2
"T",1992,"03",-2
"T",1992,"04",0.7
"T",1992,"05",7.3
"T",1992,"06",8.9
"T",1992,"07",12.3
"T",1992,"08",14.3
"T",1992,"09",8.4
"T",1992,"10",1.8
"T",1992,"11",0.6
"T",1992,"12",-4
"T",1993,"01",-3.3
"T",1993,"02",-4.7
"T",1993,"03",-3.6
"T",1993,"04",2.5
"T",1993,"05",8
"T",1993,"06",9.5
"T",1993,"07",9.8
"T",1993,"08",11.1
"T",1993,"09",6.8
"T",1993,"10",3.7
"T",1993,"11",-3.1
"T",1993,"12",-4
"T",1994,"01",-4.2
"T",1994,"02",-5.2
"T",1994,"03",1.8
"T",1994,"04",0.2
"T",1994,"05",6.5
"T",1994,"06",9.7
"T",1994,"07",13.7
"T",1994,"08",12.8
"T",1994,"09",8.3
"T",1994,"10",3.5
"T",1994,"11",2.1
"T",1994,"12",-3.1
"T",1995,"01",-7.6
"T",1995,"02",-2.5
"T",1995,"03",-4.3
"T",1995,"04",1.5
"T",1995,"05",6
"T",1995,"06",7.2
"T",1995,"07",13.6
"T",1995,"08",9.9
"T",1995,"09",5.5
"T",1995,"10",7
"T",1995,"11",-2.5
"T",1995,"12",-5
"T",1996,"01",-3.9
"T",1996,"02",-7
"T",1996,"03",-4.4
"T",1996,"04",1.7
"T",1996,"05",6.3
"T",1996,"06",10.2
"T",1996,"07",10.2
"T",1996,"08",10
"T",1996,"09",4.3
"T",1996,"10",3
"T",1996,"11",-1.3
"T",1996,"12",-5
"T",1997,"01",-3.1
"T",1997,"02",-2.8
"T",1997,"03",-0.1
"T",1997,"04",-0.9
"T",1997,"05",6.3
"T",1997,"06",9.1
"T",1997,"07",9.6
"T",1997,"08",11.5
"T",1997,"09",9.8
"T",1997,"10",3.1
"T",1997,"11",-0.6
"T",1997,"12",-3.5
"T",1998,"01",-4.3
"T",1998,"02",-1.1
"T",1998,"03",-2.9
"T",1998,"04",1.3
"T",1998,"05",6.7
"T",1998,"06",10.3
"T",1998,"07",11.5
"T",1998,"08",11.7
"T",1998,"09",7
"T",1998,"10",3
"T",1998,"11",-4.9
"T",1998,"12",-5.1
"T",1999,"01",-3.9
"T",1999,"02",-7.6
"T",1999,"03",-1.3
"T",1999,"04",1.5
"T",1999,"05",7.7
"T",1999,"06",8.4
"T",1999,"07",11.5
"T",1999,"08",11.1
"T",1999,"09",9.8
"T",1999,"10",4.4
"T",1999,"11",-3.2
"T",1999,"12",-5.6
"T",2000,"01",-6.6
"T",2000,"02",-4.1
"T",2000,"03",-1.7
"T",2000,"04",3.1
"T",2000,"05",8
"T",2000,"06",11.2
"T",2000,"07",9
"T",2000,"08",12.3
"T",2000,"09",8.5
"T",2000,"10",5
"T",2000,"11",-0.5
"T",2000,"12",-2.1
"T",2001,"01",-5
"T",2001,"02",-4.3
"T",2001,"03",0.3
"T",2001,"04",-0.3
"T",2001,"05",8.5
"T",2001,"06",8.2
"T",2001,"07",11.7
"T",2001,"08",12.7
"T",2001,"09",4.7
"T",2001,"10",7.3
"T",2001,"11",-2.5
"T",2001,"12",-7.8
"T",2002,"01",-4.7
"T",2002,"02",-1.8
"T",2002,"03",0.2
"T",2002,"04",1.1
"T",2002,"05",7.3
"T",2002,"06",12.1
"T",2002,"07",11.6
"T",2002,"08",11
"T",2002,"09",6.1
"T",2002,"10",3.6
"T",2002,"11",0.6
"T",2002,"12",-3
"T",2003,"01",-6.5
"T",2003,"02",-8
"T",2003,"03",-0.4
"T",2003,"04",0.8
"T",2003,"05",8.5
"T",2003,"06",14.2
"T",2003,"07",12.4
"T",2003,"08",14.9
"T",2003,"09",7.6
"T",2003,"10",0.6
"T",2003,"11",0.8
"T",2003,"12",-3.6
"T",2004,"01",-7.1
"T",2004,"02",-4.5
"T",2004,"03",-2.6
"T",2004,"04",1.9
"T",2004,"05",4.4
"T",2004,"06",9.1
"T",2004,"07",11
"T",2004,"08",11.8
"T",2004,"09",8
"T",2004,"10",5.9
"T",2004,"11",-1.7
"T",2004,"12",-3.8
"T",2005,"01",-7
"T",2005,"02",-8.9
"T",2005,"03",-2.2
"T",2005,"04",1.8
"T",2005,"05",7.1
"T",2005,"06",10.5
"T",2005,"07",11.2
"T",2005,"08",9.2
"T",2005,"09",8.4
"T",2005,"10",5.4
"T",2005,"11",-2.2
"T",2005,"12",-7.5
"T",2006,"01",-7.1
"T",2006,"02",-6.3
"T",2006,"03",-4.2
"T",2006,"04",1.8
"T",2006,"05",6.2
"T",2006,"06",10.3
"T",2006,"07",14.6
"T",2006,"08",8
"T",2006,"09",10.9
"T",2006,"10",6.8
"T",2006,"11",0.7
"T",2006,"12",-2
"T",2007,"01",-2.7
"T",2007,"02",-2.3
"T",2007,"03",-1.2
"T",2007,"04",6.2
"T",2007,"05",7.8
"T",2007,"06",10.8
"T",2007,"07",11.8
"T",2007,"08",10.7
"T",2007,"09",5.9
"T",2007,"10",3.2
"T",2007,"11",-2.8
"T",2007,"12",-4.8
"T",2008,"01",-2.9
"T",2008,"02",-2.5
"T",2008,"03",-3.2
"T",2008,"04",0.7
"T",2008,"05",7.7
"T",2008,"06",10.8
"T",2008,"07",11
"T",2008,"08",11.8
"T",2008,"09",6.5
"T",2008,"10",4.8
"T",2008,"11",-0.9
"T",2008,"12",-4.8
"T",2009,"01",-6.4
"T",2009,"02",-6.2
"T",2009,"03",-3.2
"T",2009,"04",4.1
"T",2009,"05",8.4
"T",2009,"06",9
"T",2009,"07",11.9
"T",2009,"08",13.1
"T",2009,"09",9.2
"T",2009,"10",3.1
"T",2009,"11",0.7
"T",2009,"12",-6.1
"T",2010,"01",-7.5
"T",2010,"02",-5.8
"T",2010,"03",-2.8
"T",2010,"04",2.3
"T",2010,"05",4.8
"T",2010,"06",9.9
"T",2010,"07",13.3
"T",2010,"08",10.6
"T",2010,"09",6.9
"T",2010,"10",2.7
"T",2010,"11",-1
"T",2010,"12",-6.7
"T",2011,"01",-5.5
"T",2011,"02",-3.2
"T",2011,"03",-0.5
"T",2011,"04",4.6
"T",2011,"05",7.7
"T",2011,"06",9.8
"T",2011,"07",10
"T",2011,"08",13
"T",2011,"09",10.3
"T",2011,"10",3.8
"T",2011,"11",2.4
"T",2011,"12",-4
"T",2012,"01",-6.1
"T",2012,"02",-9.5
"T",2012,"03",1
"T",2012,"04",1.8
"T",2012,"05",7.1
"T",2012,"06",11.3
"T",2012,"07",11.9
"T",2012,"08",13
"T",2012,"09",8.4
"T",2012,"10",4.8
"T",2012,"11",0.8
"T",2012,"12",-5.6
"T",2013,"01",-5
"T",2013,"02",-8
"T",2013,"03",-2.9
"T",2013,"04",2.9
"T",2013,"05",4.9
"T",2013,"06",9.1
"T",2013,"07",13.5
"T",2013,"08",12.5
"T",2013,"09",8.1
"T",2013,"10",5.3
"T",2013,"11",-1.8
"T",2013,"12",-2.2
"T",2014,"01",-2.8
"T",2014,"02",-2.4
"T",2014,"03",0.4
"T",2014,"04",3.4
"T",2014,"05",5.5
"T",2014,"06",10.4
"T",2014,"07",11.3
"T",2014,"08",9.7
"T",2014,"09",8.4
"T",2014,"10",5.9
"T",2014,"11",3.2
"T",2014,"12",-3.1
"T",2015,"01",-4.5
"T",2015,"02",-5.3
"T",2015,"03",-1.3
"T",2015,"04",2
"T",2015,"05",7
"T",2015,"06",10.9
"T",2015,"07",15.1
"T",2015,"08",13.6
"T",2015,"09",6.7
"T",2015,"10",3.8
"T",2015,"11",2.1
"T",2015,"12",0.2
"T",2016,"01",-4.3
"T",2016,"02",-2.5
"T",2016,"03",-2.1
"T",2016,"04",3.1
"T",2016,"05",5.9
"T",2016,"06",10.2
"T",2016,"07",12.7
"T",2016,"08",11.9
"T",2016,"09",10.1
"T",2016,"10",3
"T",2016,"11",-0.5
"T",2016,"12",-2.1
"T",2017,"01",-7.9
"T",2017,"02",-1.8
"T",2017,"03",1.4
"T",2017,"04",1.6
"T",2017,"05",7.6
"T",2017,"06",12.8
"T",2017,"07",12.1
"T",2017,"08",13.1
"T",2017,"09",5.7
"T",2017,"10",5.2
"T",2017,"11",-2
"T",2017,"12",-5.6
"T",2018,"01",-3.4
"T",2018,"02",-8.3
"T",2018,"03",-2.5
"T",2018,"04",5.7
"T",2018,"05",8.9
"T",2018,"06",11
"T",2018,"07",13.1
"T",2018,"08",13.6
"T",2018,"09",10
"T",2018,"10",5.9
"T",2018,"11",1.3
"T",2018,"12",-3.9
"T",2019,"01",-7.7
"T",2019,"02",-1.9
"T",2019,"03",-0.6
"T",2019,"04",2.8
"T",2019,"05",3.2
"T",2019,"06",14.2
"T",2019,"07",13.2
"T",2019,"08",12.6
"T",2019,"09",8.7
"T",2019,"10",6.5
"T",2019,"11",-0.4
"T",2019,"12",-2.5
"T",2020,"01",-2.6
"T",2020,"02",-1.9
"T",2020,"03",-1.6
"T",2020,"04",4.8
"T",2020,"05",6.5
"T",2020,"06",9.5
"T",2020,"07",12.5
"T",2020,"08",12.8
"T",2020,"09",9.5
"T",2020,"10",2.9
"T",2020,"11",1.6
"T",2020,"12",-3.7
"T",2021,"01",-7.6
"T",2021,"02",-1.9
"T",2021,"03",-2.3
"T",2021,"04",0
"T",2021,"05",4.3
"T",2021,"06",12.7
"T",2021,"07",12.1
"T",2021,"08",10.6
"T",2021,"09",9.9
"T",2021,"10",3.9
"T",2021,"11",-0.6
"T",2021,"12",-4
"T",2022,"01",-4.3
"T",2022,"02",-3.6
"T",2022,"03",-0.8
"T",2022,"04",1.9
"T",2022,"05",8.9
"T",2022,"06",12.9
"T",2022,"07",13.8
"T",2022,"08",12.8
"T",2022,"09",7.2
"T",2022,"10",8.1
"T",2022,"11",0.3
"T",2022,"12",-2.9
"T",2023,"01",-4.7
"T",2023,"02",-2.9
"T",2023,"03",-0.3
"T",2023,"04",0.7
"T",2023,"05",6.7
"T",2023,"06",12.1
"T",2023,"07",13.3
"T",2023,"08",13
"T",2023,"09",11.7
"T",2023,"10",7.6
"T",2023,"11",-1.8
"T",2023,"12",-2.1
"T",2024,"01",-3.7
"T",2024,"02",0.1
"T",2024,"03",1
"T",2024,"04",3.2
"T",2024,"05",7.1
"T",2024,"06",11.3
"T",2024,"07",14.1
"T",2024,"08",15
"T",2024,"09",8.1
"T",2024,"10",6.6
"T",2024,"11",0.4
"T",2024,"12",-3.3
"T",2025,"01",-3.4
"T",2025,"02",-1.9
"T",2025,"03",0.6
"T",2025,"04",4.3
"T",2025,"05",6.3
"T",2025,"06",14.3
"T",2025,"07",11.5
"T",2025,"08",12.9
"T",2025,"09",9.7
"T",2025,"10",3.2
"T",2025,"11",-0.7
"T",2025,"12",-2
"V",1850,"01",-8.2
"V",1850,"02",-1.4
"V",1850,"03",-3.5
"V",1850,"04",3
"V",1850,"05",5.8
"V",1850,"06",10.5
"V",1850,"07",11.4
"V",1850,"08",12
"V",1850,"09",7.7
"V",1850,"10",2
"V",1850,"11",0.3
"V",1850,"12",-2.8
"V",1851,"01",-2.6
"V",1851,"02",-4.5
"V",1851,"03",-2.7
"V",1851,"04",3.3
"V",1851,"05",3.3
"V",1851,"06",11
"V",1851,"07",11.2
"V",1851,"08",11.9
"V",1851,"09",6.2
"V",1851,"10",6.3
"V",1851,"11",-5.8
"V",1851,"12",-7.4
"V",1852,"01",-3.4
"V",1852,"02",-4
"V",1852,"03",-4.8
"V",1852,"04",1
"V",1852,"05",7.5
"V",1852,"06",10.6
"V",1852,"07",13.4
"V",1852,"08",12
"V",1852,"09",9.1
"V",1852,"10",4.3
"V",1852,"11",4.8
"V",1852,"12",0.4
"V",1853,"01",-1.9
"V",1853,"02",-6.4
"V",1853,"03",-5.4
"V",1853,"04",0.2
"V",1853,"05",6.9
"V",1853,"06",10
"V",1853,"07",13.7
"V",1853,"08",12.8
"V",1853,"09",9.5
"V",1853,"10",5.6
"V",1853,"11",0.1
"V",1853,"12",-7
"V",1854,"01",-4.6
"V",1854,"02",-6.7
"V",1854,"03",-2.7
"V",1854,"04",3.6
"V",1854,"05",7.2
"V",1854,"06",9.6
"V",1854,"07",13.1
"V",1854,"08",11.3
"V",1854,"09",9.4
"V",1854,"10",6.4
"V",1854,"11",-2.7
"V",1854,"12",-3.2
"V",1855,"01",-9.2
"V",1855,"02",-3.9
"V",1855,"03",-2
"V",1855,"04",1.4
"V",1855,"05",6
"V",1855,"06",10.1
"V",1855,"07",12.3
"V",1855,"08",13.6
"V",1855,"09",9.9
"V",1855,"10",8.8
"V",1855,"11",-1.3
"V",1855,"12",-8.5
"V",1856,"01",-1.8
"V",1856,"02",-2
"V",1856,"03",-1.8
"V",1856,"04",4.8
"V",1856,"05",5.9
"V",1856,"06",12.2
"V",1856,"07",10.8
"V",1856,"08",13.3
"V",1856,"09",7.9
"V",1856,"10",6.4
"V",1856,"11",-4.5
"V",1856,"12",-3.9
"V",1857,"01",-7.1
"V",1857,"02",-6.3
"V",1857,"03",-2.4
"V",1857,"04",2.1
"V",1857,"05",7.7
"V",1857,"06",10.2
"V",1857,"07",13.7
"V",1857,"08",13
"V",1857,"09",11.3
"V",1857,"10",8.2
"V",1857,"11",0.6
"V",1857,"12",-3.3
"V",1858,"01",-8.4
"V",1858,"02",-6.4
"V",1858,"03",-2.7
"V",1858,"04",4.2
"V",1858,"05",5.3
"V",1858,"06",13.6
"V",1858,"07",11
"V",1858,"08",11
"V",1858,"09",11.5
"V",1858,"10",6.2
"V",1858,"11",-3.3
"V",1858,"12",-3.6
"V",1859,"01",-4.2
"V",1859,"02",-3.6
"V",1859,"03",0.4
"V",1859,"04",3.1
"V",1859,"05",7.4
"V",1859,"06",11
"V",1859,"07",16.3
"V",1859,"08",14.9
"V",1859,"09",8.6
"V",1859,"10",6.6
"V",1859,"11",-1.3
"V",1859,"12",-5.7
"V",1860,"01",-1.8
"V",1860,"02",-7.9
"V",1860,"03",-3.9
"V",1860,"04",1.5
"V",1860,"05",7.6
"V",1860,"06",10.2
"V",1860,"07",9.3
"V",1860,"08",10.9
"V",1860,"09",9.2
"V",1860,"10",4
"V",1860,"11",-2.5
"V",1860,"12",-3.2
"V",1861,"01",-7.2
"V",1861,"02",-0.1
"V",1861,"03",-1
"V",1861,"04",1.7
"V",1861,"05",6.7
"V",1861,"06",11
"V",1861,"07",12.4
"V",1861,"08",14.2
"V",1861,"09",9.2
"V",1861,"10",6.9
"V",1861,"11",-0.1
"V",1861,"12",-5.1
"V",1862,"01",-4.7
"V",1862,"02",-2.9
"V",1862,"03",2.8
"V",1862,"04",4.8
"V",1862,"05",9.6
"V",1862,"06",9.9
"V",1862,"07",13.2
"V",1862,"08",11.8
"V",1862,"09",10.7
"V",1862,"10",7.4
"V",1862,"11",1.2
"V",1862,"12",-2.6
"V",1863,"01",-1.1
"V",1863,"02",-3.6
"V",1863,"03",-0.6
"V",1863,"04",3.6
"V",1863,"05",8.5
"V",1863,"06",10.3
"V",1863,"07",11.8
"V",1863,"08",13.8
"V",1863,"09",8.6
"V",1863,"10",7.6
"V",1863,"11",0.4
"V",1863,"12",-2.7
"V",1864,"01",-8.5
"V",1864,"02",-4.9
"V",1864,"03",0.2
"V",1864,"04",1.3
"V",1864,"05",7
"V",1864,"06",9.4
"V",1864,"07",11.5
"V",1864,"08",10.6
"V",1864,"09",8.9
"V",1864,"10",3.5
"V",1864,"11",-0.9
"V",1864,"12",-4.8
"V",1865,"01",-4.1
"V",1865,"02",-7.2
"V",1865,"03",-5.5
"V",1865,"04",6.2
"V",1865,"05",10.3
"V",1865,"06",9.5
"V",1865,"07",15
"V",1865,"08",11.7
"V",1865,"09",11.4
"V",1865,"10",5.8
"V",1865,"11",1.9
"V",1865,"12",-4.7
"V",1866,"01",-1.6
"V",1866,"02",-1
"V",1866,"03",-1
"V",1866,"04",4.1
"V",1866,"05",4.6
"V",1866,"06",11.9
"V",1866,"07",11.5
"V",1866,"08",10.5
"V",1866,"09",10.4
"V",1866,"10",5
"V",1866,"11",-1.3
"V",1866,"12",-2.2
"V",1867,"01",-4.4
"V",1867,"02",-0.8
"V",1867,"03",-0.9
"V",1867,"04",3
"V",1867,"05",7.6
"V",1867,"06",10.2
"V",1867,"07",11.2
"V",1867,"08",13.1
"V",1867,"09",10.6
"V",1867,"10",3.5
"V",1867,"11",-2.8
"V",1867,"12",-6.5
"V",1868,"01",-7.8
"V",1868,"02",-3.1
"V",1868,"03",-3
"V",1868,"04",1.9
"V",1868,"05",11.4
"V",1868,"06",11.7
"V",1868,"07",12.5
"V",1868,"08",12.7
"V",1868,"09",11.9
"V",1868,"10",5.2
"V",1868,"11",-3
"V",1868,"12",0.7
"V",1869,"01",-5.5
"V",1869,"02",0.6
"V",1869,"03",-3.8
"V",1869,"04",4
"V",1869,"05",8.6
"V",1869,"06",7.5
"V",1869,"07",14.6
"V",1869,"08",10.1
"V",1869,"09",10.6
"V",1869,"10",2.7
"V",1869,"11",-1.1
"V",1869,"12",-3.4
"V",1870,"01",-7.4
"V",1870,"02",-6.1
"V",1870,"03",-3.7
"V",1870,"04",1.5
"V",1870,"05",8.3
"V",1870,"06",10.6
"V",1870,"07",14.3
"V",1870,"08",9.9
"V",1870,"09",7.3
"V",1870,"10",3.3
"V",1870,"11",0.7
"V",1870,"12",-5.8
"V",1871,"01",-8
"V",1871,"02",-3.4
"V",1871,"03",0.4
"V",1871,"04",2.9
"V",1871,"05",5.9
"V",1871,"06",7.4
"V",1871,"07",13.4
"V",1871,"08",12.2
"V",1871,"09",11.8
"V",1871,"10",2.8
"V",1871,"11",-2.7
"V",1871,"12",-9.7
"V",1872,"01",-3.3
"V",1872,"02",-1.8
"V",1872,"03",0.5
"V",1872,"04",3.6
"V",1872,"05",7.2
"V",1872,"06",10.3
"V",1872,"07",14
"V",1872,"08",11
"V",1872,"09",11
"V",1872,"10",7.6
"V",1872,"11",2
"V",1872,"12",-0.7
"V",1873,"01",-1.8
"V",1873,"02",-4.6
"V",1873,"03",2.2
"V",1873,"04",2.6
"V",1873,"05",5
"V",1873,"06",10.3
"V",1873,"07",14.7
"V",1873,"08",13.9
"V",1873,"09",8.9
"V",1873,"10",7.1
"V",1873,"11",-0.3
"V",1873,"12",-4.6
"V",1874,"01",-3.3
"V",1874,"02",-4.7
"V",1874,"03",-1.7
"V",1874,"04",4.9
"V",1874,"05",4
"V",1874,"06",11.3
"V",1874,"07",15.3
"V",1874,"08",10.6
"V",1874,"09",11.3
"V",1874,"10",6.6
"V",1874,"11",-3.3
"V",1874,"12",-5.5
"V",1875,"01",-4.1
"V",1875,"02",-8.8
"V",1875,"03",-4.3
"V",1875,"04",1.9
"V",1875,"05",8.8
"V",1875,"06",11.8
"V",1875,"07",11.9
"V",1875,"08",13.5
"V",1875,"09",9.5
"V",1875,"10",3.7
"V",1875,"11",-1.2
"V",1875,"12",-6.9
"V",1876,"01",-4.6
"V",1876,"02",-4.7
"V",1876,"03",-1
"V",1876,"04",3.2
"V",1876,"05",4.2
"V",1876,"06",10.8
"V",1876,"07",13.2
"V",1876,"08",13
"V",1876,"09",8.5
"V",1876,"10",7.9
"V",1876,"11",-1.5
"V",1876,"12",-0.2
"V",1877,"01",-1
"V",1877,"02",-2.3
"V",1877,"03",-2.8
"V",1877,"04",2.5
"V",1877,"05",5.1
"V",1877,"06",13.6
"V",1877,"07",11.7
"V",1877,"08",14.1
"V",1877,"09",7.5
"V",1877,"10",3.1
"V",1877,"11",1.1
"V",1877,"12",-5
"V",1878,"01",-6.6
"V",1878,"02",-2.9
"V",1878,"03",-3.3
"V",1878,"04",3.1
"V",1878,"05",8.8
"V",1878,"06",10
"V",1878,"07",11.6
"V",1878,"08",11.7
"V",1878,"09",10
"V",1878,"10",6
"V",1878,"11",-1.8
"V",1878,"12",-6.2
"V",1879,"01",-4.5
"V",1879,"02",-2.7
"V",1879,"03",-1.5
"V",1879,"04",1.5
"V",1879,"05",4
"V",1879,"06",11.1
"V",1879,"07",9.9
"V",1879,"08",13.8
"V",1879,"09",10.1
"V",1879,"10",3.2
"V",1879,"11",-3.3
"V",1879,"12",-11.4
"V",1880,"01",-8.9
"V",1880,"02",-2.4
"V",1880,"03",1.2
"V",1880,"04",3.9
"V",1880,"05",6
"V",1880,"06",9.1
"V",1880,"07",13.9
"V",1880,"08",11
"V",1880,"09",9.8
"V",1880,"10",5.7
"V",1880,"11",0.2
"V",1880,"12",-0.3
"V",1881,"01",-7.3
"V",1881,"02",-2.5
"V",1881,"03",-0.4
"V",1881,"04",2
"V",1881,"05",6.1
"V",1881,"06",10
"V",1881,"07",14.8
"V",1881,"08",13
"V",1881,"09",8.1
"V",1881,"10",1.8
"V",1881,"11",2.3
"V",1881,"12",-2.6
"V",1882,"01",-2.5
"V",1882,"02",-3.4
"V",1882,"03",1.2
"V",1882,"04",2.8
"V",1882,"05",7.7
"V",1882,"06",8.9
"V",1882,"07",11.7
"V",1882,"08",10
"V",1882,"09",8
"V",1882,"10",6
"V",1882,"11",-0.9
"V",1882,"12",-2.5
"V",1883,"01",-3.6
"V",1883,"02",-1.7
"V",1883,"03",-5.1
"V",1883,"04",1.4
"V",1883,"05",6.9
"V",1883,"06",9.5
"V",1883,"07",11.3
"V",1883,"08",11.4
"V",1883,"09",8.8
"V",1883,"10",3.5
"V",1883,"11",-0.5
"V",1883,"12",-5.1
"V",1884,"01",-3.5
"V",1884,"02",-3
"V",1884,"03",-0.1
"V",1884,"04",2.2
"V",1884,"05",8.3
"V",1884,"06",6.9
"V",1884,"07",12.9
"V",1884,"08",12.4
"V",1884,"09",9.8
"V",1884,"10",3
"V",1884,"11",-3.5
"V",1884,"12",-3.8
"V",1885,"01",-7.6
"V",1885,"02",-0.7
"V",1885,"03",-2.1
"V",1885,"04",4.2
"V",1885,"05",4.9
"V",1885,"06",12.4
"V",1885,"07",12.7
"V",1885,"08",11.4
"V",1885,"09",9.2
"V",1885,"10",3.6
"V",1885,"11",-0.1
"V",1885,"12",-5
"V",1886,"01",-6.1
"V",1886,"02",-6.5
"V",1886,"03",-2.8
"V",1886,"04",3.8
"V",1886,"05",7.3
"V",1886,"06",8.6
"V",1886,"07",12.8
"V",1886,"08",12.1
"V",1886,"09",11.7
"V",1886,"10",6.3
"V",1886,"11",1
"V",1886,"12",-3.2
"V",1887,"01",-7.3
"V",1887,"02",-5.7
"V",1887,"03",-2.6
"V",1887,"04",2.4
"V",1887,"05",4.4
"V",1887,"06",11.2
"V",1887,"07",14.6
"V",1887,"08",11.8
"V",1887,"09",9.2
"V",1887,"10",0.6
"V",1887,"11",-0.4
"V",1887,"12",-5.5
"V",1888,"01",-6.9
"V",1888,"02",-5.2
"V",1888,"03",-2.7
"V",1888,"04",0.7
"V",1888,"05",7.8
"V",1888,"06",11.3
"V",1888,"07",9.8
"V",1888,"08",10.9
"V",1888,"09",9.2
"V",1888,"10",2
"V",1888,"11",0.3
"V",1888,"12",-2.4
"V",1889,"01",-6.5
"V",1889,"02",-7.1
"V",1889,"03",-4.5
"V",1889,"04",0.7
"V",1889,"05",8.8
"V",1889,"06",12
"V",1889,"07",11.6
"V",1889,"08",10.8
"V",1889,"09",7.2
"V",1889,"10",5
"V",1889,"11",0
"V",1889,"12",-6.1
"V",1890,"01",-1.3
"V",1890,"02",-6.9
"V",1890,"03",-1.2
"V",1890,"04",1.8
"V",1890,"05",8.3
"V",1890,"06",9
"V",1890,"07",10.8
"V",1890,"08",11.7
"V",1890,"09",8.4
"V",1890,"10",2.2
"V",1890,"11",-2.1
"V",1890,"12",-8.6
"V",1891,"01",-10.4
"V",1891,"02",-5.7
"V",1891,"03",-1.6
"V",1891,"04",-0.1
"V",1891,"05",7.6
"V",1891,"06",10.6
"V",1891,"07",11.2
"V",1891,"08",10.6
"V",1891,"09",9.8
"V",1891,"10",6.9
"V",1891,"11",-1.3
"V",1891,"12",-3
"V",1892,"01",-5.3
"V",1892,"02",-2.5
"V",1892,"03",-3.1
"V",1892,"04",2.6
"V",1892,"05",7.3
"V",1892,"06",10.3
"V",1892,"07",11.5
"V",1892,"08",13.7
"V",1892,"09",10.8
"V",1892,"10",4.8
"V",1892,"11",0.7
"V",1892,"12",-5.4
"V",1893,"01",-10
"V",1893,"02",-3.1
"V",1893,"03",-0.8
"V",1893,"04",4.6
"V",1893,"05",6.4
"V",1893,"06",10.3
"V",1893,"07",12.6
"V",1893,"08",12.8
"V",1893,"09",9.3
"V",1893,"10",6.6
"V",1893,"11",-1.3
"V",1893,"12",-4.4
"V",1894,"01",-5.5
"V",1894,"02",-4.4
"V",1894,"03",-0.9
"V",1894,"04",4.4
"V",1894,"05",6.6
"V",1894,"06",9.5
"V",1894,"07",13.1
"V",1894,"08",11.6
"V",1894,"09",7.5
"V",1894,"10",4.5
"V",1894,"11",0.5
"V",1894,"12",-5.6
"V",1895,"01",-7.7
"V",1895,"02",-10.2
"V",1895,"03",-2
"V",1895,"04",3.6
"V",1895,"05",6.3
"V",1895,"06",10.2
"V",1895,"07",13.3
"V",1895,"08",11.7
"V",1895,"09",11.8
"V",1895,"10",4.5
"V",1895,"11",2.2
"V",1895,"12",-3
"V",1896,"01",-5.5
"V",1896,"02",-5.1
"V",1896,"03",0.4
"V",1896,"04",-0.2
"V",1896,"05",5.1
"V",1896,"06",10.7
"V",1896,"07",12.7
"V",1896,"08",9.2
"V",1896,"09",8.4
"V",1896,"10",5.8
"V",1896,"11",-1.6
"V",1896,"12",-2.4
"V",1897,"01",-4.1
"V",1897,"02",-0.6
"V",1897,"03",0.6
"V",1897,"04",2.7
"V",1897,"05",4.5
"V",1897,"06",11.7
"V",1897,"07",12.3
"V",1897,"08",12.1
"V",1897,"09",8.6
"V",1897,"10",3.8
"V",1897,"11",0.5
"V",1897,"12",-3.3
"V",1898,"01",-0.5
"V",1898,"02",-4.2
"V",1898,"03",-1.7
"V",1898,"04",3.5
"V",1898,"05",7
"V",1898,"06",9.4
"V",1898,"07",10.7
"V",1898,"08",13.8
"V",1898,"09",10.6
"V",1898,"10",6.9
"V",1898,"11",2.7
"V",1898,"12",-2.8
"V",1899,"01",-1.9
"V",1899,"02",-1.8
"V",1899,"03",-0.4
"V",1899,"04",2.3
"V",1899,"05",6.1
"V",1899,"06",9.8
"V",1899,"07",11.8
"V",1899,"08",12.5
"V",1899,"09",8.3
"V",1899,"10",5.4
"V",1899,"11",1.7
"V",1899,"12",-6
"V",1900,"01",-2.2
"V",1900,"02",-0.7
"V",1900,"03",-3.8
"V",1900,"04",1.5
"V",1900,"05",6.3
"V",1900,"06",11.2
"V",1900,"07",13.7
"V",1900,"08",11.2
"V",1900,"09",11.1
"V",1900,"10",5.4
"V",1900,"11",1.4
"V",1900,"12",-1.4
"V",1901,"01",-5.5
"V",1901,"02",-8.5
"V",1901,"03",-2.2
"V",1901,"04",3.1
"V",1901,"05",7
"V",1901,"06",11
"V",1901,"07",12
"V",1901,"08",10.9
"V",1901,"09",10.3
"V",1901,"10",5
"V",1901,"11",-1.7
"V",1901,"12",-2
"V",1902,"01",-2.7
"V",1902,"02",-3
"V",1902,"03",-0.9
"V",1902,"04",5.1
"V",1902,"05",3.3
"V",1902,"06",9
"V",1902,"07",13.1
"V",1902,"08",12
"V",1902,"09",9.2
"V",1902,"10",4.1
"V",1902,"11",-0.2
"V",1902,"12",-3.5
"V",1903,"01",-4.7
"V",1903,"02",-1.6
"V",1903,"03",0.6
"V",1903,"04",-0.5
"V",1903,"05",7.4
"V",1903,"06",9.4
"V",1903,"07",11.4
"V",1903,"08",12.8
"V",1903,"09",9.5
"V",1903,"10",5.9
"V",1903,"11",-0.4
"V",1903,"12",-4.3
"V",1904,"01",-4.4
"V",1904,"02",-3
"V",1904,"03",-0.3
"V",1904,"04",4.3
"V",1904,"05",8.1
"V",1904,"06",11.3
"V",1904,"07",14.5
"V",1904,"08",12.3
"V",1904,"09",7.1
"V",1904,"10",4.7
"V",1904,"11",-1.4
"V",1904,"12",-3
"V",1905,"01",-6.8
"V",1905,"02",-4.6
"V",1905,"03",-0.3
"V",1905,"04",2.1
"V",1905,"05",6.2
"V",1905,"06",11.3
"V",1905,"07",14.8
"V",1905,"08",12.1
"V",1905,"09",10.2
"V",1905,"10",-0.5
"V",1905,"11",0.4
"V",1905,"12",-3.2
"V",1906,"01",-4.2
"V",1906,"02",-5
"V",1906,"03",-2.6
"V",1906,"04",2.2
"V",1906,"05",7
"V",1906,"06",9.1
"V",1906,"07",12.6
"V",1906,"08",12.8
"V",1906,"09",7.9
"V",1906,"10",7.6
"V",1906,"11",1.7
"V",1906,"12",-6.1
"V",1907,"01",-5.3
"V",1907,"02",-7.3
"V",1907,"03",-3.8
"V",1907,"04",0.7
"V",1907,"05",8.3
"V",1907,"06",10.5
"V",1907,"07",10.8
"V",1907,"08",12.9
"V",1907,"09",10.7
"V",1907,"10",8
"V",1907,"11",1.2
"V",1907,"12",-2.5
"V",1908,"01",-6.1
"V",1908,"02",-4.5
"V",1908,"03",-2
"V",1908,"04",0
"V",1908,"05",8.9
"V",1908,"06",12
"V",1908,"07",11.9
"V",1908,"08",10.1
"V",1908,"09",8.2
"V",1908,"10",5.5
"V",1908,"11",-2
"V",1908,"12",-3.4
"V",1909,"01",-7.6
"V",1909,"02",-6.3
"V",1909,"03",-2.2
"V",1909,"04",3.9
"V",1909,"05",6.2
"V",1909,"06",8.8
"V",1909,"07",10.4
"V",1909,"08",11.5
"V",1909,"09",8.9
"V",1909,"10",7
"V",1909,"11",-2.2
"V",1909,"12",-1.3
"V",1910,"01",-3.6
"V",1910,"02",-2.9
"V",1910,"03",-0.7
"V",1910,"04",2.3
"V",1910,"05",5.6
"V",1910,"06",10.8
"V",1910,"07",10.4
"V",1910,"08",11.2
"V",1910,"09",6.6
"V",1910,"10",6.3
"V",1910,"11",-2
"V",1910,"12",-0.3
"V",1911,"01",-7.2
"V",1911,"02",-4.8
"V",1911,"03",-0.1
"V",1911,"04",1.9
"V",1911,"05",7
"V",1911,"06",9.6
"V",1911,"07",14.9
"V",1911,"08",14.5
"V",1911,"09",10.8
"V",1911,"10",6
"V",1911,"11",2.1
"V",1911,"12",-0.7
"V",1912,"01",-2.7
"V",1912,"02",0.2
"V",1912,"03",1.1
"V",1912,"04",1.2
"V",1912,"05",7.6
"V",1912,"06",10.7
"V",1912,"07",11.9
"V",1912,"08",9.4
"V",1912,"09",3.9
"V",1912,"10",3.5
"V",1912,"11",-3.3
"V",1912,"12",-1.8
"V",1913,"01",-3.6
"V",1913,"02",-4.9
"V",1913,"03",1.5
"V",1913,"04",2.8
"V",1913,"05",7.1
"V",1913,"06",9.5
"V",1913,"07",9
"V",1913,"08",10.3
"V",1913,"09",8.8
"V",1913,"10",7.5
"V",1913,"11",2.1
"V",1913,"12",-3
"V",1914,"01",-8.4
"V",1914,"02",-0.7
"V",1914,"03",0.1
"V",1914,"04",4.6
"V",1914,"05",5.7
"V",1914,"06",8.7
"V",1914,"07",11.1
"V",1914,"08",12.7
"V",1914,"09",8.6
"V",1914,"10",4.8
"V",1914,"11",-0.6
"V",1914,"12",-0.4
"V",1915,"01",-5
"V",1915,"02",-3.7
"V",1915,"03",-1.9
"V",1915,"04",2.1
"V",1915,"05",9.4
"V",1915,"06",12.3
"V",1915,"07",11.7
"V",1915,"08",10.3
"V",1915,"09",7.8
"V",1915,"10",2.1
"V",1915,"11",-2.9
"V",1915,"12",1.2
"V",1916,"01",-1.4
"V",1916,"02",-2.2
"V",1916,"03",0.6
"V",1916,"04",3.1
"V",1916,"05",8.2
"V",1916,"06",8.2
"V",1916,"07",11.5
"V",1916,"08",11.2
"V",1916,"09",7.1
"V",1916,"10",4.8
"V",1916,"11",0.8
"V",1916,"12",-1.6
"V",1917,"01",-6.5
"V",1917,"02",-5.3
"V",1917,"03",-2.4
"V",1917,"04",-0.8
"V",1917,"05",10.3
"V",1917,"06",12.7
"V",1917,"07",12.3
"V",1917,"08",11.9
"V",1917,"09",11.7
"V",1917,"10",3.4
"V",1917,"11",-0.9
"V",1917,"12",-6.7
"V",1918,"01",-2.6
"V",1918,"02",-2.8
"V",1918,"03",-0.1
"V",1918,"04",3.6
"V",1918,"05",8.2
"V",1918,"06",7.5
"V",1918,"07",11.9
"V",1918,"08",11.3
"V",1918,"09",10.3
"V",1918,"10",3.2
"V",1918,"11",-0.3
"V",1918,"12",-1.2
"V",1919,"01",-4.2
"V",1919,"02",-4.1
"V",1919,"03",-0.8
"V",1919,"04",0.2
"V",1919,"05",5.7
"V",1919,"06",9.8
"V",1919,"07",9.1
"V",1919,"08",13
"V",1919,"09",11.1
"V",1919,"10",1.8
"V",1919,"11",-2.5
"V",1919,"12",-3.5
"V",1920,"01",-1.5
"V",1920,"02",-1.7
"V",1920,"03",1.6
"V",1920,"04",4
"V",1920,"05",10
"V",1920,"06",9.7
"V",1920,"07",12.8
"V",1920,"08",10.4
"V",1920,"09",9.6
"V",1920,"10",5.5
"V",1920,"11",0.8
"V",1920,"12",-2.9
"V",1921,"01",-0.9
"V",1921,"02",-4
"V",1921,"03",1.4
"V",1921,"04",1.4
"V",1921,"05",8.9
"V",1921,"06",9.4
"V",1921,"07",14.3
"V",1921,"08",12.7
"V",1921,"09",10.7
"V",1921,"10",8
"V",1921,"11",-3
"V",1921,"12",-2.8
"V",1922,"01",-5.6
"V",1922,"02",-4.5
"V",1922,"03",0.1
"V",1922,"04",1.5
"V",1922,"05",8.6
"V",1922,"06",11
"V",1922,"07",11.7
"V",1922,"08",12.3
"V",1922,"09",7.6
"V",1922,"10",2.9
"V",1922,"11",-2.5
"V",1922,"12",-3
"V",1923,"01",-4.2
"V",1923,"02",-1.8
"V",1923,"03",0.4
"V",1923,"04",3.1
"V",1923,"05",7.9
"V",1923,"06",6.7
"V",1923,"07",14.5
"V",1923,"08",13.2
"V",1923,"09",9
"V",1923,"10",7.4
"V",1923,"11",0.7
"V",1923,"12",-4.3
"V",1924,"01",-6
"V",1924,"02",-6.7
"V",1924,"03",-1.4
"V",1924,"04",2.9
"V",1924,"05",8.9
"V",1924,"06",10.1
"V",1924,"07",12.4
"V",1924,"08",9.2
"V",1924,"09",10.3
"V",1924,"10",5.8
"V",1924,"11",0.3
"V",1924,"12",-1.5
"V",1925,"01",-2.3
"V",1925,"02",-1.4
"V",1925,"03",-3.5
"V",1925,"04",3
"V",1925,"05",7.8
"V",1925,"06",10.5
"V",1925,"07",12.2
"V",1925,"08",11.2
"V",1925,"09",7.2
"V",1925,"10",5.8
"V",1925,"11",-1.2
"V",1925,"12",-4.5
"V",1926,"01",-3.8
"V",1926,"02",1.7
"V",1926,"03",-0.5
"V",1926,"04",4.7
"V",1926,"05",5.8
"V",1926,"06",7.7
"V",1926,"07",11.6
"V",1926,"08",11.5
"V",1926,"09",11.3
"V",1926,"10",5.7
"V",1926,"11",4.4
"V",1926,"12",-4.4
"V",1927,"01",-3.7
"V",1927,"02",-4.5
"V",1927,"03",0.7
"V",1927,"04",2.8
"V",1927,"05",8
"V",1927,"06",11
"V",1927,"07",12.5
"V",1927,"08",11.8
"V",1927,"09",9.7
"V",1927,"10",4.6
"V",1927,"11",1.2
"V",1927,"12",-3.6
"V",1928,"01",-2.5
"V",1928,"02",-2.1
"V",1928,"03",0.5
"V",1928,"04",3.6
"V",1928,"05",5
"V",1928,"06",10.4
"V",1928,"07",15.7
"V",1928,"08",13.2
"V",1928,"09",9
"V",1928,"10",5.8
"V",1928,"11",1.3
"V",1928,"12",-5.4
"V",1929,"01",-9.1
"V",1929,"02",-9.9
"V",1929,"03",-0.6
"V",1929,"04",0.6
"V",1929,"05",7.9
"V",1929,"06",11.1
"V",1929,"07",13.8
"V",1929,"08",12.6
"V",1929,"09",11.6
"V",1929,"10",6.2
"V",1929,"11",1.4
"V",1929,"12",-1.1
"V",1930,"01",-0.4
"V",1930,"02",-3.9
"V",1930,"03",1.1
"V",1930,"04",3.8
"V",1930,"05",6.1
"V",1930,"06",13.6
"V",1930,"07",11.6
"V",1930,"08",11.6
"V",1930,"09",9.6
"V",1930,"10",4.8
"V",1930,"11",2.4
"V",1930,"12",-3.6
"V",1931,"01",-4.5
"V",1931,"02",-6
"V",1931,"03",-3.2
"V",1931,"04",1.6
"V",1931,"05",9.9
"V",1931,"06",12.5
"V",1931,"07",11.9
"V",1931,"08",10.5
"V",1931,"09",5.2
"V",1931,"10",4.2
"V",1931,"11",2.4
"V",1931,"12",-4.9
"V",1932,"01",-2.1
"V",1932,"02",-8
"V",1932,"03",-2.5
"V",1932,"04",1.7
"V",1932,"05",7.1
"V",1932,"06",9.5
"V",1932,"07",12.3
"V",1932,"08",14.7
"V",1932,"09",13.2
"V",1932,"10",4.9
"V",1932,"11",1
"V",1932,"12",-0.4
"V",1933,"01",-6.2
"V",1933,"02",-4.5
"V",1933,"03",0.6
"V",1933,"04",2.4
"V",1933,"05",5.2
"V",1933,"06",7.8
"V",1933,"07",13.2
"V",1933,"08",12.7
"V",1933,"09",9.9
"V",1933,"10",5.6
"V",1933,"11",-0.1
"V",1933,"12",-7
"V",1934,"01",-4.6
"V",1934,"02",-4.5
"V",1934,"03",-0.3
"V",1934,"04",5.8
"V",1934,"05",8.3
"V",1934,"06",10.5
"V",1934,"07",13.4
"V",1934,"08",11.2
"V",1934,"09",10.9
"V",1934,"10",4.8
"V",1934,"11",0
"V",1934,"12",0.7
"V",1935,"01",-7.3
"V",1935,"02",-3.3
"V",1935,"03",-2.5
"V",1935,"04",1.5
"V",1935,"05",5.7
"V",1935,"06",12.7
"V",1935,"07",13.3
"V",1935,"08",11.5
"V",1935,"09",10
"V",1935,"10",5.4
"V",1935,"11",1.4
"V",1935,"12",-3.7
"V",1936,"01",-0.2
"V",1936,"02",-3.1
"V",1936,"03",1.7
"V",1936,"04",2.6
"V",1936,"05",7.3
"V",1936,"06",10
"V",1936,"07",12
"V",1936,"08",11.6
"V",1936,"09",9.5
"V",1936,"10",1
"V",1936,"11",0.3
"V",1936,"12",-2.9
"V",1937,"01",-2.6
"V",1937,"02",-1.8
"V",1937,"03",-1.5
"V",1937,"04",2.3
"V",1937,"05",9.2
"V",1937,"06",11.7
"V",1937,"07",12.6
"V",1937,"08",11.5
"V",1937,"09",8.8
"V",1937,"10",6.2
"V",1937,"11",-0.9
"V",1937,"12",-5.4
"V",1938,"01",-5.1
"V",1938,"02",-4.6
"V",1938,"03",1
"V",1938,"04",-1
"V",1938,"05",5.8
"V",1938,"06",12
"V",1938,"07",12.1
"V",1938,"08",11.6
"V",1938,"09",9.7
"V",1938,"10",5.7
"V",1938,"11",2.7
"V",1938,"12",-4.3
"V",1939,"01",-1.5
"V",1939,"02",-1.4
"V",1939,"03",-3.9
"V",1939,"04",4.7
"V",1939,"05",4.9
"V",1939,"06",11
"V",1939,"07",12.1
"V",1939,"08",12.5
"V",1939,"09",8.3
"V",1939,"10",4
"V",1939,"11",2
"V",1939,"12",-4.5
"V",1940,"01",-8
"V",1940,"02",-3.4
"V",1940,"03",-0.8
"V",1940,"04",3.3
"V",1940,"05",7
"V",1940,"06",9.8
"V",1940,"07",11.1
"V",1940,"08",10.4
"V",1940,"09",9.5
"V",1940,"10",5.3
"V",1940,"11",1.4
"V",1940,"12",-9
"V",1941,"01",-6
"V",1941,"02",-2.8
"V",1941,"03",0.2
"V",1941,"04",1.2
"V",1941,"05",4.5
"V",1941,"06",11.2
"V",1941,"07",13.3
"V",1941,"08",11
"V",1941,"09",8.4
"V",1941,"10",3.7
"V",1941,"11",-0.6
"V",1941,"12",-4
"V",1942,"01",-9
"V",1942,"02",-6.9
"V",1942,"03",2.1
"V",1942,"04",3
"V",1942,"05",7.5
"V",1942,"06",10.7
"V",1942,"07",12.2
"V",1942,"08",12.6
"V",1942,"09",11.9
"V",1942,"10",8.6
"V",1942,"11",-2.1
"V",1942,"12",-1.4
"V",1943,"01",-3.2
"V",1943,"02",-2.1
"V",1943,"03",1.9
"V",1943,"04",3.7
"V",1943,"05",8.1
"V",1943,"06",9.3
"V",1943,"07",12.6
"V",1943,"08",14.3
"V",1943,"09",10.7
"V",1943,"10",7.7
"V",1943,"11",-1.6
"V",1943,"12",-2.7
"V",1944,"01",-2.9
"V",1944,"02",-6.6
"V",1944,"03",-5.2
"V",1944,"04",3.8
"V",1944,"05",6.8
"V",1944,"06",9.2
"V",1944,"07",12.2
"V",1944,"08",15
"V",1944,"09",9.2
"V",1944,"10",4.7
"V",1944,"11",-1.8
"V",1944,"12",-5
"V",1945,"01",-9.5
"V",1945,"02",-1.5
"V",1945,"03",-0.4
"V",1945,"04",3.9
"V",1945,"05",8.9
"V",1945,"06",12.3
"V",1945,"07",14.2
"V",1945,"08",12
"V",1945,"09",9.9
"V",1945,"10",5.2
"V",1945,"11",-0.9
"V",1945,"12",-2.9
"V",1946,"01",-4.7
"V",1946,"02",-2.1
"V",1946,"03",1.1
"V",1946,"04",6.1
"V",1946,"05",9.5
"V",1946,"06",10.3
"V",1946,"07",13.8
"V",1946,"08",12.7
"V",1946,"09",11.4
"V",1946,"10",4.6
"V",1946,"11",0.2
"V",1946,"12",-5.3
"V",1947,"01",-8.1
"V",1947,"02",-4.4
"V",1947,"03",1.3
"V",1947,"04",5.8
"V",1947,"05",10
"V",1947,"06",12.6
"V",1947,"07",14.5
"V",1947,"08",14.5
"V",1947,"09",12.7
"V",1947,"10",6.3
"V",1947,"11",2.4
"V",1947,"12",-3.9
"V",1948,"01",-0.1
"V",1948,"02",-3.6
"V",1948,"03",2.4
"V",1948,"04",3.9
"V",1948,"05",9.2
"V",1948,"06",10
"V",1948,"07",10.6
"V",1948,"08",12.4
"V",1948,"09",10.1
"V",1948,"10",6.3
"V",1948,"11",1.9
"V",1948,"12",-2.4
"V",1949,"01",-2.7
"V",1949,"02",-3.1
"V",1949,"03",-3
"V",1949,"04",6.2
"V",1949,"05",6.9
"V",1949,"06",10.4
"V",1949,"07",13.3
"V",1949,"08",12.7
"V",1949,"09",12.6
"V",1949,"10",7.9
"V",1949,"11",-0.1
"V",1949,"12",-1.4
"V",1950,"01",-4.3
"V",1950,"02",-0.7
"V",1950,"03",0.2
"V",1950,"04",1.5
"V",1950,"05",9.4
"V",1950,"06",13.3
"V",1950,"07",14.9
"V",1950,"08",13.2
"V",1950,"09",9.3
"V",1950,"10",5.2
"V",1950,"11",0.8
"V",1950,"12",-5.3
"V",1951,"01",-2.7
"V",1951,"02",-2.4
"V",1951,"03",-2
"V",1951,"04",2.3
"V",1951,"05",7.1
"V",1951,"06",10.4
"V",1951,"07",13.6
"V",1951,"08",13.1
"V",1951,"09",11.2
"V",1951,"10",4.8
"V",1951,"11",3.3
"V",1951,"12",-1.3
"V",1952,"01",-5.7
"V",1952,"02",-5.7
"V",1952,"03",-0.1
"V",1952,"04",5.8
"V",1952,"05",7.8
"V",1952,"06",12.2
"V",1952,"07",15.5
"V",1952,"08",13.9
"V",1952,"09",6.7
"V",1952,"10",4.3
"V",1952,"11",-2.3
"V",1952,"12",-4
"V",1953,"01",-7.2
"V",1953,"02",-5.5
"V",1953,"03",0.1
"V",1953,"04",4.3
"V",1953,"05",8.1
"V",1953,"06",9.8
"V",1953,"07",13.3
"V",1953,"08",12.5
"V",1953,"09",10.8
"V",1953,"10",7.7
"V",1953,"11",1.3
"V",1953,"12",-0.6
"V",1954,"01",-7.2
"V",1954,"02",-5.3
"V",1954,"03",0.5
"V",1954,"04",1.2
"V",1954,"05",5.8
"V",1954,"06",10.9
"V",1954,"07",10.2
"V",1954,"08",11.3
"V",1954,"09",10
"V",1954,"10",5.4
"V",1954,"11",0.8
"V",1954,"12",-1.6
"V",1955,"01",-2.5
"V",1955,"02",-4.4
"V",1955,"03",-3
"V",1955,"04",2.2
"V",1955,"05",6.1
"V",1955,"06",10.6
"V",1955,"07",12.4
"V",1955,"08",11.3
"V",1955,"09",9
"V",1955,"10",4.2
"V",1955,"11",-0.6
"V",1955,"12",-0.2
"V",1956,"01",-2.8
"V",1956,"02",-13.3
"V",1956,"03",-0.9
"V",1956,"04",1.4
"V",1956,"05",7.6
"V",1956,"06",7.9
"V",1956,"07",12.7
"V",1956,"08",11.6
"V",1956,"09",11.4
"V",1956,"10",3.8
"V",1956,"11",-2.2
"V",1956,"12",-3.4
"V",1957,"01",-4.3
"V",1957,"02",-0.3
"V",1957,"03",3
"V",1957,"04",2.8
"V",1957,"05",4.4
"V",1957,"06",11.5
"V",1957,"07",12.5
"V",1957,"08",11
"V",1957,"09",8.6
"V",1957,"10",6
"V",1957,"11",1.1
"V",1957,"12",-2.7
"V",1958,"01",-4.9
"V",1958,"02",-1.1
"V",1958,"03",-4.6
"V",1958,"04",0.6
"V",1958,"05",10.2
"V",1958,"06",10
"V",1958,"07",13.3
"V",1958,"08",13.3
"V",1958,"09",11.2
"V",1958,"10",4.9
"V",1958,"11",0.4
"V",1958,"12",-1.7
"V",1959,"01",-4.6
"V",1959,"02",-1.3
"V",1959,"03",2.5
"V",1959,"04",4.3
"V",1959,"05",7.5
"V",1959,"06",10.6
"V",1959,"07",14.2
"V",1959,"08",11.6
"V",1959,"09",10.2
"V",1959,"10",5.5
"V",1959,"11",-0.2
"V",1959,"12",-1.7
"V",1960,"01",-4.7
"V",1960,"02",-1.7
"V",1960,"03",0.5
"V",1960,"04",2.4
"V",1960,"05",8.1
"V",1960,"06",11.4
"V",1960,"07",10.8
"V",1960,"08",11.8
"V",1960,"09",8.1
"V",1960,"10",5.2
"V",1960,"11",1.5
"V",1960,"12",-3.2
"V",1961,"01",-4.3
"V",1961,"02",-0.7
"V",1961,"03",0.7
"V",1961,"04",6.3
"V",1961,"05",5.6
"V",1961,"06",11.8
"V",1961,"07",11.6
"V",1961,"08",12.4
"V",1961,"09",13.3
"V",1961,"10",6.8
"V",1961,"11",0.8
"V",1961,"12",-2.5
"V",1962,"01",-2.9
"V",1962,"02",-4.9
"V",1962,"03",-3.9
"V",1962,"04",2.8
"V",1962,"05",5.3
"V",1962,"06",9.4
"V",1962,"07",12
"V",1962,"08",13.8
"V",1962,"09",9.5
"V",1962,"10",6
"V",1962,"11",-1.2
"V",1962,"12",-6.5
"V",1963,"01",-9.6
"V",1963,"02",-7.8
"V",1963,"03",-1.4
"V",1963,"04",4.2
"V",1963,"05",6.6
"V",1963,"06",10.9
"V",1963,"07",13.7
"V",1963,"08",11.8
"V",1963,"09",10.4
"V",1963,"10",5.4
"V",1963,"11",3.6
"V",1963,"12",-5.2
"V",1964,"01",-4.9
"V",1964,"02",-2.1
"V",1964,"03",-1.3
"V",1964,"04",4.2
"V",1964,"05",9
"V",1964,"06",12.4
"V",1964,"07",13.9
"V",1964,"08",11.7
"V",1964,"09",9.8
"V",1964,"10",3.3
"V",1964,"11",1.2
"V",1964,"12",-3.7
"V",1965,"01",-2.9
"V",1965,"02",-7.8
"V",1965,"03",-1
"V",1965,"04",1.5
"V",1965,"05",6
"V",1965,"06",11.1
"V",1965,"07",11.4
"V",1965,"08",11.2
"V",1965,"09",8.2
"V",1965,"10",6
"V",1965,"11",0
"V",1965,"12",-2.2
"V",1966,"01",-6.3
"V",1966,"02",1.7
"V",1966,"03",-2
"V",1966,"04",4.9
"V",1966,"05",7.5
"V",1966,"06",11.8
"V",1966,"07",11
"V",1966,"08",10.6
"V",1966,"09",10.9
"V",1966,"10",8
"V",1966,"11",-2
"V",1966,"12",-3.6
"V",1967,"01",-4.5
"V",1967,"02",-2.2
"V",1967,"03",0.4
"V",1967,"04",1.6
"V",1967,"05",7.6
"V",1967,"06",9.8
"V",1967,"07",14.4
"V",1967,"08",12.5
"V",1967,"09",9.4
"V",1967,"10",8
"V",1967,"11",2
"V",1967,"12",-4.9
"V",1968,"01",-5.8
"V",1968,"02",-1.9
"V",1968,"03",-0.5
"V",1968,"04",4.7
"V",1968,"05",7.2
"V",1968,"06",10.7
"V",1968,"07",11.6
"V",1968,"08",10.9
"V",1968,"09",8.9
"V",1968,"10",7.2
"V",1968,"11",1
"V",1968,"12",-5.2
"V",1969,"01",-3
"V",1969,"02",-5.6
"V",1969,"03",-0.6
"V",1969,"04",2.5
"V",1969,"05",9.4
"V",1969,"06",9
"V",1969,"07",13.6
"V",1969,"08",11.1
"V",1969,"09",10.8
"V",1969,"10",7
"V",1969,"11",0.5
"V",1969,"12",-7.9
"V",1970,"01",-2.9
"V",1970,"02",-4.5
"V",1970,"03",-3.4
"V",1970,"04",0.4
"V",1970,"05",5.7
"V",1970,"06",12
"V",1970,"07",12.2
"V",1970,"08",12.3
"V",1970,"09",10.6
"V",1970,"10",5
"V",1970,"11",2.3
"V",1970,"12",-4.3
"V",1971,"01",-3.9
"V",1971,"02",-4.5
"V",1971,"03",-4.5
"V",1971,"04",5.4
"V",1971,"05",9
"V",1971,"06",9.2
"V",1971,"07",13.9
"V",1971,"08",14.2
"V",1971,"09",8.2
"V",1971,"10",6
"V",1971,"11",-0.6
"V",1971,"12",-1.5
"V",1972,"01",-3.8
"V",1972,"02",-0.1
"V",1972,"03",2.2
"V",1972,"04",2.5
"V",1972,"05",6.7
"V",1972,"06",10.1
"V",1972,"07",12.1
"V",1972,"08",11.9
"V",1972,"09",6.3
"V",1972,"10",3.6
"V",1972,"11",0.5
"V",1972,"12",-2.1
"V",1973,"01",-3.4
"V",1973,"02",-5.2
"V",1973,"03",-2.3
"V",1973,"04",0
"V",1973,"05",8.7
"V",1973,"06",11.7
"V",1973,"07",11.9
"V",1973,"08",14.5
"V",1973,"09",10.7
"V",1973,"10",4.3
"V",1973,"11",0.1
"V",1973,"12",-3
"V",1974,"01",-0.4
"V",1974,"02",-1.1
"V",1974,"03",1.7
"V",1974,"04",2.6
"V",1974,"05",6.7
"V",1974,"06",9.2
"V",1974,"07",12.2
"V",1974,"08",13.6
"V",1974,"09",9.5
"V",1974,"10",-0.2
"V",1974,"11",0.1
"V",1974,"12",-1.2
"V",1975,"01",-0.3
"V",1975,"02",-2.5
"V",1975,"03",-0.8
"V",1975,"04",2.6
"V",1975,"05",7.8
"V",1975,"06",9.3
"V",1975,"07",12.8
"V",1975,"08",12.5
"V",1975,"09",12.2
"V",1975,"10",4.2
"V",1975,"11",-0.5
"V",1975,"12",-3.6
"V",1976,"01",-3.5
"V",1976,"02",-1.8
"V",1976,"03",-1.4
"V",1976,"04",2.7
"V",1976,"05",8.5
"V",1976,"06",12.5
"V",1976,"07",13.6
"V",1976,"08",10.3
"V",1976,"09",7.9
"V",1976,"10",7.4
"V",1976,"11",-0.1
"V",1976,"12",-5.2
"V",1977,"01",-2.9
"V",1977,"02",-0.9
"V",1977,"03",2.9
"V",1977,"04",1.5
"V",1977,"05",7.1
"V",1977,"06",10.4
"V",1977,"07",12.4
"V",1977,"08",11
"V",1977,"09",8.1
"V",1977,"10",7.7
"V",1977,"11",-0.2
"V",1977,"12",-1.4
"V",1978,"01",-4
"V",1978,"02",-3.9
"V",1978,"03",0.1
"V",1978,"04",2
"V",1978,"05",5.8
"V",1978,"06",10
"V",1978,"07",11.5
"V",1978,"08",11.2
"V",1978,"09",8.9
"V",1978,"10",5.1
"V",1978,"11",0.7
"V",1978,"12",-1.8
"V",1979,"01",-6.3
"V",1979,"02",-2.3
"V",1979,"03",0.7
"V",1979,"04",0.8
"V",1979,"05",7.2
"V",1979,"06",11.2
"V",1979,"07",11.8
"V",1979,"08",11.3
"V",1979,"09",9.7
"V",1979,"10",7.5
"V",1979,"11",-1.1
"V",1979,"12",-0.8
"V",1980,"01",-5.3
"V",1980,"02",-1.5
"V",1980,"03",0
"V",1980,"04",0.3
"V",1980,"05",5.7
"V",1980,"06",9.2
"V",1980,"07",10.8
"V",1980,"08",13.7
"V",1980,"09",11
"V",1980,"10",4.3
"V",1980,"11",-0.6
"V",1980,"12",-4.9
"V",1981,"01",-6.7
"V",1981,"02",-5.9
"V",1981,"03",2.3
"V",1981,"04",4.7
"V",1981,"05",7.7
"V",1981,"06",11.3
"V",1981,"07",11.6
"V",1981,"08",12.8
"V",1981,"09",10.4
"V",1981,"10",5.2
"V",1981,"11",-0.6
"V",1981,"12",-4.1
"V",1982,"01",-2.8
"V",1982,"02",-3.6
"V",1982,"03",-1.2
"V",1982,"04",1.7
"V",1982,"05",8.4
"V",1982,"06",12.6
"V",1982,"07",14.7
"V",1982,"08",12.5
"V",1982,"09",12.3
"V",1982,"10",5.6
"V",1982,"11",2.6
"V",1982,"12",-1.9
"V",1983,"01",-1
"V",1983,"02",-5.9
"V",1983,"03",0.7
"V",1983,"04",4.5
"V",1983,"05",6.8
"V",1983,"06",11.7
"V",1983,"07",17
"V",1983,"08",13.1
"V",1983,"09",10.4
"V",1983,"10",6.3
"V",1983,"11",0.4
"V",1983,"12",-2.5
"V",1984,"01",-3.7
"V",1984,"02",-5.7
"V",1984,"03",-2.8
"V",1984,"04",1.7
"V",1984,"05",5.7
"V",1984,"06",10
"V",1984,"07",12.9
"V",1984,"08",12.3
"V",1984,"09",8.1
"V",1984,"10",6.6
"V",1984,"11",3.8
"V",1984,"12",-1.9
"V",1985,"01",-8.2
"V",1985,"02",-3.8
"V",1985,"03",-1.3
"V",1985,"04",2.9
"V",1985,"05",8.5
"V",1985,"06",9.2
"V",1985,"07",14.4
"V",1985,"08",12.5
"V",1985,"09",11.5
"V",1985,"10",6.2
"V",1985,"11",-2.6
"V",1985,"12",0.3
"V",1986,"01",-4.2
"V",1986,"02",-8.3
"V",1986,"03",0
"V",1986,"04",2.3
"V",1986,"05",10
"V",1986,"06",11.1
"V",1986,"07",12.6
"V",1986,"08",12.8
"V",1986,"09",10.2
"V",1986,"10",7
"V",1986,"11",1.7
"V",1986,"12",-2.5
"V",1987,"01",-7.1
"V",1987,"02",-2.2
"V",1987,"03",-3.8
"V",1987,"04",4.4
"V",1987,"05",4.9
"V",1987,"06",9.5
"V",1987,"07",13.4
"V",1987,"08",12.4
"V",1987,"09",12.6
"V",1987,"10",7.4
"V",1987,"11",0.9
"V",1987,"12",-0.8
"V",1988,"01",0.1
"V",1988,"02",-3
"V",1988,"03",-2.2
"V",1988,"04",4.5
"V",1988,"05",9.3
"V",1988,"06",10.4
"V",1988,"07",13.8
"V",1988,"08",13.2
"V",1988,"09",9.5
"V",1988,"10",8
"V",1988,"11",-0.9
"V",1988,"12",-1.5
"V",1989,"01",-1.4
"V",1989,"02",0.1
"V",1989,"03",3.2
"V",1989,"04",3.1
"V",1989,"05",8.6
"V",1989,"06",9.6
"V",1989,"07",13.3
"V",1989,"08",12.8
"V",1989,"09",9.8
"V",1989,"10",6.5
"V",1989,"11",-0.2
"V",1989,"12",-0.7
"V",1990,"01",-2.1
"V",1990,"02",1.5
"V",1990,"03",2.5
"V",1990,"04",2.3
"V",1990,"05",9.6
"V",1990,"06",10.6
"V",1990,"07",13.3
"V",1990,"08",13.8
"V",1990,"09",8.8
"V",1990,"10",8.2
"V",1990,"11",0.1
"V",1990,"12",-4.7
"V",1991,"01",-2.7
"V",1991,"02",-4.9
"V",1991,"03",3.4
"V",1991,"04",2
"V",1991,"05",4.3
"V",1991,"06",10.2
"V",1991,"07",14.9
"V",1991,"08",14.2
"V",1991,"09",12.2
"V",1991,"10",4.8
"V",1991,"11",0.3
"V",1991,"12",-3.8
"V",1992,"01",-3.1
"V",1992,"02",-2.2
"V",1992,"03",0.4
"V",1992,"04",3.2
"V",1992,"05",10
"V",1992,"06",11.2
"V",1992,"07",14.5
"V",1992,"08",16.4
"V",1992,"09",10.5
"V",1992,"10",3.9
"V",1992,"11",3
"V",1992,"12",-2
"V",1993,"01",-0.6
"V",1993,"02",-3
"V",1993,"03",-1
"V",1993,"04",5.2
"V",1993,"05",10.3
"V",1993,"06",11.9
"V",1993,"07",12
"V",1993,"08",13.2
"V",1993,"09",9.1
"V",1993,"10",5.5
"V",1993,"11",-1.3
"V",1993,"12",-1
"V",1994,"01",-1.8
"V",1994,"02",-2.6
"V",1994,"03",4.1
"V",1994,"04",2.5
"V",1994,"05",8.9
"V",1994,"06",12.1
"V",1994,"07",16.3
"V",1994,"08",14.7
"V",1994,"09",10.3
"V",1994,"10",5.7
"V",1994,"11",4.4
"V",1994,"12",-0.8
"V",1995,"01",-4.8
"V",1995,"02",0.1
"V",1995,"03",-1.8
"V",1995,"04",3.9
"V",1995,"05",8.3
"V",1995,"06",9.4
"V",1995,"07",15.9
"V",1995,"08",12.2
"V",1995,"09",7.6
"V",1995,"10",9.1
"V",1995,"11",-0.2
"V",1995,"12",-2.9
"V",1996,"01",-2
"V",1996,"02",-4.6
"V",1996,"03",-2
"V",1996,"04",4.1
"V",1996,"05",8.3
"V",1996,"06",12.2
"V",1996,"07",12.5
"V",1996,"08",12.1
"V",1996,"09",6.6
"V",1996,"10",5.3
"V",1996,"11",0.9
"V",1996,"12",-3.2
"V",1997,"01",-2
"V",1997,"02",-0.4
"V",1997,"03",2.3
"V",1997,"04",1.8
"V",1997,"05",8.6
"V",1997,"06",11.1
"V",1997,"07",11.9
"V",1997,"08",14.3
"V",1997,"09",11.8
"V",1997,"10",5.4
"V",1997,"11",1.6
"V",1997,"12",-0.9
"V",1998,"01",-1.9
"V",1998,"02",0.7
"V",1998,"03",-0.2
"V",1998,"04",3.7
"V",1998,"05",9.3
"V",1998,"06",12.6
"V",1998,"07",13.7
"V",1998,"08",13.9
"V",1998,"09",9.3
"V",1998,"10",5.2
"V",1998,"11",-2.8
"V",1998,"12",-2.8
"V",1999,"01",-1.4
"V",1999,"02",-5.4
"V",1999,"03",1
"V",1999,"04",3.8
"V",1999,"05",10.2
"V",1999,"06",10.6
"V",1999,"07",14
"V",1999,"08",13.4
"V",1999,"09",12.2
"V",1999,"10",6.4
"V",1999,"11",-1.3
"V",1999,"12",-3
"V",2000,"01",-4.4
"V",2000,"02",-1.6
"V",2000,"03",0.6
"V",2000,"04",5.3
"V",2000,"05",10.4
"V",2000,"06",13.7
"V",2000,"07",11.1
"V",2000,"08",14.5
"V",2000,"09",10.7
"V",2000,"10",6.9
"V",2000,"11",1.6
"V",2000,"12",0.5
"V",2001,"01",-2.4
"V",2001,"02",-1.7
"V",2001,"03",2.6
"V",2001,"04",2
"V",2001,"05",11
"V",2001,"06",10.4
"V",2001,"07",14
"V",2001,"08",14.7
"V",2001,"09",6.8
"V",2001,"10",9.6
"V",2001,"11",-0.7
"V",2001,"12",-5.3
"V",2002,"01",-2.9
"V",2002,"02",0.7
"V",2002,"03",2.4
"V",2002,"04",3.5
"V",2002,"05",9.2
"V",2002,"06",14.4
"V",2002,"07",13.6
"V",2002,"08",13.1
"V",2002,"09",8.2
"V",2002,"10",5.9
"V",2002,"11",3
"V",2002,"12",-0.3
"V",2003,"01",-4.2
"V",2003,"02",-6.1
"V",2003,"03",2.2
"V",2003,"04",3.5
"V",2003,"05",10.6
"V",2003,"06",16.9
"V",2003,"07",14.7
"V",2003,"08",17.5
"V",2003,"09",9.9
"V",2003,"10",2.7
"V",2003,"11",2.9
"V",2003,"12",-1.5
"V",2004,"01",-4.2
"V",2004,"02",-2.3
"V",2004,"03",-0.2
"V",2004,"04",4.3
"V",2004,"05",6.9
"V",2004,"06",11.6
"V",2004,"07",13.3
"V",2004,"08",14.1
"V",2004,"09",10.4
"V",2004,"10",8.1
"V",2004,"11",0.3
"V",2004,"12",-2.4
"V",2005,"01",-4.8
"V",2005,"02",-6.7
"V",2005,"03",0.3
"V",2005,"04",4.4
"V",2005,"05",9.4
"V",2005,"06",13.1
"V",2005,"07",13.4
"V",2005,"08",11.3
"V",2005,"09",10.9
"V",2005,"10",7.6
"V",2005,"11",-0.1
"V",2005,"12",-5
"V",2006,"01",-5.2
"V",2006,"02",-4.1
"V",2006,"03",-1.8
"V",2006,"04",4.1
"V",2006,"05",8.8
"V",2006,"06",12.8
"V",2006,"07",17.2
"V",2006,"08",10
"V",2006,"09",13.1
"V",2006,"10",9.1
"V",2006,"11",3
"V",2006,"12",-0.2
"V",2007,"01",-0.2
"V",2007,"02",0
"V",2007,"03",1
"V",2007,"04",8.6
"V",2007,"05",10.2
"V",2007,"06",13
"V",2007,"07",13.7
"V",2007,"08",12.8
"V",2007,"09",8.1
"V",2007,"10",5.2
"V",2007,"11",-0.8
"V",2007,"12",-2.7
"V",2008,"01",-0.5
"V",2008,"02",-0.4
"V",2008,"03",-0.7
"V",2008,"04",2.9
"V",2008,"05",10.4
"V",2008,"06",13.1
"V",2008,"07",13.3
"V",2008,"08",13.8
"V",2008,"09",8.6
"V",2008,"10",6.8
"V",2008,"11",1.2
"V",2008,"12",-2.7
"V",2009,"01",-4.7
"V",2009,"02",-4
"V",2009,"03",-0.9
"V",2009,"04",6.4
"V",2009,"05",10.7
"V",2009,"06",11.4
"V",2009,"07",14.1
"V",2009,"08",15.4
"V",2009,"09",11.4
"V",2009,"10",5.3
"V",2009,"11",3.1
"V",2009,"12",-3.4
"V",2010,"01",-5.5
"V",2010,"02",-3.3
"V",2010,"03",-0.4
"V",2010,"04",4.7
"V",2010,"05",6.8
"V",2010,"06",12.3
"V",2010,"07",15.6
"V",2010,"08",12.6
"V",2010,"09",8.9
"V",2010,"10",5
"V",2010,"11",1
"V",2010,"12",-4.2
"V",2011,"01",-3.1
"V",2011,"02",-1.1
"V",2011,"03",1.9
"V",2011,"04",7.1
"V",2011,"05",10.2
"V",2011,"06",12.1
"V",2011,"07",11.9
"V",2011,"08",15.1
"V",2011,"09",12.3
"V",2011,"10",5.8
"V",2011,"11",4.1
"V",2011,"12",-1.2
"V",2012,"01",-3.5
"V",2012,"02",-7.7
"V",2012,"03",3.1
"V",2012,"04",4.1
"V",2012,"05",9.6
"V",2012,"06",13.4
"V",2012,"07",13.9
"V",2012,"08",15.3
"V",2012,"09",10.5
"V",2012,"10",6.7
"V",2012,"11",2.9
"V",2012,"12",-2.7
"V",2013,"01",-2.9
"V",2013,"02",-6
"V",2013,"03",-0.9
"V",2013,"04",4.9
"V",2013,"05",7
"V",2013,"06",11.3
"V",2013,"07",15.8
"V",2013,"08",14.3
"V",2013,"09",10.3
"V",2013,"10",7.5
"V",2013,"11",0.2
"V",2013,"12",-0.3
"V",2014,"01",-0.4
"V",2014,"02",0.1
"V",2014,"03",2.7
"V",2014,"04",5.8
"V",2014,"05",7.9
"V",2014,"06",12.9
"V",2014,"07",13.5
"V",2014,"08",11.6
"V",2014,"09",10.6
"V",2014,"10",8.2
"V",2014,"11",5
"V",2014,"12",-0.7
"V",2015,"01",-2.1
"V",2015,"02",-3.6
"V",2015,"03",1.2
"V",2015,"04",4.5
"V",2015,"05",9.3
"V",2015,"06",13.2
"V",2015,"07",17.5
"V",2015,"08",16
"V",2015,"09",8.8
"V",2015,"10",5.8
"V",2015,"11",4.1
"V",2015,"12",1.8
"V",2016,"01",-1.6
"V",2016,"02",-0.1
"V",2016,"03",0
"V",2016,"04",5.1
"V",2016,"05",8.3
"V",2016,"06",12.4
"V",2016,"07",14.9
"V",2016,"08",14.2
"V",2016,"09",12.3
"V",2016,"10",5.2
"V",2016,"11",1.6
"V",2016,"12",-0.7
"V",2017,"01",-5.9
"V",2017,"02",0.5
"V",2017,"03",3.7
"V",2017,"04",3.7
"V",2017,"05",9.9
"V",2017,"06",15.2
"V",2017,"07",14.4
"V",2017,"08",15.3
"V",2017,"09",8
"V",2017,"10",7.3
"V",2017,"11",0.3
"V",2017,"12",-3
"V",2018,"01",-0.5
"V",2018,"02",-6.1
"V",2018,"03",0
"V",2018,"04",8.1
"V",2018,"05",11.1
"V",2018,"06",13.4
"V",2018,"07",15.7
"V",2018,"08",15.9
"V",2018,"09",12.1
"V",2018,"10",8
"V",2018,"11",3.2
"V",2018,"12",-1.2
"V",2019,"01",-5.3
"V",2019,"02",0.1
"V",2019,"03",1.7
"V",2019,"04",5
"V",2019,"05",5.7
"V",2019,"06",16.2
"V",2019,"07",15.4
"V",2019,"08",14.6
"V",2019,"09",10.7
"V",2019,"10",8.7
"V",2019,"11",1.7
"V",2019,"12",-0.2
"V",2020,"01",-0.6
"V",2020,"02",0.7
"V",2020,"03",0.7
"V",2020,"04",7.4
"V",2020,"05",9
"V",2020,"06",11.8
"V",2020,"07",14.9
"V",2020,"08",15.1
"V",2020,"09",11.5
"V",2020,"10",5.3
"V",2020,"11",3.5
"V",2020,"12",-1.5
"V",2021,"01",-4.9
"V",2021,"02",0.4
"V",2021,"03",0.1
"V",2021,"04",2.4
"V",2021,"05",6.6
"V",2021,"06",14.9
"V",2021,"07",13.9
"V",2021,"08",12.5
"V",2021,"09",12.1
"V",2021,"10",6.1
"V",2021,"11",1.1
"V",2021,"12",-1.5
"V",2022,"01",-2.2
"V",2022,"02",-1.2
"V",2022,"03",1.7
"V",2022,"04",4.2
"V",2022,"05",11.2
"V",2022,"06",15.2
"V",2022,"07",16.1
"V",2022,"08",15.2
"V",2022,"09",9.6
"V",2022,"10",10.3
"V",2022,"11",2.6
"V",2022,"12",-0.8
"V",2023,"01",-2.3
"V",2023,"02",-0.8
"V",2023,"03",2
"V",2023,"04",3.1
"V",2023,"05",9.2
"V",2023,"06",14.8
"V",2023,"07",15.6
"V",2023,"08",15.2
"V",2023,"09",14
"V",2023,"10",9.9
"V",2023,"11",0.8
"V",2023,"12",0.3
"V",2024,"01",-1.4
"V",2024,"02",2.4
"V",2024,"03",3.4
"V",2024,"04",5.4
"V",2024,"05",9.5
"V",2024,"06",13.6
"V",2024,"07",16.2
"V",2024,"08",17.1
"V",2024,"09",10.3
"V",2024,"10",8.7
"V",2024,"11",2.6
"V",2024,"12",-1.2
"V",2025,"01",-0.7
"V",2025,"02",0.3
"V",2025,"03",2.8
"V",2025,"04",6.6
"V",2025,"05",8.7
"V",2025,"06",16.7
"V",2025,"07",13.7
"V",2025,"08",15.2
"V",2025,"09",11.7
"V",2025,"10",5.3
"V",2025,"11",1.5
"V",2025,"12",-0.4
"W",1850,"01",-5.2
"W",1850,"02",3.4
"W",1850,"03",1.6
"W",1850,"04",9.8
"W",1850,"05",14
"W",1850,"06",17.5
"W",1850,"07",17.9
"W",1850,"08",19.2
"W",1850,"09",12.4
"W",1850,"10",8.5
"W",1850,"11",5.3
"W",1850,"12",0.8
"W",1851,"01",-1
"W",1851,"02",0.5
"W",1851,"03",4.4
"W",1851,"04",10
"W",1851,"05",10.6
"W",1851,"06",16.2
"W",1851,"07",16.9
"W",1851,"08",17.5
"W",1851,"09",12.3
"W",1851,"10",11.9
"W",1851,"11",1.2
"W",1851,"12",0.5
"W",1852,"01",1
"W",1852,"02",2.7
"W",1852,"03",1.4
"W",1852,"04",5.9
"W",1852,"05",14.1
"W",1852,"06",18
"W",1852,"07",20
"W",1852,"08",19
"W",1852,"09",15.1
"W",1852,"10",8
"W",1852,"11",6.9
"W",1852,"12",3.1
"W",1853,"01",0.7
"W",1853,"02",-0.5
"W",1853,"03",0.7
"W",1853,"04",6
"W",1853,"05",13.7
"W",1853,"06",17.6
"W",1853,"07",20
"W",1853,"08",19.2
"W",1853,"09",14.8
"W",1853,"10",10.4
"W",1853,"11",2.5
"W",1853,"12",-4.3
"W",1854,"01",-1.4
"W",1854,"02",0
"W",1854,"03",3.3
"W",1854,"04",8.7
"W",1854,"05",15.2
"W",1854,"06",16.5
"W",1854,"07",19.4
"W",1854,"08",17.6
"W",1854,"09",14.3
"W",1854,"10",10
"W",1854,"11",1.9
"W",1854,"12",3
"W",1855,"01",-2.7
"W",1855,"02",-3.5
"W",1855,"03",3.8
"W",1855,"04",7.8
"W",1855,"05",13.6
"W",1855,"06",18.2
"W",1855,"07",19.4
"W",1855,"08",19.7
"W",1855,"09",14.4
"W",1855,"10",12.9
"W",1855,"11",3.8
"W",1855,"12",-5.7
"W",1856,"01",-0.1
"W",1856,"02",2.4
"W",1856,"03",1.5
"W",1856,"04",11.2
"W",1856,"05",14.3
"W",1856,"06",19.2
"W",1856,"07",17.3
"W",1856,"08",20.2
"W",1856,"09",14
"W",1856,"10",10.5
"W",1856,"11",0.3
"W",1856,"12",-1.4
"W",1857,"01",-1.9
"W",1857,"02",-3.1
"W",1857,"03",2.9
"W",1857,"04",9.5
"W",1857,"05",14
"W",1857,"06",17.6
"W",1857,"07",21
"W",1857,"08",20.5
"W",1857,"09",16
"W",1857,"10",13
"W",1857,"11",2.1
"W",1857,"12",1
"W",1858,"01",-3.7
"W",1858,"02",-6.9
"W",1858,"03",1.9
"W",1858,"04",8.4
"W",1858,"05",12.9
"W",1858,"06",19.8
"W",1858,"07",19
"W",1858,"08",17.8
"W",1858,"09",16.9
"W",1858,"10",11.4
"W",1858,"11",-0.8
"W",1858,"12",0.5
"W",1859,"01",-0.9
"W",1859,"02",2.7
"W",1859,"03",6.9
"W",1859,"04",9.3
"W",1859,"05",14.4
"W",1859,"06",18
"W",1859,"07",22.9
"W",1859,"08",21.4
"W",1859,"09",14.3
"W",1859,"10",11.2
"W",1859,"11",2.8
"W",1859,"12",-3.3
"W",1860,"01",0.6
"W",1860,"02",-0.9
"W",1860,"03",1.9
"W",1860,"04",8.7
"W",1860,"05",15
"W",1860,"06",18.1
"W",1860,"07",16.8
"W",1860,"08",18.7
"W",1860,"09",15.4
"W",1860,"10",8.5
"W",1860,"11",1.7
"W",1860,"12",-1.2
"W",1861,"01",-4.6
"W",1861,"02",2.6
"W",1861,"03",4.9
"W",1861,"04",6.7
"W",1861,"05",11.7
"W",1861,"06",18.7
"W",1861,"07",19.7
"W",1861,"08",20.9
"W",1861,"09",16
"W",1861,"10",10.5
"W",1861,"11",3.8
"W",1861,"12",-1.7
"W",1862,"01",-3.1
"W",1862,"02",-0.6
"W",1862,"03",6.6
"W",1862,"04",12
"W",1862,"05",15.7
"W",1862,"06",17.3
"W",1862,"07",19.8
"W",1862,"08",18.1
"W",1862,"09",16.2
"W",1862,"10",11.8
"W",1862,"11",3.7
"W",1862,"12",-0.6
"W",1863,"01",2.8
"W",1863,"02",2.7
"W",1863,"03",6.2
"W",1863,"04",8.8
"W",1863,"05",15.6
"W",1863,"06",17.7
"W",1863,"07",18.9
"W",1863,"08",21.1
"W",1863,"09",16
"W",1863,"10",11.9
"W",1863,"11",5
"W",1863,"12",2
"W",1864,"01",-6.7
"W",1864,"02",-0.3
"W",1864,"03",5.5
"W",1864,"04",6
"W",1864,"05",11.4
"W",1864,"06",17.6
"W",1864,"07",17.5
"W",1864,"08",16.5
"W",1864,"09",15.1
"W",1864,"10",8.1
"W",1864,"11",2.7
"W",1864,"12",-3.8
"W",1865,"01",-0.3
"W",1865,"02",-4.6
"W",1865,"03",-0.3
"W",1865,"04",11.3
"W",1865,"05",17.8
"W",1865,"06",15.8
"W",1865,"07",21.9
"W",1865,"08",18.7
"W",1865,"09",15.9
"W",1865,"10",10.2
"W",1865,"11",5.2
"W",1865,"12",-0.2
"W",1866,"01",1.1
"W",1866,"02",3.6
"W",1866,"03",4.7
"W",1866,"04",11.5
"W",1866,"05",12
"W",1866,"06",19.9
"W",1866,"07",18.6
"W",1866,"08",17
"W",1866,"09",17.2
"W",1866,"10",7.8
"W",1866,"11",4.6
"W",1866,"12",-0.3
"W",1867,"01",-0.5
"W",1867,"02",4.3
"W",1867,"03",2.8
"W",1867,"04",9.7
"W",1867,"05",13.9
"W",1867,"06",17.3
"W",1867,"07",18.3
"W",1867,"08",19.9
"W",1867,"09",16.4
"W",1867,"10",9.1
"W",1867,"11",2.2
"W",1867,"12",-1.9
"W",1868,"01",-1.5
"W",1868,"02",3.9
"W",1868,"03",4.3
"W",1868,"04",8.9
"W",1868,"05",18.2
"W",1868,"06",19.4
"W",1868,"07",19.9
"W",1868,"08",20.1
"W",1868,"09",17.8
"W",1868,"10",11.9
"W",1868,"11",3.2
"W",1868,"12",3.6
"W",1869,"01",-2.2
"W",1869,"02",5.1
"W",1869,"03",2.9
"W",1869,"04",11.9
"W",1869,"05",17
"W",1869,"06",15.6
"W",1869,"07",21.1
"W",1869,"08",17.9
"W",1869,"09",16.6
"W",1869,"10",7.4
"W",1869,"11",4.5
"W",1869,"12",1.1
"W",1870,"01",-1.3
"W",1870,"02",-4.6
"W",1870,"03",1.3
"W",1870,"04",8.4
"W",1870,"05",15.7
"W",1870,"06",17.3
"W",1870,"07",20.5
"W",1870,"08",17.5
"W",1870,"09",13.4
"W",1870,"10",9.2
"W",1870,"11",5.3
"W",1870,"12",-4.2
"W",1871,"01",-4.4
"W",1871,"02",-1
"W",1871,"03",4.4
"W",1871,"04",8.9
"W",1871,"05",10.8
"W",1871,"06",14.9
"W",1871,"07",19.8
"W",1871,"08",19.3
"W",1871,"09",15.5
"W",1871,"10",7.3
"W",1871,"11",2.3
"W",1871,"12",-6.9
"W",1872,"01",-1.6
"W",1872,"02",0.3
"W",1872,"03",6.1
"W",1872,"04",11.6
"W",1872,"05",16.4
"W",1872,"06",17.1
"W",1872,"07",20
"W",1872,"08",17.7
"W",1872,"09",16
"W",1872,"10",12.3
"W",1872,"11",5.9
"W",1872,"12",3.3
"W",1873,"01",1
"W",1873,"02",0.1
"W",1873,"03",6.6
"W",1873,"04",8.3
"W",1873,"05",11.1
"W",1873,"06",17.1
"W",1873,"07",21.2
"W",1873,"08",20.8
"W",1873,"09",13.8
"W",1873,"10",11.8
"W",1873,"11",5.1
"W",1873,"12",1.1
"W",1874,"01",-1.1
"W",1874,"02",-0.1
"W",1874,"03",3.5
"W",1874,"04",10.8
"W",1874,"05",10.1
"W",1874,"06",17.9
"W",1874,"07",22.1
"W",1874,"08",17.6
"W",1874,"09",16.9
"W",1874,"10",10
"W",1874,"11",0.8
"W",1874,"12",-1.2
"W",1875,"01",-0.3
"W",1875,"02",-4.8
"W",1875,"03",-0.2
"W",1875,"04",8.3
"W",1875,"05",15.2
"W",1875,"06",20.1
"W",1875,"07",19.4
"W",1875,"08",19.9
"W",1875,"09",13.8
"W",1875,"10",7.4
"W",1875,"11",2.7
"W",1875,"12",-2.1
"W",1876,"01",-5
"W",1876,"02",-0.4
"W",1876,"03",5.2
"W",1876,"04",11.5
"W",1876,"05",10.2
"W",1876,"06",18.1
"W",1876,"07",19.4
"W",1876,"08",19.4
"W",1876,"09",13.9
"W",1876,"10",10.7
"W",1876,"11",0.1
"W",1876,"12",1.9
"W",1877,"01",1.1
"W",1877,"02",2.5
"W",1877,"03",3.2
"W",1877,"04",7.4
"W",1877,"05",11.4
"W",1877,"06",19.5
"W",1877,"07",19
"W",1877,"08",20.7
"W",1877,"09",12.2
"W",1877,"10",7.5
"W",1877,"11",4.6
"W",1877,"12",-0.3
"W",1878,"01",-1.8
"W",1878,"02",2.6
"W",1878,"03",4.2
"W",1878,"04",9.9
"W",1878,"05",14.1
"W",1878,"06",17.4
"W",1878,"07",18.2
"W",1878,"08",18.7
"W",1878,"09",15.9
"W",1878,"10",10.6
"W",1878,"11",3.6
"W",1878,"12",-2
"W",1879,"01",-2.3
"W",1879,"02",1.3
"W",1879,"03",3
"W",1879,"04",8.4
"W",1879,"05",12
"W",1879,"06",18.1
"W",1879,"07",17
"W",1879,"08",19.6
"W",1879,"09",15.8
"W",1879,"10",8.4
"W",1879,"11",0.7
"W",1879,"12",-7.4
"W",1880,"01",-2.4
"W",1880,"02",-1.8
"W",1880,"03",3.4
"W",1880,"04",11.2
"W",1880,"05",12.3
"W",1880,"06",17.1
"W",1880,"07",20.8
"W",1880,"08",17.4
"W",1880,"09",15.2
"W",1880,"10",9.4
"W",1880,"11",4.8
"W",1880,"12",3.8
"W",1881,"01",-5
"W",1881,"02",-0.7
"W",1881,"03",3.9
"W",1881,"04",6.4
"W",1881,"05",13.2
"W",1881,"06",16.8
"W",1881,"07",21
"W",1881,"08",19.2
"W",1881,"09",13
"W",1881,"10",6.3
"W",1881,"11",2.8
"W",1881,"12",0.7
"W",1882,"01",0.3
"W",1882,"02",1.7
"W",1882,"03",8.8
"W",1882,"04",9.1
"W",1882,"05",14.5
"W",1882,"06",15.8
"W",1882,"07",19.7
"W",1882,"08",16.6
"W",1882,"09",14.9
"W",1882,"10",10.2
"W",1882,"11",4.5
"W",1882,"12",1.2
"W",1883,"01",-1.9
"W",1883,"02",1.3
"W",1883,"03",-0.2
"W",1883,"04",6.9
"W",1883,"05",14.4
"W",1883,"06",17.7
"W",1883,"07",19
"W",1883,"08",18.3
"W",1883,"09",14.7
"W",1883,"10",9.6
"W",1883,"11",3.5
"W",1883,"12",0.6
"W",1884,"01",2.2
"W",1884,"02",1.8
"W",1884,"03",5.2
"W",1884,"04",7.4
"W",1884,"05",14.9
"W",1884,"06",14.5
"W",1884,"07",20
"W",1884,"08",18.2
"W",1884,"09",15
"W",1884,"10",8.8
"W",1884,"11",2
"W",1884,"12",1.7
"W",1885,"01",-3.9
"W",1885,"02",1.6
"W",1885,"03",4.7
"W",1885,"04",11.5
"W",1885,"05",12.3
"W",1885,"06",19
"W",1885,"07",20.1
"W",1885,"08",17.3
"W",1885,"09",15
"W",1885,"10",9.4
"W",1885,"11",4.1
"W",1885,"12",-1
"W",1886,"01",-1.9
"W",1886,"02",-2.2
"W",1886,"03",0.6
"W",1886,"04",10.5
"W",1886,"05",14.1
"W",1886,"06",16
"W",1886,"07",19.2
"W",1886,"08",19.2
"W",1886,"09",16.7
"W",1886,"10",10.9
"W",1886,"11",4.9
"W",1886,"12",1.1
"W",1887,"01",-4
"W",1887,"02",-1.9
"W",1887,"03",2
"W",1887,"04",9.2
"W",1887,"05",12.3
"W",1887,"06",16.8
"W",1887,"07",21.9
"W",1887,"08",18.4
"W",1887,"09",15.5
"W",1887,"10",6.9
"W",1887,"11",4
"W",1887,"12",-1.4
"W",1888,"01",-2.9
"W",1888,"02",-2.8
"W",1888,"03",3
"W",1888,"04",7.7
"W",1888,"05",14.9
"W",1888,"06",17.6
"W",1888,"07",17.6
"W",1888,"08",17.8
"W",1888,"09",14.4
"W",1888,"10",7.7
"W",1888,"11",1.5
"W",1888,"12",0.3
"W",1889,"01",-2.7
"W",1889,"02",-1.2
"W",1889,"03",1.2
"W",1889,"04",9
"W",1889,"05",17.5
"W",1889,"06",19.9
"W",1889,"07",19.2
"W",1889,"08",17.9
"W",1889,"09",12.1
"W",1889,"10",10.7
"W",1889,"11",2.9
"W",1889,"12",-3.7
"W",1890,"01",1.1
"W",1890,"02",-2.5
"W",1890,"03",5.7
"W",1890,"04",8.8
"W",1890,"05",15.3
"W",1890,"06",15.8
"W",1890,"07",18.6
"W",1890,"08",20.5
"W",1890,"09",13.8
"W",1890,"10",8.5
"W",1890,"11",3.6
"W",1890,"12",-5.2
"W",1891,"01",-5.8
"W",1891,"02",-2.2
"W",1891,"03",4.2
"W",1891,"04",6.9
"W",1891,"05",16
"W",1891,"06",17
"W",1891,"07",18.5
"W",1891,"08",17.3
"W",1891,"09",15.2
"W",1891,"10",11.3
"W",1891,"11",2.6
"W",1891,"12",1.2
"W",1892,"01",-1.3
"W",1892,"02",1
"W",1892,"03",1.7
"W",1892,"04",9.7
"W",1892,"05",13.9
"W",1892,"06",17.4
"W",1892,"07",18.5
"W",1892,"08",20.8
"W",1892,"09",15.9
"W",1892,"10",8.8
"W",1892,"11",1.5
"W",1892,"12",-2.1
"W",1893,"01",-8
"W",1893,"02",1.9
"W",1893,"03",5.2
"W",1893,"04",9.5
"W",1893,"05",13.5
"W",1893,"06",17.1
"W",1893,"07",19.4
"W",1893,"08",18.9
"W",1893,"09",14.8
"W",1893,"10",10.7
"W",1893,"11",2.4
"W",1893,"12",0.1
"W",1894,"01",-4.2
"W",1894,"02",2.4
"W",1894,"03",5.7
"W",1894,"04",12.4
"W",1894,"05",14.5
"W",1894,"06",15.9
"W",1894,"07",20.5
"W",1894,"08",18.1
"W",1894,"09",13.1
"W",1894,"10",9.9
"W",1894,"11",4.2
"W",1894,"12",-0.2
"W",1895,"01",-3
"W",1895,"02",-5.6
"W",1895,"03",2.1
"W",1895,"04",8.9
"W",1895,"05",13.3
"W",1895,"06",17.3
"W",1895,"07",20.4
"W",1895,"08",18.1
"W",1895,"09",16.1
"W",1895,"10",8.6
"W",1895,"11",5
"W",1895,"12",-0.3
"W",1896,"01",-4.4
"W",1896,"02",-0.2
"W",1896,"03",5.9
"W",1896,"04",7
"W",1896,"05",12.2
"W",1896,"06",17.7
"W",1896,"07",19.5
"W",1896,"08",16.3
"W",1896,"09",14.8
"W",1896,"10",11
"W",1896,"11",2.7
"W",1896,"12",-0.3
"W",1897,"01",-1.4
"W",1897,"02",1.9
"W",1897,"03",6.7
"W",1897,"04",9
"W",1897,"05",12.3
"W",1897,"06",18.3
"W",1897,"07",19.1
"W",1897,"08",18.8
"W",1897,"09",14.8
"W",1897,"10",8.1
"W",1897,"11",1.9
"W",1897,"12",-0.4
"W",1898,"01",0.5
"W",1898,"02",2
"W",1898,"03",5.3
"W",1898,"04",10.3
"W",1898,"05",14.1
"W",1898,"06",16.4
"W",1898,"07",17.7
"W",1898,"08",19.4
"W",1898,"09",14.9
"W",1898,"10",10.3
"W",1898,"11",6
"W",1898,"12",2.3
"W",1899,"01",2.1
"W",1899,"02",0.9
"W",1899,"03",3.7
"W",1899,"04",9.4
"W",1899,"05",13.1
"W",1899,"06",16.4
"W",1899,"07",19.1
"W",1899,"08",18.1
"W",1899,"09",14.4
"W",1899,"10",8
"W",1899,"11",6.2
"W",1899,"12",-4.6
"W",1900,"01",0.1
"W",1900,"02",3.1
"W",1900,"03",1
"W",1900,"04",7.7
"W",1900,"05",12.4
"W",1900,"06",17.5
"W",1900,"07",20.5
"W",1900,"08",18
"W",1900,"09",15.9
"W",1900,"10",9.8
"W",1900,"11",6.4
"W",1900,"12",1.5
"W",1901,"01",-4.7
"W",1901,"02",-3.9
"W",1901,"03",3.5
"W",1901,"04",9.7
"W",1901,"05",14.8
"W",1901,"06",18.3
"W",1901,"07",20.3
"W",1901,"08",18.7
"W",1901,"09",14
"W",1901,"10",10.9
"W",1901,"11",2.9
"W",1901,"12",2.7
"W",1902,"01",3.1
"W",1902,"02",-0.1
"W",1902,"03",4.2
"W",1902,"04",8.7
"W",1902,"05",10.2
"W",1902,"06",16
"W",1902,"07",17.9
"W",1902,"08",18
"W",1902,"09",13.8
"W",1902,"10",8.5
"W",1902,"11",0.5
"W",1902,"12",-3.1
"W",1903,"01",-2.6
"W",1903,"02",4.1
"W",1903,"03",6.7
"W",1903,"04",6.5
"W",1903,"05",14.1
"W",1903,"06",16.5
"W",1903,"07",18.5
"W",1903,"08",18.1
"W",1903,"09",14.3
"W",1903,"10",10.4
"W",1903,"11",5.5
"W",1903,"12",0.2
"W",1904,"01",-1.9
"W",1904,"02",2
"W",1904,"03",4.3
"W",1904,"04",9.8
"W",1904,"05",13.7
"W",1904,"06",17.7
"W",1904,"07",21.2
"W",1904,"08",19.5
"W",1904,"09",13.1
"W",1904,"10",9.3
"W",1904,"11",3.3
"W",1904,"12",1.4
"W",1905,"01",-3
"W",1905,"02",1.3
"W",1905,"03",5.4
"W",1905,"04",7
"W",1905,"05",13.6
"W",1905,"06",18.2
"W",1905,"07",20.7
"W",1905,"08",19.1
"W",1905,"09",15.8
"W",1905,"10",5.4
"W",1905,"11",4.4
"W",1905,"12",1.5
"W",1906,"01",0
"W",1906,"02",0.3
"W",1906,"03",4.3
"W",1906,"04",9.9
"W",1906,"05",14.5
"W",1906,"06",16.2
"W",1906,"07",19
"W",1906,"08",17.8
"W",1906,"09",13.5
"W",1906,"10",9.2
"W",1906,"11",7.1
"W",1906,"12",-1.7
"W",1907,"01",-0.9
"W",1907,"02",-1.1
"W",1907,"03",2.7
"W",1907,"04",6.6
"W",1907,"05",15.6
"W",1907,"06",17.6
"W",1907,"07",17.4
"W",1907,"08",18.3
"W",1907,"09",14.5
"W",1907,"10",13.4
"W",1907,"11",2.6
"W",1907,"12",2
"W",1908,"01",-2.4
"W",1908,"02",1.8
"W",1908,"03",3.2
"W",1908,"04",7.6
"W",1908,"05",16.3
"W",1908,"06",19.1
"W",1908,"07",19.1
"W",1908,"08",16.8
"W",1908,"09",12.9
"W",1908,"10",9
"W",1908,"11",0.5
"W",1908,"12",-1.5
"W",1909,"01",-2.2
"W",1909,"02",-2.6
"W",1909,"03",2.6
"W",1909,"04",9.7
"W",1909,"05",12.1
"W",1909,"06",16.5
"W",1909,"07",17.6
"W",1909,"08",18.7
"W",1909,"09",14.8
"W",1909,"10",11.1
"W",1909,"11",3.3
"W",1909,"12",1.3
"W",1910,"01",0.5
"W",1910,"02",2.6
"W",1910,"03",5
"W",1910,"04",8.5
"W",1910,"05",13.4
"W",1910,"06",17.6
"W",1910,"07",17.4
"W",1910,"08",17.6
"W",1910,"09",13
"W",1910,"10",9.6
"W",1910,"11",3.3
"W",1910,"12",3.4
"W",1911,"01",-1.2
"W",1911,"02",0.6
"W",1911,"03",5
"W",1911,"04",8.8
"W",1911,"05",13.6
"W",1911,"06",16.4
"W",1911,"07",20.8
"W",1911,"08",20.2
"W",1911,"09",15.4
"W",1911,"10",9
"W",1911,"11",5.5
"W",1911,"12",2.5
"W",1912,"01",-3
"W",1912,"02",2.5
"W",1912,"03",7
"W",1912,"04",7.6
"W",1912,"05",13.5
"W",1912,"06",17.7
"W",1912,"07",18.8
"W",1912,"08",16.4
"W",1912,"09",10.1
"W",1912,"10",6.7
"W",1912,"11",1.6
"W",1912,"12",2.5
"W",1913,"01",-2.1
"W",1913,"02",0.3
"W",1913,"03",6.7
"W",1913,"04",9.1
"W",1913,"05",13.1
"W",1913,"06",16.7
"W",1913,"07",16
"W",1913,"08",16.8
"W",1913,"09",13.9
"W",1913,"10",9.5
"W",1913,"11",6.4
"W",1913,"12",2.7
"W",1914,"01",-4.5
"W",1914,"02",-1.2
"W",1914,"03",5.5
"W",1914,"04",10.9
"W",1914,"05",13.2
"W",1914,"06",16.5
"W",1914,"07",18.1
"W",1914,"08",18.3
"W",1914,"09",13.8
"W",1914,"10",8.8
"W",1914,"11",3.5
"W",1914,"12",2
"W",1915,"01",1.2
"W",1915,"02",0.8
"W",1915,"03",2.8
"W",1915,"04",9
"W",1915,"05",14.6
"W",1915,"06",18.7
"W",1915,"07",18.3
"W",1915,"08",16.5
"W",1915,"09",12.4
"W",1915,"10",7.6
"W",1915,"11",1.9
"W",1915,"12",4.3
"W",1916,"01",4.3
"W",1916,"02",0.9
"W",1916,"03",7.4
"W",1916,"04",9.3
"W",1916,"05",14.5
"W",1916,"06",15.5
"W",1916,"07",18.7
"W",1916,"08",17.7
"W",1916,"09",13
"W",1916,"10",9.1
"W",1916,"11",5.6
"W",1916,"12",3.9
"W",1917,"01",-1.9
"W",1917,"02",-4
"W",1917,"03",1.9
"W",1917,"04",6.2
"W",1917,"05",15.5
"W",1917,"06",19.5
"W",1917,"07",20.2
"W",1917,"08",19.5
"W",1917,"09",16.4
"W",1917,"10",9.1
"W",1917,"11",5.3
"W",1917,"12",-1.5
"W",1918,"01",-0.2
"W",1918,"02",1.5
"W",1918,"03",5.2
"W",1918,"04",11.6
"W",1918,"05",15
"W",1918,"06",15
"W",1918,"07",18.4
"W",1918,"08",17.8
"W",1918,"09",15
"W",1918,"10",9.3
"W",1918,"11",3
"W",1918,"12",2.8
"W",1919,"01",1.5
"W",1919,"02",-0.2
"W",1919,"03",4.5
"W",1919,"04",7.3
"W",1919,"05",10.8
"W",1919,"06",16.5
"W",1919,"07",16.7
"W",1919,"08",18.4
"W",1919,"09",16.3
"W",1919,"10",7.7
"W",1919,"11",2.1
"W",1919,"12",1.4
"W",1920,"01",2.8
"W",1920,"02",3
"W",1920,"03",7.1
"W",1920,"04",11.8
"W",1920,"05",15.7
"W",1920,"06",15.7
"W",1920,"07",19.4
"W",1920,"08",16.9
"W",1920,"09",14.6
"W",1920,"10",7
"W",1920,"11",-0.1
"W",1920,"12",1
"W",1921,"01",4.6
"W",1921,"02",1.3
"W",1921,"03",6.4
"W",1921,"04",8.2
"W",1921,"05",15.8
"W",1921,"06",16.4
"W",1921,"07",20.7
"W",1921,"08",19.8
"W",1921,"09",14.6
"W",1921,"10",11.1
"W",1921,"11",1.5
"W",1921,"12",0.2
"W",1922,"01",-2.4
"W",1922,"02",-2.2
"W",1922,"03",5.5
"W",1922,"04",7.6
"W",1922,"05",14.8
"W",1922,"06",18.1
"W",1922,"07",19
"W",1922,"08",18.1
"W",1922,"09",12.5
"W",1922,"10",6.7
"W",1922,"11",2.8
"W",1922,"12",1.2
"W",1923,"01",1.4
"W",1923,"02",0.5
"W",1923,"03",5.3
"W",1923,"04",7.7
"W",1923,"05",14.9
"W",1923,"06",13.8
"W",1923,"07",20.3
"W",1923,"08",18.4
"W",1923,"09",14.4
"W",1923,"10",11.4
"W",1923,"11",5
"W",1923,"12",-0.7
"W",1924,"01",-2.5
"W",1924,"02",-2.5
"W",1924,"03",3
"W",1924,"04",8
"W",1924,"05",15.4
"W",1924,"06",16.8
"W",1924,"07",18.8
"W",1924,"08",16.4
"W",1924,"09",15.2
"W",1924,"10",9.6
"W",1924,"11",3.1
"W",1924,"12",0
"W",1925,"01",1.3
"W",1925,"02",4
"W",1925,"03",2.7
"W",1925,"04",9.6
"W",1925,"05",15
"W",1925,"06",16.1
"W",1925,"07",18.9
"W",1925,"08",17.9
"W",1925,"09",12.9
"W",1925,"10",9.1
"W",1925,"11",3.8
"W",1925,"12",-0.5
"W",1926,"01",-1
"W",1926,"02",4
"W",1926,"03",4.6
"W",1926,"04",10.6
"W",1926,"05",13
"W",1926,"06",15.2
"W",1926,"07",18.4
"W",1926,"08",17.4
"W",1926,"09",15.6
"W",1926,"10",9.8
"W",1926,"11",8.8
"W",1926,"12",1.1
"W",1927,"01",1.8
"W",1927,"02",0.4
"W",1927,"03",6.8
"W",1927,"04",9.1
"W",1927,"05",12.9
"W",1927,"06",17.8
"W",1927,"07",19.8
"W",1927,"08",19
"W",1927,"09",15.4
"W",1927,"10",9.4
"W",1927,"11",4.3
"W",1927,"12",-3.2
"W",1928,"01",0.7
"W",1928,"02",1.9
"W",1928,"03",2.6
"W",1928,"04",9.6
"W",1928,"05",11.3
"W",1928,"06",16.3
"W",1928,"07",21.4
"W",1928,"08",19.4
"W",1928,"09",14.7
"W",1928,"10",9.7
"W",1928,"11",7.3
"W",1928,"12",-0.2
"W",1929,"01",-4.9
"W",1929,"02",-10.1
"W",1929,"03",2.2
"W",1929,"04",6
"W",1929,"05",14.7
"W",1929,"06",16.9
"W",1929,"07",19.7
"W",1929,"08",19.3
"W",1929,"09",16.3
"W",1929,"10",10.9
"W",1929,"11",5.8
"W",1929,"12",2.6
"W",1930,"01",0.1
"W",1930,"02",-0.8
"W",1930,"03",6
"W",1930,"04",10
"W",1930,"05",13.6
"W",1930,"06",20.1
"W",1930,"07",19
"W",1930,"08",17.8
"W",1930,"09",15.3
"W",1930,"10",9.7
"W",1930,"11",6.5
"W",1930,"12",0.6
"W",1931,"01",0.2
"W",1931,"02",-0.5
"W",1931,"03",1.2
"W",1931,"04",6.9
"W",1931,"05",17.3
"W",1931,"06",19.1
"W",1931,"07",20
"W",1931,"08",17.5
"W",1931,"09",11.3
"W",1931,"10",8.1
"W",1931,"11",3.4
"W",1931,"12",0.2
"W",1932,"01",0.4
"W",1932,"02",-3.1
"W",1932,"03",0.7
"W",1932,"04",9.3
"W",1932,"05",14.7
"W",1932,"06",16.3
"W",1932,"07",20.6
"W",1932,"08",20.5
"W",1932,"09",18.2
"W",1932,"10",10.2
"W",1932,"11",4.3
"W",1932,"12",-0.1
"W",1933,"01",-3.8
"W",1933,"02",1
"W",1933,"03",4.8
"W",1933,"04",7.9
"W",1933,"05",13.1
"W",1933,"06",15.4
"W",1933,"07",19.5
"W",1933,"08",19
"W",1933,"09",14.3
"W",1933,"10",9.4
"W",1933,"11",3.6
"W",1933,"12",-4.3
"W",1934,"01",-0.7
"W",1934,"02",1.2
"W",1934,"03",6.8
"W",1934,"04",12
"W",1934,"05",15.8
"W",1934,"06",17.4
"W",1934,"07",21
"W",1934,"08",19
"W",1934,"09",16.4
"W",1934,"10",9.8
"W",1934,"11",5.9
"W",1934,"12",5.3
"W",1935,"01",-2.5
"W",1935,"02",1.2
"W",1935,"03",2.7
"W",1935,"04",8.7
"W",1935,"05",12.2
"W",1935,"06",19.3
"W",1935,"07",19.7
"W",1935,"08",18.4
"W",1935,"09",15.1
"W",1935,"10",11
"W",1935,"11",5.1
"W",1935,"12",0.5
"W",1936,"01",2.5
"W",1936,"02",1.1
"W",1936,"03",6
"W",1936,"04",9.5
"W",1936,"05",14.6
"W",1936,"06",17.4
"W",1936,"07",19.9
"W",1936,"08",17.4
"W",1936,"09",14.4
"W",1936,"10",6.7
"W",1936,"11",3.6
"W",1936,"12",1.2
"W",1937,"01",-2.9
"W",1937,"02",1.7
"W",1937,"03",5.5
"W",1937,"04",8.9
"W",1937,"05",16.4
"W",1937,"06",18.7
"W",1937,"07",19.3
"W",1937,"08",18.4
"W",1937,"09",14.7
"W",1937,"10",10.6
"W",1937,"11",4.6
"W",1937,"12",0.3
"W",1938,"01",0.7
"W",1938,"02",1.6
"W",1938,"03",8.5
"W",1938,"04",6.2
"W",1938,"05",12.5
"W",1938,"06",18.8
"W",1938,"07",19.5
"W",1938,"08",19
"W",1938,"09",14
"W",1938,"10",10.5
"W",1938,"11",6.4
"W",1938,"12",-1.7
"W",1939,"01",0.7
"W",1939,"02",2.3
"W",1939,"03",2
"W",1939,"04",11.9
"W",1939,"05",12.5
"W",1939,"06",17.6
"W",1939,"07",19.4
"W",1939,"08",19
"W",1939,"09",14.3
"W",1939,"10",7.7
"W",1939,"11",5.2
"W",1939,"12",-1.2
"W",1940,"01",-8.7
"W",1940,"02",-6.2
"W",1940,"03",2.1
"W",1940,"04",9.3
"W",1940,"05",12.4
"W",1940,"06",17.6
"W",1940,"07",18.2
"W",1940,"08",16
"W",1940,"09",14.4
"W",1940,"10",9.1
"W",1940,"11",6.1
"W",1940,"12",-3.3
"W",1941,"01",-4.5
"W",1941,"02",0.3
"W",1941,"03",4.7
"W",1941,"04",7.6
"W",1941,"05",11.3
"W",1941,"06",17.2
"W",1941,"07",18.8
"W",1941,"08",17.4
"W",1941,"09",12.9
"W",1941,"10",8.8
"W",1941,"11",1.2
"W",1941,"12",1.7
"W",1942,"01",-9.3
"W",1942,"02",-4
"W",1942,"03",1.8
"W",1942,"04",7.8
"W",1942,"05",14.4
"W",1942,"06",16.8
"W",1942,"07",18.4
"W",1942,"08",19
"W",1942,"09",18.2
"W",1942,"10",11.9
"W",1942,"11",3.6
"W",1942,"12",1.7
"W",1943,"01",-3.6
"W",1943,"02",3.4
"W",1943,"03",6.2
"W",1943,"04",10.7
"W",1943,"05",13.4
"W",1943,"06",15.9
"W",1943,"07",19.2
"W",1943,"08",20.5
"W",1943,"09",16.3
"W",1943,"10",11.2
"W",1943,"11",3.8
"W",1943,"12",0.5
"W",1944,"01",3.4
"W",1944,"02",-0.9
"W",1944,"03",1.3
"W",1944,"04",9.8
"W",1944,"05",12.8
"W",1944,"06",16.3
"W",1944,"07",18.8
"W",1944,"08",20.7
"W",1944,"09",14.7
"W",1944,"10",10.3
"W",1944,"11",4.3
"W",1944,"12",-0.6
"W",1945,"01",-4.8
"W",1945,"02",2.9
"W",1945,"03",6.5
"W",1945,"04",10.3
"W",1945,"05",15.6
"W",1945,"06",18.8
"W",1945,"07",21
"W",1945,"08",19.1
"W",1945,"09",15.3
"W",1945,"10",9.9
"W",1945,"11",4.3
"W",1945,"12",1.6
"W",1946,"01",-3.4
"W",1946,"02",2.7
"W",1946,"03",5.8
"W",1946,"04",12.4
"W",1946,"05",16.8
"W",1946,"06",18.1
"W",1946,"07",21
"W",1946,"08",19.5
"W",1946,"09",16.2
"W",1946,"10",6.5
"W",1946,"11",3.6
"W",1946,"12",-2
"W",1947,"01",-5.8
"W",1947,"02",-5.1
"W",1947,"03",4.2
"W",1947,"04",11.7
"W",1947,"05",15.8
"W",1947,"06",19.2
"W",1947,"07",21.3
"W",1947,"08",19.6
"W",1947,"09",18.4
"W",1947,"10",7.9
"W",1947,"11",6.8
"W",1947,"12",2.3
"W",1948,"01",2.8
"W",1948,"02",0.6
"W",1948,"03",6.6
"W",1948,"04",11.5
"W",1948,"05",16.4
"W",1948,"06",17
"W",1948,"07",17.9
"W",1948,"08",19
"W",1948,"09",15.7
"W",1948,"10",10
"W",1948,"11",4.2
"W",1948,"12",-1.4
"W",1949,"01",1.3
"W",1949,"02",2.3
"W",1949,"03",2.5
"W",1949,"04",11.6
"W",1949,"05",14.7
"W",1949,"06",16.1
"W",1949,"07",19.4
"W",1949,"08",18.3
"W",1949,"09",16.3
"W",1949,"10",10.6
"W",1949,"11",5.4
"W",1949,"12",3
"W",1950,"01",-2.8
"W",1950,"02",1.8
"W",1950,"03",6.8
"W",1950,"04",9.9
"W",1950,"05",16.2
"W",1950,"06",19.9
"W",1950,"07",21.5
"W",1950,"08",19.7
"W",1950,"09",15.1
"W",1950,"10",7.9
"W",1950,"11",4.7
"W",1950,"12",0.5
"W",1951,"01",1.2
"W",1951,"02",3.1
"W",1951,"03",3.9
"W",1951,"04",9.8
"W",1951,"05",13.6
"W",1951,"06",17.7
"W",1951,"07",19.8
"W",1951,"08",20.2
"W",1951,"09",16.6
"W",1951,"10",8.4
"W",1951,"11",7.2
"W",1951,"12",2.1
"W",1952,"01",0.6
"W",1952,"02",0.8
"W",1952,"03",1.8
"W",1952,"04",12.3
"W",1952,"05",13.4
"W",1952,"06",17.5
"W",1952,"07",21
"W",1952,"08",20.9
"W",1952,"09",12.5
"W",1952,"10",8.6
"W",1952,"11",3.3
"W",1952,"12",-0.9
"W",1953,"01",-0.2
"W",1953,"02",1.1
"W",1953,"03",5.5
"W",1953,"04",10.7
"W",1953,"05",14
"W",1953,"06",18.1
"W",1953,"07",20.7
"W",1953,"08",18.2
"W",1953,"09",16.1
"W",1953,"10",11.3
"W",1953,"11",3.8
"W",1953,"12",1.2
"W",1954,"01",-4.5
"W",1954,"02",-5.5
"W",1954,"03",5.6
"W",1954,"04",7.3
"W",1954,"05",13.6
"W",1954,"06",18.8
"W",1954,"07",17.4
"W",1954,"08",18.8
"W",1954,"09",16.5
"W",1954,"10",9.6
"W",1954,"11",3.4
"W",1954,"12",3.7
"W",1955,"01",-2
"W",1955,"02",-0.3
"W",1955,"03",2.1
"W",1955,"04",7.7
"W",1955,"05",13.1
"W",1955,"06",16.6
"W",1955,"07",19.5
"W",1955,"08",18
"W",1955,"09",14.9
"W",1955,"10",9.5
"W",1955,"11",4.4
"W",1955,"12",3.4
"W",1956,"01",0.4
"W",1956,"02",-8.5
"W",1956,"03",2
"W",1956,"04",8.6
"W",1956,"05",14.2
"W",1956,"06",16.2
"W",1956,"07",19.9
"W",1956,"08",18.4
"W",1956,"09",16.1
"W",1956,"10",9.4
"W",1956,"11",1.9
"W",1956,"12",1.1
"W",1957,"01",-1
"W",1957,"02",3.8
"W",1957,"03",7
"W",1957,"04",9.5
"W",1957,"05",11.9
"W",1957,"06",19.7
"W",1957,"07",20.1
"W",1957,"08",17.5
"W",1957,"09",13.6
"W",1957,"10",9.4
"W",1957,"11",5.7
"W",1957,"12",1.4
"W",1958,"01",-0.2
"W",1958,"02",3
"W",1958,"03",0.4
"W",1958,"04",7.3
"W",1958,"05",17.6
"W",1958,"06",16.8
"W",1958,"07",20
"W",1958,"08",19.1
"W",1958,"09",15.4
"W",1958,"10",10.5
"W",1958,"11",5.6
"W",1958,"12",2.4
"W",1959,"01",0.2
"W",1959,"02",-0.5
"W",1959,"03",7.3
"W",1959,"04",10.6
"W",1959,"05",14.2
"W",1959,"06",17.3
"W",1959,"07",20.2
"W",1959,"08",18.6
"W",1959,"09",13.8
"W",1959,"10",9.2
"W",1959,"11",4.7
"W",1959,"12",3
"W",1960,"01",-1.2
"W",1960,"02",-0.2
"W",1960,"03",5.1
"W",1960,"04",9.7
"W",1960,"05",13.8
"W",1960,"06",17.9
"W",1960,"07",18
"W",1960,"08",18.8
"W",1960,"09",14
"W",1960,"10",10.8
"W",1960,"11",6.8
"W",1960,"12",2.1
"W",1961,"01",-2.3
"W",1961,"02",3.6
"W",1961,"03",8
"W",1961,"04",12.7
"W",1961,"05",12.6
"W",1961,"06",18.8
"W",1961,"07",18.2
"W",1961,"08",19
"W",1961,"09",17.4
"W",1961,"10",11.3
"W",1961,"11",4.3
"W",1961,"12",-1.3
"W",1962,"01",0.7
"W",1962,"02",0.5
"W",1962,"03",1.3
"W",1962,"04",10.8
"W",1962,"05",12.3
"W",1962,"06",15.8
"W",1962,"07",18.1
"W",1962,"08",20.3
"W",1962,"09",14.1
"W",1962,"10",9.7
"W",1962,"11",3.9
"W",1962,"12",-3.6
"W",1963,"01",-6.3
"W",1963,"02",-5
"W",1963,"03",2.7
"W",1963,"04",10.6
"W",1963,"05",14.2
"W",1963,"06",18.3
"W",1963,"07",20.9
"W",1963,"08",19.3
"W",1963,"09",16.2
"W",1963,"10",9.7
"W",1963,"11",7.8
"W",1963,"12",-4.3
"W",1964,"01",-5.1
"W",1964,"02",0.2
"W",1964,"03",0.9
"W",1964,"04",11.1
"W",1964,"05",14.4
"W",1964,"06",19.7
"W",1964,"07",20.3
"W",1964,"08",18
"W",1964,"09",15.4
"W",1964,"10",8.8
"W",1964,"11",6.3
"W",1964,"12",-0.5
"W",1965,"01",0.5
"W",1965,"02",-2.4
"W",1965,"03",3.7
"W",1965,"04",8.6
"W",1965,"05",12.6
"W",1965,"06",17.5
"W",1965,"07",18.4
"W",1965,"08",17
"W",1965,"09",15.2
"W",1965,"10",8.4
"W",1965,"11",2.1
"W",1965,"12",2.7
"W",1966,"01",-3.6
"W",1966,"02",6.4
"W",1966,"03",4.7
"W",1966,"04",11.6
"W",1966,"05",14.5
"W",1966,"06",18.1
"W",1966,"07",18.5
"W",1966,"08",17.8
"W",1966,"09",15.1
"W",1966,"10",13.3
"W",1966,"11",3.5
"W",1966,"12",2.2
"W",1967,"01",-0.4
"W",1967,"02",2.7
"W",1967,"03",6.6
"W",1967,"04",9.3
"W",1967,"05",14.7
"W",1967,"06",17.4
"W",1967,"07",21.4
"W",1967,"08",19
"W",1967,"09",15.9
"W",1967,"10",11.7
"W",1967,"11",4.4
"W",1967,"12",1
"W",1968,"01",-1.4
"W",1968,"02",2
"W",1968,"03",6
"W",1968,"04",11.4
"W",1968,"05",14.6
"W",1968,"06",18.6
"W",1968,"07",19.2
"W",1968,"08",17.8
"W",1968,"09",14.9
"W",1968,"10",10.3
"W",1968,"11",5.4
"W",1968,"12",-2.1
"W",1969,"01",-1.8
"W",1969,"02",-0.7
"W",1969,"03",2.3
"W",1969,"04",9.8
"W",1969,"05",17
"W",1969,"06",16.8
"W",1969,"07",20.1
"W",1969,"08",17.7
"W",1969,"09",15.6
"W",1969,"10",11.2
"W",1969,"11",6.6
"W",1969,"12",-3.6
"W",1970,"01",-2.1
"W",1970,"02",0
"W",1970,"03",3.3
"W",1970,"04",8.7
"W",1970,"05",12.6
"W",1970,"06",18.7
"W",1970,"07",19.2
"W",1970,"08",18.9
"W",1970,"09",14.7
"W",1970,"10",9.2
"W",1970,"11",7.1
"W",1970,"12",0.7
"W",1971,"01",-2.3
"W",1971,"02",2.3
"W",1971,"03",2.1
"W",1971,"04",10.4
"W",1971,"05",15.5
"W",1971,"06",16.5
"W",1971,"07",20
"W",1971,"08",20.9
"W",1971,"09",13.5
"W",1971,"10",9.3
"W",1971,"11",4.7
"W",1971,"12",3.8
"W",1972,"01",-2.2
"W",1972,"02",2.6
"W",1972,"03",7.1
"W",1972,"04",9.3
"W",1972,"05",14
"W",1972,"06",18.2
"W",1972,"07",19.9
"W",1972,"08",18.4
"W",1972,"09",12.7
"W",1972,"10",7.5
"W",1972,"11",5.1
"W",1972,"12",0.2
"W",1973,"01",-0.4
"W",1973,"02",1.9
"W",1973,"03",5.2
"W",1973,"04",7.8
"W",1973,"05",15.2
"W",1973,"06",17.7
"W",1973,"07",19.6
"W",1973,"08",19.9
"W",1973,"09",16.1
"W",1973,"10",8.3
"W",1973,"11",3.4
"W",1973,"12",0.8
"W",1974,"01",2.1
"W",1974,"02",4.5
"W",1974,"03",7.8
"W",1974,"04",9.4
"W",1974,"05",13.4
"W",1974,"06",15.8
"W",1974,"07",18.6
"W",1974,"08",20.8
"W",1974,"09",15.2
"W",1974,"10",6.6
"W",1974,"11",4.3
"W",1974,"12",4.7
"W",1975,"01",3.3
"W",1975,"02",1.1
"W",1975,"03",5.7
"W",1975,"04",9.1
"W",1975,"05",15.6
"W",1975,"06",16.8
"W",1975,"07",19.9
"W",1975,"08",19.3
"W",1975,"09",17.5
"W",1975,"10",9.3
"W",1975,"11",3.1
"W",1975,"12",0.9
"W",1976,"01",1.8
"W",1976,"02",0.2
"W",1976,"03",2.4
"W",1976,"04",9.9
"W",1976,"05",14.5
"W",1976,"06",18.5
"W",1976,"07",20.7
"W",1976,"08",16.7
"W",1976,"09",13.7
"W",1976,"10",10.6
"W",1976,"11",6.3
"W",1976,"12",0.2
"W",1977,"01",0
"W",1977,"02",3.4
"W",1977,"03",8.5
"W",1977,"04",8.4
"W",1977,"05",14.6
"W",1977,"06",18.8
"W",1977,"07",19.5
"W",1977,"08",18.2
"W",1977,"09",13.5
"W",1977,"10",10.9
"W",1977,"11",6.2
"W",1977,"12",0
"W",1978,"01",0.7
"W",1978,"02",-0.9
"W",1978,"03",6.4
"W",1978,"04",8.4
"W",1978,"05",13
"W",1978,"06",17
"W",1978,"07",17.9
"W",1978,"08",17.8
"W",1978,"09",14.8
"W",1978,"10",10.3
"W",1978,"11",2.4
"W",1978,"12",0.8
"W",1979,"01",-3.5
"W",1979,"02",0.9
"W",1979,"03",6.1
"W",1979,"04",8.1
"W",1979,"05",15.1
"W",1979,"06",19.6
"W",1979,"07",17.5
"W",1979,"08",18.2
"W",1979,"09",15
"W",1979,"10",8.3
"W",1979,"11",4.8
"W",1979,"12",4.6
"W",1980,"01",-3.2
"W",1980,"02",2.5
"W",1980,"03",4.1
"W",1980,"04",6.9
"W",1980,"05",12.1
"W",1980,"06",17.1
"W",1980,"07",18.2
"W",1980,"08",19.2
"W",1980,"09",14.6
"W",1980,"10",9.4
"W",1980,"11",3.2
"W",1980,"12",1
"W",1981,"01",-1.2
"W",1981,"02",1.5
"W",1981,"03",8.4
"W",1981,"04",9.6
"W",1981,"05",14.8
"W",1981,"06",18.7
"W",1981,"07",19
"W",1981,"08",19.5
"W",1981,"09",15.5
"W",1981,"10",10.4
"W",1981,"11",5.5
"W",1981,"12",-0.4
"W",1982,"01",-3.5
"W",1982,"02",-1.1
"W",1982,"03",5.8
"W",1982,"04",7.8
"W",1982,"05",15
"W",1982,"06",18.6
"W",1982,"07",20.5
"W",1982,"08",19.8
"W",1982,"09",17.9
"W",1982,"10",10.6
"W",1982,"11",5.2
"W",1982,"12",2.8
"W",1983,"01",5
"W",1983,"02",-1.1
"W",1983,"03",6.4
"W",1983,"04",11.6
"W",1983,"05",15.5
"W",1983,"06",18
"W",1983,"07",23
"W",1983,"08",20.3
"W",1983,"09",15.7
"W",1983,"10",10.5
"W",1983,"11",2.7
"W",1983,"12",0.8
"W",1984,"01",1.1
"W",1984,"02",0.4
"W",1984,"03",3.9
"W",1984,"04",8.7
"W",1984,"05",13.3
"W",1984,"06",16.8
"W",1984,"07",18.1
"W",1984,"08",18.7
"W",1984,"09",14.6
"W",1984,"10",10.9
"W",1984,"11",5.4
"W",1984,"12",0.5
"W",1985,"01",-5.9
"W",1985,"02",-2.7
"W",1985,"03",3.7
"W",1985,"04",9.9
"W",1985,"05",15.7
"W",1985,"06",15.9
"W",1985,"07",20.5
"W",1985,"08",19.3
"W",1985,"09",15.7
"W",1985,"10",9.6
"W",1985,"11",2.1
"W",1985,"12",3.5
"W",1986,"01",0.6
"W",1986,"02",-5.1
"W",1986,"03",3.6
"W",1986,"04",11.1
"W",1986,"05",16.8
"W",1986,"06",17.8
"W",1986,"07",19.3
"W",1986,"08",19.8
"W",1986,"09",14.8
"W",1986,"10",10.3
"W",1986,"11",5.1
"W",1986,"12",0.5
"W",1987,"01",-4.6
"W",1987,"02",0.2
"W",1987,"03",-0.1
"W",1987,"04",10.4
"W",1987,"05",12.8
"W",1987,"06",17.5
"W",1987,"07",20.6
"W",1987,"08",17.9
"W",1987,"09",17.7
"W",1987,"10",10.7
"W",1987,"11",5.4
"W",1987,"12",2.7
"W",1988,"01",2.7
"W",1988,"02",3.1
"W",1988,"03",3.7
"W",1988,"04",9.9
"W",1988,"05",15.9
"W",1988,"06",17.5
"W",1988,"07",21
"W",1988,"08",20
"W",1988,"09",15.3
"W",1988,"10",10.5
"W",1988,"11",1.7
"W",1988,"12",3.4
"W",1989,"01",1.2
"W",1989,"02",4.8
"W",1989,"03",8.5
"W",1989,"04",10.6
"W",1989,"05",14.6
"W",1989,"06",16.4
"W",1989,"07",20.4
"W",1989,"08",19.4
"W",1989,"09",15.6
"W",1989,"10",10.8
"W",1989,"11",3.3
"W",1989,"12",1.9
"W",1990,"01",0.4
"W",1990,"02",5.6
"W",1990,"03",9.1
"W",1990,"04",8.9
"W",1990,"05",15.8
"W",1990,"06",17.9
"W",1990,"07",19.5
"W",1990,"08",20.8
"W",1990,"09",13.6
"W",1990,"10",10.5
"W",1990,"11",5.9
"W",1990,"12",0.6
"W",1991,"01",1
"W",1991,"02",-2.3
"W",1991,"03",6.9
"W",1991,"04",8.9
"W",1991,"05",11.6
"W",1991,"06",17.5
"W",1991,"07",21.5
"W",1991,"08",20
"W",1991,"09",16.7
"W",1991,"10",9.1
"W",1991,"11",4.8
"W",1991,"12",-0.4
"W",1992,"01",2.2
"W",1992,"02",3.8
"W",1992,"03",5.9
"W",1992,"04",10.1
"W",1992,"05",15.4
"W",1992,"06",18.9
"W",1992,"07",21.4
"W",1992,"08",24.2
"W",1992,"09",16
"W",1992,"10",8.8
"W",1992,"11",5.6
"W",1992,"12",0.4
"W",1993,"01",1.8
"W",1993,"02",-1
"W",1993,"03",4.4
"W",1993,"04",10.8
"W",1993,"05",17.3
"W",1993,"06",18.5
"W",1993,"07",19.1
"W",1993,"08",19.8
"W",1993,"09",14.9
"W",1993,"10",10.4
"W",1993,"11",1.6
"W",1993,"12",2.9
"W",1994,"01",4.1
"W",1994,"02",1.3
"W",1994,"03",8.4
"W",1994,"04",10.1
"W",1994,"05",15
"W",1994,"06",19
"W",1994,"07",23.1
"W",1994,"08",21.5
"W",1994,"09",17.2
"W",1994,"10",8.2
"W",1994,"11",7.2
"W",1994,"12",2.4
"W",1995,"01",0.2
"W",1995,"02",5.7
"W",1995,"03",4.6
"W",1995,"04",10.7
"W",1995,"05",14.8
"W",1995,"06",17.1
"W",1995,"07",22.7
"W",1995,"08",19.5
"W",1995,"09",14.3
"W",1995,"10",11.6
"W",1995,"11",2.5
"W",1995,"12",-0.3
"W",1996,"01",-2.9
"W",1996,"02",-2.7
"W",1996,"03",1.7
"W",1996,"04",9.8
"W",1996,"05",15.6
"W",1996,"06",19.1
"W",1996,"07",18.6
"W",1996,"08",19
"W",1996,"09",12.4
"W",1996,"10",11
"W",1996,"11",6.9
"W",1996,"12",-2.6
"W",1997,"01",-2.6
"W",1997,"02",3.8
"W",1997,"03",5.9
"W",1997,"04",7.6
"W",1997,"05",15.8
"W",1997,"06",18.6
"W",1997,"07",19.1
"W",1997,"08",20.2
"W",1997,"09",15.6
"W",1997,"10",8.1
"W",1997,"11",5.2
"W",1997,"12",2.6
"W",1998,"01",2.2
"W",1998,"02",5.7
"W",1998,"03",5.1
"W",1998,"04",11.6
"W",1998,"05",15.5
"W",1998,"06",19.6
"W",1998,"07",20.3
"W",1998,"08",20.5
"W",1998,"09",14.6
"W",1998,"10",10.7
"W",1998,"11",2.5
"W",1998,"12",-0.6
"W",1999,"01",0.7
"W",1999,"02",1
"W",1999,"03",7.1
"W",1999,"04",11.4
"W",1999,"05",15.8
"W",1999,"06",18.1
"W",1999,"07",21
"W",1999,"08",19.4
"W",1999,"09",17.8
"W",1999,"10",10.8
"W",1999,"11",3.5
"W",1999,"12",1.5
"W",2000,"01",-0.8
"W",2000,"02",5
"W",2000,"03",6.4
"W",2000,"04",13.5
"W",2000,"05",17.2
"W",2000,"06",20.2
"W",2000,"07",18.8
"W",2000,"08",21.5
"W",2000,"09",15.2
"W",2000,"10",12.8
"W",2000,"11",7.5
"W",2000,"12",2.4
"W",2001,"01",0.4
"W",2001,"02",3.1
"W",2001,"03",7
"W",2001,"04",9.6
"W",2001,"05",17.1
"W",2001,"06",17.2
"W",2001,"07",20.9
"W",2001,"08",21.5
"W",2001,"09",13.6
"W",2001,"10",13.2
"W",2001,"11",4.1
"W",2001,"12",-1.7
"W",2002,"01",1.2
"W",2002,"02",6
"W",2002,"03",7.2
"W",2002,"04",10.1
"W",2002,"05",17.5
"W",2002,"06",20.4
"W",2002,"07",21.6
"W",2002,"08",20.6
"W",2002,"09",14.6
"W",2002,"10",9.2
"W",2002,"11",7.4
"W",2002,"12",-0.5
"W",2003,"01",-0.5
"W",2003,"02",-1.7
"W",2003,"03",6.3
"W",2003,"04",9.9
"W",2003,"05",17.7
"W",2003,"06",22.4
"W",2003,"07",21.6
"W",2003,"08",23.6
"W",2003,"09",15.9
"W",2003,"10",7.8
"W",2003,"11",6.6
"W",2003,"12",1.1
"W",2004,"01",-1.4
"W",2004,"02",3.1
"W",2004,"03",4.4
"W",2004,"04",11.3
"W",2004,"05",14
"W",2004,"06",17.9
"W",2004,"07",20.1
"W",2004,"08",20.8
"W",2004,"09",15.6
"W",2004,"10",11.4
"W",2004,"11",6.1
"W",2004,"12",1.2
"W",2005,"01",1.7
"W",2005,"02",-1
"W",2005,"03",3.9
"W",2005,"04",11.1
"W",2005,"05",15.7
"W",2005,"06",18.9
"W",2005,"07",20.6
"W",2005,"08",18.7
"W",2005,"09",16.6
"W",2005,"10",10.8
"W",2005,"11",4
"W",2005,"12",0.4
"W",2006,"01",-3.6
"W",2006,"02",-0.6
"W",2006,"03",3.4
"W",2006,"04",11.4
"W",2006,"05",14.8
"W",2006,"06",19.2
"W",2006,"07",23.6
"W",2006,"08",17.6
"W",2006,"09",17.6
"W",2006,"10",12.4
"W",2006,"11",7.8
"W",2006,"12",3.3
"W",2007,"01",5.8
"W",2007,"02",5.2
"W",2007,"03",7.6
"W",2007,"04",13.1
"W",2007,"05",16.6
"W",2007,"06",20.9
"W",2007,"07",21.9
"W",2007,"08",20.7
"W",2007,"09",13.8
"W",2007,"10",9.3
"W",2007,"11",3.7
"W",2007,"12",0.9
"W",2008,"01",3.2
"W",2008,"02",4.5
"W",2008,"03",6.3
"W",2008,"04",10.9
"W",2008,"05",16.2
"W",2008,"06",20.3
"W",2008,"07",20.6
"W",2008,"08",20.4
"W",2008,"09",14.7
"W",2008,"10",10.8
"W",2008,"11",7.1
"W",2008,"12",2.7
"W",2009,"01",-1.8
"W",2009,"02",1.2
"W",2009,"03",5.8
"W",2009,"04",14.3
"W",2009,"05",16.3
"W",2009,"06",18
"W",2009,"07",21.3
"W",2009,"08",21.4
"W",2009,"09",17.4
"W",2009,"10",10
"W",2009,"11",7
"W",2009,"12",1.5
"W",2010,"01",-1.9
"W",2010,"02",0.9
"W",2010,"03",5.8
"W",2010,"04",10.7
"W",2010,"05",14.7
"W",2010,"06",19.1
"W",2010,"07",22.4
"W",2010,"08",19.7
"W",2010,"09",14.3
"W",2010,"10",7.9
"W",2010,"11",7.5
"W",2010,"12",-2.1
"W",2011,"01",1.1
"W",2011,"02",0.8
"W",2011,"03",6.3
"W",2011,"04",12.9
"W",2011,"05",16
"W",2011,"06",19.6
"W",2011,"07",19.5
"W",2011,"08",21.3
"W",2011,"09",17.8
"W",2011,"10",10.1
"W",2011,"11",3.6
"W",2011,"12",3.9
"W",2012,"01",2.6
"W",2012,"02",-2.1
"W",2012,"03",8.5
"W",2012,"04",11
"W",2012,"05",16.9
"W",2012,"06",20.5
"W",2012,"07",21.6
"W",2012,"08",21.8
"W",2012,"09",16.7
"W",2012,"10",10.2
"W",2012,"11",6.9
"W",2012,"12",0.8
"W",2013,"01",0.8
"W",2013,"02",1.4
"W",2013,"03",3
"W",2013,"04",11.5
"W",2013,"05",14.9
"W",2013,"06",18.6
"W",2013,"07",22.8
"W",2013,"08",21.4
"W",2013,"09",15.2
"W",2013,"10",11.2
"W",2013,"11",6.4
"W",2013,"12",3.1
"W",2014,"01",2.4
"W",2014,"02",4.3
"W",2014,"03",9.1
"W",2014,"04",12.4
"W",2014,"05",14.7
"W",2014,"06",19.4
"W",2014,"07",21.8
"W",2014,"08",19.1
"W",2014,"09",16.1
"W",2014,"10",12.5
"W",2014,"11",8.1
"W",2014,"12",3.9
"W",2015,"01",3.2
"W",2015,"02",2.3
"W",2015,"03",6.6
"W",2015,"04",11
"W",2015,"05",15.4
"W",2015,"06",19.8
"W",2015,"07",23.8
"W",2015,"08",23.6
"W",2015,"09",16.2
"W",2015,"10",10.1
"W",2015,"11",8.5
"W",2015,"12",4.2
"W",2016,"01",0.9
"W",2016,"02",6.4
"W",2016,"03",6.5
"W",2016,"04",11.1
"W",2016,"05",15.6
"W",2016,"06",20.1
"W",2016,"07",22.1
"W",2016,"08",20.3
"W",2016,"09",18.6
"W",2016,"10",9.9
"W",2016,"11",4.9
"W",2016,"12",1.5
"W",2017,"01",-3.5
"W",2017,"02",3.1
"W",2017,"03",9.2
"W",2017,"04",10
"W",2017,"05",16.7
"W",2017,"06",21.8
"W",2017,"07",22.1
"W",2017,"08",22.6
"W",2017,"09",14.8
"W",2017,"10",12.2
"W",2017,"11",6.1
"W",2017,"12",2.9
"W",2018,"01",4.2
"W",2018,"02",-0.7
"W",2018,"03",3.5
"W",2018,"04",15.7
"W",2018,"05",18.6
"W",2018,"06",21
"W",2018,"07",22.5
"W",2018,"08",23.4
"W",2018,"09",17.6
"W",2018,"10",13.1
"W",2018,"11",6.6
"W",2018,"12",3.2
"W",2019,"01",1
"W",2019,"02",4.7
"W",2019,"03",8.6
"W",2019,"04",12
"W",2019,"05",13.2
"W",2019,"06",23.5
"W",2019,"07",22.3
"W",2019,"08",22.5
"W",2019,"09",16.8
"W",2019,"10",12
"W",2019,"11",7.6
"W",2019,"12",3.6
"W",2020,"01",1.6
"W",2020,"02",6.6
"W",2020,"03",7.1
"W",2020,"04",12.3
"W",2020,"05",14.4
"W",2020,"06",18.9
"W",2020,"07",21.3
"W",2020,"08",21.9
"W",2020,"09",17
"W",2020,"10",11.2
"W",2020,"11",5.9
"W",2020,"12",3.2
"W",2021,"01",1.5
"W",2021,"02",2.5
"W",2021,"03",5.6
"W",2021,"04",8.7
"W",2021,"05",13.6
"W",2021,"06",22
"W",2021,"07",22.6
"W",2021,"08",19.6
"W",2021,"09",17.1
"W",2021,"10",10.3
"W",2021,"11",5.8
"W",2021,"12",2.9
"W",2022,"01",3.2
"W",2022,"02",6
"W",2022,"03",6
"W",2022,"04",9.6
"W",2022,"05",17.5
"W",2022,"06",21.8
"W",2022,"07",22.6
"W",2022,"08",22.4
"W",2022,"09",15.2
"W",2022,"10",12.9
"W",2022,"11",6.6
"W",2022,"12",2.2
"W",2023,"01",4.2
"W",2023,"02",4.2
"W",2023,"03",7.7
"W",2023,"04",8.9
"W",2023,"05",15.3
"W",2023,"06",19.9
"W",2023,"07",23.2
"W",2023,"08",21.5
"W",2023,"09",19.5
"W",2023,"10",14.2
"W",2023,"11",6.8
"W",2023,"12",4.2
"W",2024,"01",2.1
"W",2024,"02",8.6
"W",2024,"03",9.6
"W",2024,"04",12.9
"W",2024,"05",17
"W",2024,"06",21
"W",2024,"07",23.9
"W",2024,"08",24.2
"W",2024,"09",17.2
"W",2024,"10",12
"W",2024,"11",4.7
"W",2024,"12",3
"W",2025,"01",1.9
"W",2025,"02",1.8
"W",2025,"03",7.8
"W",2025,"04",12.8
"W",2025,"05",14.4
"W",2025,"06",21.9
"W",2025,"07",21.1
"W",2025,"08",21.2
"W",2025,"09",17.2
"W",2025,"10",10.6
"W",2025,"11",4.9
"W",2025,"12",2.5
